State,jh_beta_7_ARIMA,jh_beta_7_OLS,jh_beta_7_DT,jh_beta_7_RF,jh_beta_7_Bagged_DT,jh_beta_7_Bagged_RT,jh_gamma_7_ARIMA,jh_gamma_7_OLS,jh_gamma_7_DT,jh_gamma_7_RF,jh_gamma_7_Bagged_DT,jh_gamma_7_Bagged_RT,jh_beta_14_ARIMA,jh_beta_14_OLS,jh_beta_14_DT,jh_beta_14_RF,jh_beta_14_Bagged_DT,jh_beta_14_Bagged_RT,jh_gamma_14_ARIMA,jh_gamma_14_OLS,jh_gamma_14_DT,jh_gamma_14_RF,jh_gamma_14_Bagged_DT,jh_gamma_14_Bagged_RT,jh_beta_30_ARIMA,jh_beta_30_OLS,jh_beta_30_DT,jh_beta_30_RF,jh_beta_30_Bagged_DT,jh_beta_30_Bagged_RT,jh_gamma_30_ARIMA,jh_gamma_30_OLS,jh_gamma_30_DT,jh_gamma_30_RF,jh_gamma_30_Bagged_DT,jh_gamma_30_Bagged_RT,cdc_beta_7_ARIMA,cdc_beta_7_OLS,cdc_beta_7_DT,cdc_beta_7_RF,cdc_beta_7_Bagged_DT,cdc_beta_7_Bagged_RT,cdc_gamma_7_ARIMA,cdc_gamma_7_OLS,cdc_gamma_7_DT,cdc_gamma_7_RF,cdc_gamma_7_Bagged_DT,cdc_gamma_7_Bagged_RT,cdc_beta_14_ARIMA,cdc_beta_14_OLS,cdc_beta_14_DT,cdc_beta_14_RF,cdc_beta_14_Bagged_DT,cdc_beta_14_Bagged_RT,cdc_gamma_14_ARIMA,cdc_gamma_14_OLS,cdc_gamma_14_DT,cdc_gamma_14_RF,cdc_gamma_14_Bagged_DT,cdc_gamma_14_Bagged_RT,cdc_beta_30_ARIMA,cdc_beta_30_OLS,cdc_beta_30_DT,cdc_beta_30_RF,cdc_beta_30_Bagged_DT,cdc_beta_30_Bagged_RT,cdc_gamma_30_ARIMA,cdc_gamma_30_OLS,cdc_gamma_30_DT,cdc_gamma_30_RF,cdc_gamma_30_Bagged_DT,cdc_gamma_30_Bagged_RT,jh_beta_7_ensemble,jh_gamma_7_ensemble,jh_beta_14_ensemble,jh_gamma_14_ensemble,jh_beta_30_ensemble,jh_gamma_30_ensemble,cdc_beta_7_ensemble,cdc_gamma_7_ensemble,cdc_beta_14_ensemble,cdc_gamma_14_ensemble,cdc_beta_30_ensemble,cdc_gamma_30_ensemble,State Mean
Alabama,3.3782402930770068e-06,6.140570848105504e-08,2.6474136640759985e-09,1.5462544154677866e-09,1.681983307534106e-09,9.301076994175711e-10,2.4704261775498955e-05,6.71722726071092e-05,2.0092894114491548e-20,1.903044200096462e-20,3.2246937918857884e-06,3.858186184029302e-07,1.0051552720906435e-08,5.768276943452143e-08,2.1784525996671616e-09,3.3399353436656292e-09,1.6923315071794965e-09,9.361324892715023e-10,2.5770575718670005e-05,1.3620404153088456e-05,3.778536284755071e-06,3.101044166654954e-06,3.343560581006317e-06,3.5018732628352013e-06,2.4091201364558812e-09,3.3757416621732695e-09,4.456952735645402e-09,4.456952735645402e-09,4.420028878382026e-09,4.4960614025298086e-09,2.4522309436778243e-05,3.1796738618710016e-05,7.132747871914193e-06,7.687532478781069e-06,7.585452757868988e-06,7.638279678983232e-06,2.1657396999242368e-09,2.824071886615192e-08,2.490908331524361e-09,2.490908331524361e-09,2.4693199970313934e-09,2.4106928300434854e-09,1.0063030226112403e-05,7.081204677013267e-05,6.372152301820207e-06,6.372152301820208e-06,6.3721523018202085e-06,6.3721523018202085e-06,8.91848311788511e-09,2.465798599498877e-08,4.981547568117587e-09,4.981547568117587e-09,4.9593011094166365e-09,4.936137887742904e-09,3.466084680090428e-05,2.898267502973219e-05,1.623498686538586e-05,1.623498686538586e-05,1.6234986865385862e-05,1.6234986865385862e-05,2.6804946841605887e-10,1.4810536797814773e-09,1.6741185852356065e-09,1.6741185852356065e-09,1.6527979272329355e-09,1.676014949588448e-09,3.565396709094715e-06,1.1536608217350002e-05,2.401104566918022e-05,2.4011045669180224e-05,2.4007511307130027e-05,2.4011045669180227e-05,1.2048399993407922e-09,4.2595763660900745e-20,1.103648063361277e-09,1.8134663108634942e-06,4.555559963183797e-09,5.430634479654213e-06,3.1903339007892876e-09,4.0504497769602604e-06,4.426247648275646e-09,1.0530477290006818e-05,1.2224894314146624e-09,5.848306075734814e-06,7.2903931527235544e-06
Alaska,2.2785797872487792e-11,5.741534026077006e-11,2.1910763861867795e-11,2.1910763861867795e-11,2.232708958438554e-11,2.25361967675749e-11,1.368114232232764e-07,2.1669799347597653e-06,1.5909213401814173e-20,1.413760272078078e-20,8.267817909675418e-07,7.551614441876161e-21,5.007246374699514e-06,3.2950770651344046e-10,2.920644636757399e-10,2.920644636757399e-10,2.933595049238242e-10,2.9453393473553187e-10,6.236691971530071e-06,6.7684909064735426e-06,1.370873783927205e-20,1.3380664672058847e-20,8.244216954893514e-07,1.0838097887119122e-06,5.031618608406526e-06,1.91565023655939e-10,3.460983814711448e-10,3.460983814711448e-10,3.4626858358469835e-10,3.4414708928211405e-10,4.068913005516748e-06,2.0701884732616185e-06,1.7781629097447408e-06,1.7781629097447408e-06,1.7781629097447436e-06,1.7781629097447442e-06,4.807691120614972e-06,8.823144875452279e-12,1.2942437220798219e-12,1.2942437220798219e-12,1.3625901476015747e-12,1.3833764398273192e-12,2.1569724281925786e-06,3.8303916821493e-07,1.1803687475613389e-20,1.3391038622193485e-20,1.0679595561513797e-20,1.047390492713202e-20,3.8372452044589707e-11,5.826801254963753e-11,3.563892169729611e-11,3.563892169729611e-11,3.637558579035043e-11,3.608831660705461e-11,7.354801428764788e-07,1.2201395525488906e-06,1.4598294205328872e-20,1.3415213308630744e-20,6.796725416992327e-21,7.27691775814745e-21,4.745851529923518e-06,1.9164225673501977e-10,1.9189648317492233e-10,1.9189648317492233e-10,1.9167285362780815e-10,1.9198712697862876e-10,4.6453301603238e-06,1.4014129536548235e-06,1.6449075734434346e-06,1.6449075734434353e-06,1.6449075734434367e-06,1.6395405656561969e-06,2.7853085809274495e-11,1.4002720820815898e-20,2.781962773663381e-10,4.2020281420123516e-20,3.335435860678095e-10,1.1178182568169883e-06,1.5387343892393013e-12,1.4140876450758843e-20,3.81174721937243e-11,1.3470306818926993e-20,3.743856013522667e-11,1.7143476217087625e-07,8.24990641542352e-07
Arizona,5.227591445680721e-06,1.4782640890054007e-08,7.949011077504433e-10,1.7924045946706442e-09,5.5988172006829615e-09,1.767564300072693e-09,5.8701738096824266e-05,3.608810160459429e-05,1.986118786468653e-20,1.976306117448551e-20,1.2905208750398307e-20,1.2585615426014544e-20,6.527458854367644e-09,3.389143769770079e-08,2.8427740383980577e-10,9.031870880492951e-10,5.01226469896822e-10,2.9513283028295423e-10,2.1422108115875603e-05,7.960494219219748e-06,2.2701592302706774e-06,2.2701592302706787e-06,2.2701592302706812e-06,2.2701592302706817e-06,1.1392878329651593e-09,9.639192283990616e-10,3.804390309368644e-09,3.804390309368644e-09,3.864281370716563e-09,3.7923411381291175e-09,1.2982701527012268e-05,8.295236394833536e-06,1.6809037517545823e-06,1.680903751754582e-06,1.6809037517545863e-06,1.6809037517545863e-06,3.560339053049337e-06,1.4758419459947501e-08,7.955852819059449e-10,1.7368496788659435e-09,1.3595669101961942e-09,1.8458255432077442e-09,4.5384090445929776e-05,3.6190943192811516e-05,1.986118786468653e-20,1.9875166415060765e-20,1.285849616115288e-20,3.930424377517635e-07,6.56338660310518e-09,3.38970199013708e-08,2.690504222186035e-10,1.0981467348494246e-09,4.6316194978274136e-10,2.6430561441326233e-10,2.1397555400155095e-05,7.97788019161678e-06,2.2701592302706774e-06,2.2701592302706787e-06,2.270159230270681e-06,2.168778940793283e-06,1.1377298301603494e-09,9.638742172964661e-10,3.801309003396415e-09,3.801309003396415e-09,3.825266771508119e-09,3.8241462183969455e-09,1.2994513670800398e-05,8.306495707916543e-06,1.6809037517545823e-06,1.6809037517545823e-06,1.6809037517545863e-06,1.6809037517545863e-06,1.7974032531083884e-09,2.3554375331408476e-20,2.0691274250590145e-10,8.981035127725409e-07,1.7662246845454399e-09,5.401221467809303e-07,1.480193354496479e-09,3.470735193346866e-20,1.9315945131931747e-10,1.0585793177152939e-06,1.7902818435280945e-09,5.682660406082542e-07,3.828894915187778e-06
Arkansas,1.409263323974721e-10,2.2265704282075104e-10,2.553527454561131e-10,2.553527454561131e-10,2.578465478787547e-10,2.576188554355582e-10,5.242856534033874e-06,8.66572602189808e-06,1.1374528269027826e-05,1.1374528269027826e-05,1.137452826902783e-05,1.137452826902783e-05,5.010220786206149e-06,7.123179863729765e-09,3.1473775005324743e-09,3.1473775005324743e-09,3.143506060305722e-09,3.16308802403295e-09,2.7889753480194707e-05,2.6993860965920445e-05,2.015679857596566e-05,1.9527895629141304e-05,1.9547148273335156e-05,1.9547210141988965e-05,2.301651741542917e-09,3.3058755762667882e-09,1.1332385960028621e-09,1.1332385960028621e-09,1.1145855561440434e-09,1.1217144260940915e-09,2.1127801556043144e-05,3.146768680889655e-05,2.1525307797887446e-05,2.122043396863171e-05,2.141836017173333e-05,2.133061279283254e-05,1.405029888334604e-10,2.2195193998331908e-10,2.5535854284006486e-10,2.5535854284006486e-10,2.566648842811143e-10,2.5552834641946754e-10,5.283363669257374e-06,8.718702108010654e-06,1.1374528269027826e-05,1.0840983637873016e-05,1.1134159519962258e-05,1.0465842385783764e-05,3.3367244691081507e-09,7.167137419833029e-09,3.147781829344128e-09,3.147781829344128e-09,3.1439373728839556e-09,3.2016664091675574e-09,1.8421921168424836e-05,2.7336247214563413e-05,2.0088807542921965e-05,1.9085686483492716e-05,1.8793416965954953e-05,1.9499323232319793e-05,2.3098317130271027e-09,3.306211395679545e-09,1.134396646128093e-09,1.134396646128093e-09,1.1584700676419613e-09,1.1148327303221657e-09,2.108961665742987e-05,3.137900819827786e-05,2.155012567997316e-05,2.1065848859311414e-05,2.123317531975298e-05,2.0995218855521665e-05,2.1178312400241864e-10,4.001293764803436e-06,2.822251448948882e-09,6.263174678877704e-06,2.0595663634452156e-09,8.4622506980292e-06,2.1356501785666263e-10,3.882143984479401e-06,2.295337550976669e-09,5.656597757039306e-06,2.0800406354252587e-09,8.775507735465476e-06,8.233837221821427e-06
California,4.918732381738099e-06,8.834867788903832e-11,3.138086025352815e-10,3.138086025352815e-10,3.149011251924245e-10,3.153362303246796e-10,8.568648256328002e-06,4.832294282392949e-06,2.0278635516252197e-20,1.9709118107401538e-20,1.3199554144219757e-20,2.9437893595479853e-07,4.55327626999108e-10,2.8588595823861734e-08,6.503198020413685e-10,6.503198020413685e-10,7.3302936773874e-10,6.966310703063247e-10,4.60534842803072e-05,8.396532409246885e-06,1.808511484502782e-20,1.7030588274004386e-20,1.5595133833108063e-06,2.661435123759099e-07,2.028488700020534e-09,2.6214448170631796e-09,3.6909247009526475e-09,3.6909247009526475e-09,3.6771662388940027e-09,3.6513336786773422e-09,1.774816631812565e-05,1.8063957629529802e-05,1.6937926360352515e-20,1.681725306846554e-20,1.0340473938493397e-20,1.0003737776591857e-20,9.18436306402041e-11,3.965982044829576e-10,3.0325994817935415e-10,3.0325994817935415e-10,3.0558527943458833e-10,3.0283380293500044e-10,3.642550318189252e-06,1.2032793914942992e-05,2.0444586424426816e-20,1.948710298381197e-20,1.2865693752626763e-20,1.263333704990526e-20,2.541522542135597e-09,3.682557518660857e-08,2.854132518363829e-09,2.854132518363829e-09,2.8449127728287922e-09,2.7385207375322652e-09,1.737343926796506e-05,2.8645535632718475e-05,1.8417351837671463e-20,1.682000525784138e-20,1.266450535057284e-06,9.863948821484818e-21,8.416222298460736e-10,4.287982613441911e-09,3.966636909728771e-09,3.966636909728771e-09,4.000060598179847e-09,3.966651450243817e-09,1.138373533253642e-05,3.515335326086564e-05,1.746799479257209e-20,1.646117429982056e-20,1.03538944164819e-20,3.764687459686953e-08,1.4552750265174106e-10,2.963405021273317e-20,6.104158078969898e-10,4.7363532135081843e-20,2.5642486674630865e-09,1.5118545010681426e-20,1.9069750941151041e-10,1.8432425378733216e-20,2.7790973818495063e-09,2.2679348301235404e-20,2.03133667653832e-09,2.1490979220009902e-20,2.623470837227348e-06
Colorado,5.015438462692439e-06,1.1084809314696629e-11,1.7028574003384127e-11,1.7028574003384127e-11,1.6813089099333074e-11,1.6827996302861982e-11,2.167453434983672e-06,3.8476370585231373e-07,2.2540134521091192e-20,2.2092107766107883e-20,1.746799479257209e-20,1.6268837825401376e-20,2.0892477629235373e-10,1.6002663231428237e-10,3.465309490970474e-10,3.465309490970474e-10,3.4944846049144685e-10,3.477782749855861e-10,4.143208113197427e-06,3.0451428765727696e-06,1.7628896292116592e-20,1.451561968967881e-20,2.913366270525684e-06,3.1340475897840346e-07,5.519857089761403e-10,3.450499543662862e-10,7.341465038936885e-10,7.341465038936885e-10,7.274625253346708e-10,7.366272405530893e-10,5.0956434608458205e-06,3.1717289624300177e-06,1.1732888311579074e-20,1.0765931611219938e-20,2.600077172596021e-07,8.439442771163015e-08,5.00674918829121e-06,1.0432631540611983e-11,1.918930784881573e-11,1.918930784881573e-11,1.965232094380024e-11,1.8980626087019954e-11,4.428709707481812e-06,3.647376460125641e-07,2.1930181610385268e-20,2.2087916908104494e-20,1.7068596967197607e-20,1.6056912916851745e-20,1.9218839922030066e-10,1.6700268544716597e-10,3.5492298101409943e-10,3.5492298101409943e-10,3.568714400268079e-10,3.5725528648087276e-10,3.843886804809605e-06,3.1173179223403122e-06,1.800816747500718e-20,1.4743428859503658e-20,8.712372260032708e-07,8.332591358543947e-21,4.6358249654123044e-10,3.2686236257159525e-10,7.008052739151859e-10,7.008052739151859e-10,7.05384317330472e-10,6.972281093036786e-10,3.9306651416352976e-06,3.0583983435383947e-06,1.2592968985173084e-20,1.1589992594995984e-20,6.983831929472236e-07,1.219385728551201e-07,1.098674013579942e-11,1.6131690275644016e-20,2.200171945843636e-10,3.2934999958422245e-20,4.901017508028309e-10,2.6334152778090866e-20,1.2661197717403846e-11,2.2691590865312573e-20,2.2398448054258373e-10,2.0267219293134793e-20,4.617685363878813e-10,3.00666869692227e-20,6.196324782641456e-07
Connecticut,5.269599630430916e-11,1.2231773227602536e-11,1.3417031240506038e-10,1.3417031240506038e-10,1.3443575573493244e-10,1.3273852144942087e-10,1.8605442074508337e-06,4.955012799395946e-07,2.117855586944466e-20,2.0611446961232667e-20,1.5565078437955288e-20,1.4293896030492555e-20,3.786376401880959e-09,2.6596996751125955e-09,2.5041514592214557e-09,2.4279999809838348e-09,2.827355712239906e-09,2.911668261749567e-09,1.7829371338182824e-05,2.9506347136013377e-06,1.7268110325060978e-20,1.6836508946447286e-20,5.823415389899644e-07,9.994479340756828e-21,1.5373263061902847e-09,2.724370199211165e-10,2.612387870766374e-09,2.612387870766374e-09,2.6203271641511843e-09,2.633287303980164e-09,1.4681228609388338e-05,2.281651715357409e-06,1.719019857807164e-20,1.666796001611844e-20,1.0182594836176681e-20,9.726910059619677e-21,5.269599630430916e-11,1.3107068045061345e-11,1.3417031240506038e-10,1.3417031240506038e-10,1.3550599195733872e-10,1.336667227565441e-10,1.8605442074508337e-06,4.955012849136849e-07,2.157910582345372e-20,2.0555226664056952e-20,1.550847254840847e-20,1.4793576721510352e-20,3.773895757012479e-09,2.6608095026018655e-09,2.5131667601600267e-09,2.315596070848519e-09,2.8325107657133694e-09,2.8570453283193326e-09,1.734796119752846e-05,3.0618833889584124e-06,1.715515776052679e-20,1.6902362557457785e-20,1.0575061930672265e-20,1.0105020723025086e-20,1.527494752469391e-09,2.708094179488596e-10,2.612317859341401e-09,2.612317859341401e-09,2.6033133774604616e-09,2.62080373996127e-09,1.4605661765360245e-05,2.2782997617110314e-06,1.704417253737023e-20,1.6753827931367216e-20,9.989846905124074e-21,9.59756346543148e-21,4.263682952418377e-11,2.0627161185453833e-20,2.414868270947345e-09,2.0306008265067282e-20,8.764857428744532e-10,1.4319779068495248e-20,4.455431864273933e-11,2.3605414124365868e-20,2.426005579047511e-09,1.643303070888304e-20,8.852531661065076e-10,1.6074200106050325e-20,9.571145721194537e-07
Delaware,5.006685655449527e-06,1.739769179954739e-08,1.7257664162609895e-08,1.7257664162609895e-08,1.7257043258344533e-08,1.7256464185296003e-08,1.051415027718871e-05,7.907126205555213e-05,7.560700795368808e-05,7.560700795368808e-05,7.531331199150608e-05,7.560723638267024e-05,2.985524342701709e-09,4.557058495862096e-09,2.352234527211686e-09,2.352234527211686e-09,2.3865243201283015e-09,2.3452563719437326e-09,2.5651066228047313e-05,6.273176603460903e-05,4.973110149712462e-05,4.973110149712462e-05,4.9544195117070686e-05,4.973168758497724e-05,1.6270484640550133e-09,3.381531924913371e-09,1.2644538156489017e-09,1.2644538156489017e-09,1.2461916048386448e-09,1.2709098111084906e-09,1.5721944571389883e-05,3.339936393184651e-05,2.6492639491252317e-05,2.6492639491252317e-05,2.649272096483959e-05,2.649266147729794e-05,1.9458984070134704e-09,1.871290078819119e-08,1.664160766766771e-08,1.664160766766771e-08,1.665915552005379e-08,1.6649768468055685e-08,1.2794122980762568e-05,7.938148325924194e-05,7.560700795368808e-05,7.560700795368808e-05,7.560765605917303e-05,7.560700795368808e-05,4.530464607228957e-06,2.8179524706377374e-09,2.8752009113461073e-09,2.8752009113461073e-09,2.8538299029843723e-09,2.908257559389222e-09,2.2764820321204513e-05,5.4219050428007714e-05,4.973110149712462e-05,4.973110149712462e-05,4.941760601143993e-05,4.9731295903214544e-05,3.597973525898162e-09,3.012242137862831e-09,1.442340747207403e-09,1.442340747207403e-09,1.4159086404460818e-09,1.4333084848597801e-09,2.9988150551677104e-05,3.0295215574003148e-05,2.649317270774689e-05,2.6492591957301932e-05,2.6489777042946595e-05,2.649284987889878e-05,4.783418891407575e-10,1.2702965377497054e-05,2.890223457323487e-09,1.4179176643561609e-05,2.117138137479668e-09,7.839773003215225e-06,2.955420418610638e-09,1.5261001021466083e-05,6.529656584668041e-10,1.434149232584013e-05,3.091670657841239e-09,9.436255373678005e-06,2.088001511005192e-05
Florida,3.65670897317046e-11,1.0306121089055178e-10,1.7247276995661304e-10,1.7247276995661304e-10,1.7241180300533244e-10,1.7308872942153843e-10,2.0689281409767707e-06,4.369634830207396e-06,2.743612002309015e-06,5.939030816177869e-06,2.7436120023090167e-06,3.30009528129618e-06,1.8857219549981067e-09,4.057550339405866e-09,1.6264862013954916e-09,1.6264862013954916e-09,1.6285862347459903e-09,1.6188650535438478e-09,3.2836478697502816e-05,1.7708130625436422e-05,7.785890516981601e-06,8.723304573512962e-06,9.100606180020243e-06,1.0732325910123906e-05,4.559942664165486e-06,1.5179135495500908e-09,1.7289364426879802e-09,1.7289364426879802e-09,1.7498923549610471e-09,1.7322917716765798e-09,2.5975932371691007e-05,8.70237912534385e-06,1.717027475752506e-05,1.744855268324697e-05,1.6804725229088355e-05,1.5975749541624858e-05,5.006700784879476e-06,3.1559784134581274e-10,3.255671631038467e-10,3.255671631038467e-10,3.260801148949859e-10,3.2542473702221635e-10,6.467061209764723e-06,1.2174984119109128e-05,1.5436668275509457e-05,1.543666827550946e-05,1.543666827550946e-05,1.543666827550946e-05,2.451180817228717e-09,2.1292680636180273e-09,1.823573160686357e-09,1.823573160686357e-09,1.858000526982052e-09,1.824790633108723e-09,6.319699494870024e-06,1.5537022686633747e-05,3.342903756314507e-05,3.342903756314507e-05,3.3429037563145073e-05,3.058361468022514e-05,4.334175291635036e-06,4.583077626062473e-09,2.8037617805892693e-09,2.8037617805892693e-09,2.7922897332539316e-09,2.7905775749593926e-09,2.1363619281205386e-05,3.2919206464679494e-05,4.040380236018085e-05,3.535576419157397e-05,3.910162493123442e-05,3.81624422468405e-05,1.1020767487454589e-10,2.603915731212593e-06,2.2692490493207093e-09,1.0564874926387505e-05,2.1155571224422368e-09,8.149680670969852e-06,1.5149604474044867e-10,5.815123568516937e-06,2.8426421253794863e-09,4.112660850154148e-06,2.098904044601935e-09,1.529879391342516e-05,8.464980726587733e-06
Georgia,5.006441820006895e-06,5.280486154366306e-10,3.1473988569966544e-10,3.1473988569966544e-10,3.1605558855071566e-10,3.1613225563591695e-10,3.485464725295479e-06,2.2613209099317165e-05,1.815918737176273e-20,1.8622300860055248e-20,1.1158622729632738e-20,1.1302876841636624e-20,4.784142645751156e-06,2.4530993442738762e-08,2.596037801346547e-10,2.596037801346547e-10,2.6596871494170747e-10,3.613463047947182e-10,2.1292197052531073e-05,7.18614898416213e-05,2.0112925469586354e-06,9.14259217793374e-07,1.4365407250906621e-06,1.3503394532606717e-06,2.3199499183775143e-09,7.078716421598658e-10,3.7133367673465103e-09,3.7133367673465103e-09,3.6939454461766904e-09,3.724719859546175e-09,2.119546225656205e-05,8.497128441110246e-06,2.628856660505894e-06,2.628856660505895e-06,2.6288566605058975e-06,2.6278179715850174e-06,5.006441824220722e-06,5.292678251188117e-10,3.147358744594009e-10,3.147358744594009e-10,3.1493734180897476e-10,3.1854969192611023e-10,3.5218998443926357e-06,2.269297689705487e-05,1.821772039575041e-20,1.8354412169492953e-20,3.333647512090052e-07,1.1396678257815255e-20,3.807884681279601e-06,2.453365256830393e-08,2.602075620981235e-10,2.602075620981235e-10,2.855823286683187e-10,3.044957714272027e-10,2.1232706396513298e-05,7.20952684106477e-05,1.509552170580152e-07,8.607634981457936e-07,1.2019013135738327e-06,8.955406790994782e-07,2.3278276779022884e-09,7.181071244269283e-10,3.703419752770541e-09,3.703419752770541e-09,3.7208410865962132e-09,3.688820402875134e-09,2.1254633983577872e-05,8.60067719299927e-06,2.7158859956830806e-06,2.7158859956830815e-06,2.6847273960581994e-06,2.715885995683086e-06,2.3941245102376423e-10,1.8235497502199556e-20,2.2525790281697607e-10,1.241862129870251e-06,1.864466251411899e-09,1.92435450745494e-06,2.4462999951442106e-10,2.4485155828927988e-20,2.2815255819939814e-10,8.037490334539576e-07,1.9056724833663132e-09,1.9343973438505357e-06,4.207731734028685e-06
Hawaii,2.908286893566442e-06,2.476698610363894e-15,1.8060054127766016e-17,1.8060054127766016e-17,9.388416178563658e-18,1.0047686557080238e-17,2.9082868894707995e-06,9.709371056690357e-19,2.154475784175461e-20,2.154475784175461e-20,1.6160358665552182e-20,1.6226103741016846e-20,5.016692476566199e-06,7.500651439224492e-11,4.036539505425374e-11,4.036539505425374e-11,4.191948944605041e-11,4.022896131190596e-11,4.050684184646211e-06,1.3124359524990942e-06,2.2136063872203697e-20,2.159840255863373e-20,1.6226103741016846e-20,1.5579940542399077e-20,5.031298794858029e-06,4.420467510864073e-10,7.104797882588913e-10,7.104797882588913e-10,7.159951649385716e-10,7.143496281179134e-10,5.848235677680359e-06,3.2123409165294124e-06,5.262049446212113e-06,5.262049446212113e-06,5.2620494462121155e-06,5.2620494462121155e-06,2.908286893566442e-06,2.4220103433953213e-15,1.8060054127766016e-17,1.8060054127766016e-17,9.158118952025254e-18,9.094298530230457e-18,2.9082868894707995e-06,9.012731011135177e-19,2.154475784175461e-20,2.154475784175461e-20,1.610009608649371e-20,1.6013613297578744e-20,3.870658792006381e-11,6.728978632815996e-11,3.563617982694345e-11,3.563617982694345e-11,3.525679363564035e-11,3.5927187380057073e-11,7.173300443672956e-07,1.2559547650059303e-06,2.202285662861181e-20,2.1762797457350012e-20,1.638790043291469e-20,1.5282981152572654e-20,5.031332689082535e-06,4.466865015389797e-10,6.930923254626813e-10,6.930923254626813e-10,6.807750380737908e-10,6.964672653996392e-10,6.087741540922141e-06,3.2401311511257456e-06,5.209479940741649e-06,5.209479940741649e-06,5.2094799407416505e-06,5.209479940741651e-06,7.406614613224886e-17,1.6376598431271788e-20,3.621573918759731e-11,1.5792404087552492e-20,5.10541285516082e-10,2.2278308000432232e-06,6.606071047713291e-17,1.7594729185560897e-20,3.4366887660101295e-11,2.323583104492263e-20,4.949396148342881e-10,2.2073712162588435e-06,1.1757941808952318e-06
Idaho,4.335464282804107e-11,4.79403031646619e-11,5.8421304756228e-11,5.8421304756228e-11,5.854230437708367e-11,5.8153634998408083e-11,1.6195489668481033e-06,1.768762722603183e-06,2.207953280573066e-20,2.2140245616620374e-20,1.621183401374598e-20,1.5562104313835666e-20,5.025703072216494e-10,3.778494964936516e-10,7.097966699165873e-10,7.097966699165873e-10,7.121659930094241e-10,7.065245020521723e-10,9.987823139305921e-06,7.89666413273709e-06,1.8265932289721812e-20,1.8169380573447706e-20,1.1335591459522053e-20,1.1351913413921955e-20,6.453618086003646e-10,5.206228608232944e-10,6.328726940469523e-10,6.328726940469523e-10,6.373222842249151e-10,6.288444877861479e-10,6.152671285751033e-06,4.866175710215515e-06,2.4531249169637478e-06,2.4531249169637478e-06,2.4531249169637516e-06,2.453124916963752e-06,4.046338908967832e-11,4.809194977260262e-11,5.842651631322011e-11,5.842651631322011e-11,5.818711012161917e-11,5.911915676756903e-11,1.6151409652512728e-06,1.7655850233293263e-06,2.2136063872203697e-20,2.220496195041133e-20,1.5883006205359297e-20,1.5938281968720577e-20,5.012892768893849e-10,3.816460993656701e-10,7.09894950954913e-10,7.09894950954913e-10,7.11726498617093e-10,7.013694834945069e-10,9.935767487283728e-06,7.935824865090816e-06,1.8265932289721812e-20,1.8169380573447706e-20,1.1562002232186081e-20,1.160595677969092e-20,6.420462723956717e-10,5.303778835509258e-10,6.31136369515474e-10,6.31136369515474e-10,6.316682011487051e-10,6.403823220252574e-10,6.1389092861090265e-06,4.97349976698995e-06,2.5280626685968364e-06,2.528062668596837e-06,2.5280626685968403e-06,2.5280626685968403e-06,4.444376674763678e-11,2.040152367032658e-20,4.87763646197585e-10,1.5662907719980787e-20,6.252609118845037e-10,7.989211760083306e-07,4.446052425938747e-11,2.3944181302614196e-20,4.94415124137718e-10,1.7343003348279123e-20,6.370815896731736e-10,8.567624144449786e-07,1.0268408027030196e-06
Illinois,6.284181606897124e-11,4.3767591165928256e-11,1.2188876733648851e-10,1.2188876733648851e-10,1.2171220545273137e-10,1.2054288626509154e-10,2.4563606762199588e-06,1.7691124267881696e-06,2.12287653698971e-20,2.1115078064507545e-20,1.539764283583088e-20,1.4846673230059942e-20,9.055921340033334e-10,4.25947083769449e-10,8.802031537551651e-10,8.802031537551651e-10,8.819357470138591e-10,8.826826219167605e-10,9.162951929083124e-06,6.718608982278837e-06,1.2389155826231364e-20,1.1866265448822557e-20,1.1470833806132335e-06,1.090843686771566e-07,4.1117964582564865e-06,3.456559002449436e-10,1.511281906966148e-09,1.511281906966148e-09,1.5123743225874671e-09,1.4991349595032654e-09,1.385083589161283e-05,3.2693669009837036e-06,1.1881858445626757e-20,1.1360065596957491e-20,1.5282807946423773e-07,4.868211466183613e-21,6.234217127728162e-11,3.666390277246908e-11,1.2076712054222744e-10,1.2076712054222744e-10,1.2036275988835843e-10,1.211027297584361e-10,2.440870710298118e-06,1.5821695366078708e-06,2.139167331007536e-20,2.089027905415469e-20,1.542767532552438e-20,1.4995577982861525e-20,9.002090131383917e-10,3.969745390851835e-10,8.754248764069984e-10,8.754248764069984e-10,8.706460054069484e-10,8.694209741673964e-10,8.609519423244022e-06,6.397848200689992e-06,1.1963388246097732e-20,1.1083703863434499e-20,2.952889805732361e-07,5.018037520729513e-21,1.3374571566772029e-09,3.337185292217235e-10,1.5073218824535408e-09,1.5073218824535408e-09,1.491362397554207e-09,1.5247741583366467e-09,1.2105769977697561e-05,3.1480285418475376e-06,1.2574577024160347e-20,1.1764407208694056e-20,4.999554815126368e-21,5.027253391708755e-21,7.118033746729615e-11,2.056198121596632e-20,6.694099245418089e-10,2.5965973363235432e-20,6.482544628276278e-10,1.3668159345204956e-20,7.020825285680028e-11,2.3019679081351437e-20,6.706568867623346e-10,1.439071738588699e-20,8.749322435940146e-10,1.0588185073587811e-20,9.208979774293414e-07
Indiana,1.2454323076137145e-10,6.938732970291161e-11,1.8113294164299273e-10,1.8113294164299273e-10,1.7811592775279338e-10,1.8240483023836222e-10,7.3082825230152426e-06,2.677569668776133e-06,2.0555226664056952e-20,2.049885217727589e-20,1.4544290973449784e-20,1.4464508194039074e-20,5.008148103608643e-06,1.5843368483941452e-09,5.402091601108648e-10,5.402091601108648e-10,5.621025534101603e-10,5.515861943298657e-10,1.085955936234476e-05,6.701329377983526e-06,2.018483188178906e-20,2.0016727565494713e-20,1.3164439545845058e-20,1.2991006096962176e-20,8.24165790593027e-06,1.2821509097090388e-10,1.6803866522323183e-09,1.6803866522323183e-09,1.670040746744684e-09,1.7071442643720484e-09,1.2453758793318227e-05,1.4032799342900777e-06,3.8058700811340167e-07,3.8058700811340167e-07,3.805870081134033e-07,3.805870081134033e-07,3.5927002278482607e-06,1.6959560014240247e-11,1.477135929254146e-10,1.477135929254146e-10,1.4870831625423534e-10,1.4741245118325702e-10,5.949819764006592e-06,6.039418274398582e-07,2.133316976377503e-20,2.1224404041577855e-20,1.5173555059048087e-20,1.5231405684470667e-20,3.4439971360183165e-10,2.473673946133801e-09,2.719514942540716e-10,2.719514942540716e-10,2.888388708881704e-10,2.6283764135208025e-10,1.9062805343554737e-05,1.6265775439377345e-06,2.0442322225247777e-20,2.055972994522919e-20,1.372223733819967e-20,2.0175896070406484e-07,3.883158133345785e-06,2.2506190429752677e-10,1.2771408486867458e-09,1.2771408486867458e-09,1.2923985293028496e-09,1.2944280687761676e-09,9.549070650521123e-06,2.366930538605184e-06,2.0098948633358656e-06,2.0098948633358656e-06,2.0098948633358686e-06,2.0098948633358686e-06,1.1664253873453742e-10,1.8194838594303568e-20,4.111478757352824e-10,1.8199925925199658e-20,3.9616031462663664e-10,1.3267560463904923e-07,4.6304345933092804e-11,2.3685674917293966e-20,2.4620889372184916e-10,2.5736783623065864e-20,6.34114483391368e-10,7.662589498588857e-07,1.333029892183047e-06
Iowa,2.3586858089831187e-09,3.7719863902845664e-09,2.264134911589993e-09,2.264134911589993e-09,2.082332620361968e-09,2.102002581934246e-09,1.3751279818912295e-05,1.0966578041573149e-05,2.041513224794009e-20,1.866450864896743e-20,2.2835760793109036e-06,6.152763366306524e-07,3.2524719861521477e-09,6.003673869471166e-09,3.02197312894929e-09,3.02197312894929e-09,1.8577497676490567e-09,2.0419099178790395e-09,2.4243837995129276e-05,9.676472170258855e-06,1.9312926423430534e-20,1.8090233032436083e-20,1.2109523125077734e-20,1.1493741855118826e-20,3.6922955410058886e-06,4.962851061649292e-10,1.882967781920556e-09,1.882967781920556e-09,1.901053317058188e-09,1.8679054065300704e-09,1.9886576593336664e-05,4.543131103030689e-06,1.9432393889758927e-20,1.8265932289721812e-20,1.2036677461900809e-20,1.1545977273365994e-20,2.371668585953629e-09,3.7940085943181015e-09,2.2765458825864257e-09,2.2765458825864257e-09,2.1326525430688213e-09,2.1184563808810327e-09,1.3756840822309292e-05,1.0982764478754735e-05,2.0200877971788103e-20,1.8881487768372538e-20,3.0004350836843573e-06,1.1693370219145937e-20,3.2191092691115897e-09,5.9905891330244525e-09,2.9897130527304973e-09,2.9897130527304973e-09,1.8419888887882246e-09,1.8906426501937117e-09,1.2642327672335873e-05,9.952114167228411e-06,1.9600786610276546e-20,1.792314381862103e-20,1.197885481783886e-20,1.1529930042159498e-20,3.103179433828335e-06,5.006856966530317e-10,1.887473556482258e-09,1.887473556482258e-09,1.903698484092532e-09,1.895895194733178e-09,2.298764745418827e-05,4.391652201312846e-06,1.925772251908018e-20,1.8455012605998133e-20,1.2280328783941466e-20,1.1166916021546519e-20,2.4937497211716976e-09,5.24807745731211e-20,2.148085978658539e-09,1.683925798866439e-20,8.139098001930341e-10,1.6373771711921956e-20,2.5499723810666075e-09,3.22260569394905e-20,2.066932764779936e-09,1.9120225904444836e-20,8.31955972176997e-10,1.7803948537138228e-20,2.0306063174794156e-06
Kansas,2.749297775433497e-09,5.4566023872622824e-09,2.7456359289192822e-09,2.7456359289192822e-09,2.424531696521114e-09,2.3342866853815605e-09,3.870870679448405e-06,1.6870349242729472e-05,3.977936082497697e-06,3.977936082497697e-06,3.977936082497699e-06,3.977936082497698e-06,5.047160092974633e-06,7.79158034706397e-09,4.829250110059705e-09,4.829250110059705e-09,4.799098799224436e-09,4.818480371266538e-09,1.3698207832415111e-05,1.4251739202289374e-05,4.518767390908464e-06,4.518767390908466e-06,4.446607954926933e-06,4.436591608121093e-06,1.6610997903715018e-09,3.271457030399608e-10,1.994475114850865e-09,1.994475114850865e-09,2.0033005735664816e-09,1.9989960637486196e-09,1.4508705904649678e-05,2.5775323563307367e-06,5.678999197846585e-06,5.678999197846585e-06,5.485411791583444e-06,5.67508071973839e-06,3.225351473494075e-09,9.370645840192737e-09,3.099477609493309e-09,3.099477609493309e-09,2.5562693103539766e-09,2.3364389330024645e-09,1.420962913509586e-05,2.115547897930613e-05,2.0843695947588007e-20,2.049885217727589e-20,1.4332703059454854e-20,1.402914107227149e-20,4.7374347137811765e-09,8.416463217409071e-09,4.774758274906954e-09,4.774758274906954e-09,4.64359272847993e-09,4.6062942990946206e-09,1.0217602218252187e-05,1.2371910949320082e-05,3.4633122782183856e-06,3.463312278218386e-06,2.9509832850860933e-06,3.163724490705095e-06,1.4828580562820329e-09,3.24184270337623e-10,2.0246945869563095e-09,2.0246945869563095e-09,1.990893484206637e-09,2.0147883858069746e-09,1.3175080955838118e-05,2.3064872536322225e-06,6.2333744460203315e-06,6.2333744460203315e-06,5.473888832685245e-06,6.233374446020337e-06,2.4997631969827183e-09,3.887729557927453e-06,4.415263658618253e-09,1.586894149570241e-06,1.5185363693037573e-09,3.6499100819171135e-06,3.1897073947637086e-09,2.334513932541588e-20,3.596604471254418e-09,1.1914581223575447e-06,1.5891299729326615e-09,4.294148838967784e-06,3.006845534060557e-06
Kentucky,4.097076003245017e-09,2.9397961149446976e-08,1.439554436876041e-10,4.23827502209988e-10,7.402800129511187e-10,4.804003074426626e-10,1.7878793452671236e-05,5.865727006522159e-05,4.3555551805538944e-05,4.711527590060616e-05,4.351817433846367e-05,1.6360702566362322e-05,4.594125336215717e-06,2.5130081798769126e-08,1.7479772599782412e-09,1.2196003635707199e-09,7.014920775810119e-10,5.278145899392929e-10,5.4035972071286834e-05,2.844707489921417e-05,0.00010678485904974182,9.248801058414486e-21,0.00010262707152947765,6.958916022391689e-06,4.62407031856405e-09,1.0798402178968244e-09,4.066076789363214e-09,4.066076789363214e-09,4.06630872352256e-09,4.083731518730209e-09,4.180612245727063e-05,9.996875210297987e-06,1.934994088067725e-06,1.934994088067725e-06,1.9349940880677277e-06,1.9349940880677286e-06,7.419035258786766e-11,9.014378160997382e-11,1.3445115831610365e-10,1.3445115831610365e-10,1.348169198256499e-10,1.3291862059112306e-10,2.8108659126241397e-06,5.161414514271194e-06,2.133316976377503e-20,2.0834811166303016e-20,1.539764283583088e-20,1.4834197031864806e-20,3.9796241932031067e-10,4.729235242967149e-09,2.1992474220519103e-09,2.1992474220519103e-09,2.161447330210626e-09,2.210486171944764e-09,2.2619412568327376e-05,4.135023086636628e-06,4.096236477502723e-06,4.096236477502723e-06,4.096236477502725e-06,4.096236477502725e-06,3.4442192146779262e-06,1.3580314573880953e-09,1.311764524495847e-09,1.311764524495847e-09,1.337117658271241e-09,1.3052911594552248e-09,1.694174645856687e-05,1.3615036168141035e-05,7.6132607817308035e-06,7.6132607817308035e-06,7.6132607817308085e-06,7.613260781730808e-06,3.639217112180039e-10,2.7097078473283452e-05,8.904505609366355e-10,4.045442354247805e-20,2.5649152178871967e-09,6.549298032410816e-07,1.2102218433656496e-10,2.786958056614793e-20,1.2261561942367523e-09,1.5622139995934833e-06,1.4271970313032216e-09,2.6528702042395557e-06,8.782428253555456e-06
Louisiana,8.120384476479439e-11,4.330145160868306e-10,2.0937343669332282e-10,2.0937343669332282e-10,2.0855559281756204e-10,2.1044645646970927e-10,2.8395586549658298e-06,1.691390413711071e-05,6.974613273744714e-06,6.974613273744714e-06,6.974613273744717e-06,6.974613273744717e-06,5.035081099551222e-06,1.1735119543295585e-08,9.724568809936333e-10,9.724568809936333e-10,9.750844626012863e-10,9.257557822268292e-10,1.2511656525331835e-05,9.949670596473546e-06,1.9521298031094427e-05,1.9521298031094427e-05,1.9521298031094437e-05,1.9521298031094437e-05,1.4419401847381719e-09,1.7216186841949956e-09,1.8329096998849414e-09,1.8329096998849414e-09,1.8331152060506974e-09,1.8367161494455519e-09,1.5405457651718973e-05,1.3753312433627603e-05,2.8342331213936768e-05,2.8342331213936768e-05,2.8342331213936775e-05,2.8259364804549296e-05,8.120384476479439e-11,4.170482412577173e-10,2.0696906711461595e-10,2.0696906711461595e-10,2.0882919363609404e-10,2.0570782257863246e-10,2.8395586549658298e-06,1.6240467793387286e-05,7.307785373438257e-06,7.307785373438257e-06,7.307785373438259e-06,7.30778537343826e-06,5.027500856075189e-06,1.1757456874020314e-08,9.716862129530921e-10,9.716862129530921e-10,9.981264871223958e-10,1.0002743989529966e-09,1.244000777160608e-05,9.447326407528238e-06,1.9786819986372026e-05,1.9786819986372026e-05,1.9786819986372032e-05,1.9786819986372032e-05,1.4297428376213883e-09,1.7610911195028398e-09,1.8476758912158656e-09,1.8476758912158656e-09,1.8450683220487747e-09,1.8526714331826448e-09,1.5261378601046074e-05,1.4104803429789941e-05,2.866790699177948e-05,2.866790699177948e-05,2.8667906991779487e-05,2.8656345067579116e-05,1.9694784518013088e-10,3.2390637680556334e-06,1.0841519715335191e-09,9.60177230541498e-06,2.1677122608500806e-09,1.1141304756675656e-05,1.996545743595173e-10,3.4433319419320842e-06,1.1200561822879467e-09,9.93911965067918e-06,2.191191780132835e-09,1.1382916271616818e-05,7.653424834564488e-06
Maine,2.908286893566442e-06,1.2920347627626404e-12,1.8060054127766016e-17,1.8060054127766016e-17,9.77342890516767e-18,9.613197904151747e-18,2.9082868894707995e-06,3.957631996293904e-16,2.154475784175461e-20,2.154475784175461e-20,1.610584509438502e-20,1.6056912916851745e-20,4.918675060922251e-06,2.8246834505288303e-10,2.590672974768754e-10,2.590672974768754e-10,2.6160371799088286e-10,2.6249814183672613e-10,4.659500424418328e-06,5.268666600617886e-06,4.166891611259085e-06,4.166891611259085e-06,4.166891611259088e-06,4.166891611259087e-06,2.4069665086704882e-08,3.598980613253205e-08,3.499320660636369e-09,3.019282854309275e-09,3.4261911243996167e-09,2.916351894495259e-09,4.188324758672272e-05,1.685685596394257e-05,3.6617374563418904e-06,4.298430210352426e-06,3.8138275502730606e-06,3.960092689683714e-06,2.908286893566442e-06,1.1867411172899197e-12,1.8060054127766016e-17,1.8060054127766016e-17,9.284443801565537e-18,9.242527362655404e-18,2.9082868894707995e-06,5.505240789553063e-16,2.154475784175461e-20,2.154475784175461e-20,1.5812908005788516e-20,1.6160358665552182e-20,2.5314077241693576e-10,3.2417130262355627e-10,2.6314102621635777e-10,2.6314102621635777e-10,2.629801490842638e-10,2.6391542212868016e-10,4.781332416615301e-06,5.7946145395086e-06,4.4357617994753184e-06,4.4357617994753184e-06,4.435761799475321e-06,4.435761799475321e-06,8.050362318061015e-09,4.022166711330452e-08,3.490698640121751e-09,2.9253962047138507e-09,3.5061867138922073e-09,3.2468972753052226e-09,3.16190004260317e-05,1.9330495812116362e-05,3.990007533270281e-06,3.990007533270281e-06,3.8770624410106575e-06,3.910154708597785e-06,7.206801074405743e-17,1.8492596677117026e-20,2.3538262255111756e-10,4.073335049421631e-06,4.377193705688241e-09,3.196089153744393e-06,6.769222818608596e-17,1.995651281414888e-20,2.668281989752372e-10,4.306533631472721e-06,4.2069412896546534e-09,4.53544567135996e-06,2.725181898988248e-06
Maryland,4.123044161090309e-06,6.615664750625098e-09,5.928613345099646e-10,5.928613345099646e-10,6.101800330637227e-10,6.218027091603449e-10,4.354918281200025e-06,1.5466740430072737e-05,2.395770963567772e-21,8.881150908428181e-21,0.00011668002300065581,1.025664377046206e-05,5.006141388888419e-06,6.685406879252812e-10,1.311824603693827e-09,1.311824603693827e-09,1.3176631112401941e-09,1.317496350121758e-09,2.2630244790526393e-05,1.1128732054626656e-05,1.2265242379248337e-20,1.1791917134501856e-20,5.78900250555024e-21,3.844359898326406e-06,5.029702774862458e-06,4.869522319280623e-10,3.2900888236937993e-09,3.2900888236937993e-09,3.3052741071719783e-09,3.2993258552173846e-09,3.133936217399918e-05,3.5804946796732367e-06,1.2600318252787393e-20,1.1955647457033576e-20,5.552282680513095e-21,2.549460080099979e-06,4.026496417922271e-11,5.168382141991718e-11,7.086216962677563e-11,7.086216962677563e-11,7.182125345173288e-11,7.159837089802122e-11,1.4844184269644047e-06,2.1423901899576524e-06,2.1784056422521953e-20,2.1224404041577855e-20,1.601650358066294e-20,1.472143545311596e-20,3.2746871274288615e-09,3.86031763096029e-09,3.0304057320194104e-09,3.0304057320194104e-09,3.0259051123807717e-09,3.0668110817028923e-09,2.230739407130327e-05,1.0436692617066005e-05,1.5668817136421937e-20,1.5579940542399077e-20,9.268798489454867e-21,8.39898755853686e-21,4.104005673880853e-06,3.8226510351535806e-10,2.880607545283703e-09,2.880607545283703e-09,2.8668504450269186e-09,2.8818892986763725e-09,1.9661266136323093e-05,1.81360210623577e-06,1.5352483946412203e-20,1.4648938916703357e-20,7.763185193828737e-21,7.452896282572635e-21,7.380106472680813e-10,1.2459940934113777e-20,1.064986013530873e-09,1.673724271568864e-20,1.5800051362283605e-09,1.948947815634609e-20,4.952285519943683e-11,2.191962556567722e-20,2.680965151727571e-09,1.3899868025660312e-20,8.328859004039103e-10,1.3939772035106943e-20,3.5476996830521782e-06
Massachusetts,7.33589723409784e-11,3.9306309203240855e-11,2.420385116568855e-10,2.420385116568855e-10,2.409224733269673e-10,2.4295582857402556e-10,2.580160996286404e-06,1.3195932618918002e-06,1.9777109081370927e-20,1.9308132349526855e-20,1.2257692213941148e-20,1.2143876451190296e-20,1.123427414575189e-09,3.727177002716847e-09,6.105211991872061e-09,6.105211991872061e-09,4.472750859463567e-09,4.507761462078233e-09,1.672658979828184e-05,4.187338220355929e-06,1.9441919573610317e-20,1.920718038695244e-20,1.2021285284936839e-20,1.1760471966165927e-20,3.487288874560468e-06,4.2961067699503885e-10,3.37457444738794e-09,3.37457444738794e-09,3.3650635608549558e-09,3.361174180342186e-09,6.41195736935336e-05,3.5047315434744632e-06,1.7523553871240935e-20,1.7385654512223243e-20,1.0575061930672265e-20,1.0526803773348113e-20,5.965600614109186e-11,3.4247715444978796e-11,2.3100586363144332e-10,2.3100586363144332e-10,2.2983417851012328e-10,2.3278035849621e-10,2.272411535889717e-06,1.5542477058640746e-06,2.097872262937792e-20,1.9372752247984557e-20,1.3008809320468124e-20,1.2143876451190296e-20,3.815332197210096e-09,3.836093203327246e-09,5.990653447321862e-09,5.990653447321862e-09,5.048538982953904e-09,4.931040747018807e-09,3.815241226217197e-05,6.246695346083386e-06,1.936797298252439e-20,1.9142001556315503e-20,1.2347989509700147e-20,1.1928515137345788e-20,1.6051635163897328e-09,6.119338049494459e-10,3.2106811957072745e-09,3.2106811957072745e-09,3.1933914783531312e-09,3.2294873848664815e-09,3.9934085806638136e-05,4.718358831877985e-06,1.8793026381274375e-20,1.7273470595351515e-20,1.0991442899927078e-20,1.0679595561513797e-20,1.1016507531357149e-10,1.9115383501960074e-20,2.640579173275768e-09,1.7819540963309193e-20,9.55887777792709e-10,1.532834480577928e-20,9.224938097902967e-11,2.262622064417303e-20,4.0802988860606395e-09,1.7022432512530688e-20,1.4482289794577381e-09,1.6280214636459878e-20,2.248803983635863e-06
Michigan,9.402153632090634e-11,6.359505373703046e-11,1.7850640734827459e-10,1.7850640734827459e-10,1.7956109115038574e-10,1.7925098636010286e-10,3.447281869145605e-06,2.2256002461310565e-06,2.0009788957313917e-20,1.30797798925004e-20,2.7440198036098953e-06,6.689855627079732e-07,4.462566934040377e-09,3.3593451524507067e-09,5.571358671562794e-09,5.571358671562794e-09,4.3677550856321196e-09,4.329638473526514e-09,8.017401783125743e-06,1.1514886649899084e-05,7.928377847556524e-21,7.477698002646062e-21,9.673923681342364e-07,3.1305241607881827e-06,2.5029908963465307e-09,8.143854648051336e-10,3.4023800104594987e-09,3.4023800104594987e-09,3.409289522411571e-09,3.410150078265503e-09,2.2297476445034067e-05,7.58573761805721e-06,8.107344481922688e-21,7.569980778954894e-21,2.8864943183414985e-21,2.256476406898292e-21,4.254059832910148e-06,1.0146182293606562e-10,1.649218818187209e-10,1.649218818187209e-10,1.6419303440752468e-10,1.6432002457777286e-10,5.183540899129725e-06,4.5201849788417516e-06,1.0465331231860676e-05,1.20789048128052e-20,3.4434870592008284e-06,2.6220945690901676e-07,2.7857490617604196e-09,1.0720115601467572e-09,2.570276799639786e-09,2.570276799639786e-09,2.5391607010473016e-09,2.5454873376795423e-09,3.272478027823648e-05,7.95905842008052e-06,9.655264767626046e-21,9.938747608871016e-21,1.8448781288623092e-05,1.2742590968783775e-06,3.9734387281366245e-06,5.185878079540783e-10,2.830017259067196e-09,2.830017259067196e-09,2.8313016261692157e-09,2.827256634235002e-09,2.7816605276824727e-05,5.69242088055966e-06,9.999109630252736e-21,9.476224029012598e-21,3.775807220938081e-21,5.214022673745977e-08,1.0341428616175672e-10,3.435076468296142e-20,4.063401402195764e-09,1.5686532028610324e-20,1.705692722931219e-09,2.7434024171796807e-06,8.960218252173268e-11,5.222259546532847e-20,2.1041734907084353e-09,2.2263253719058187e-20,9.594255935236956e-10,7.028933589921239e-07,2.288060507730452e-06
Minnesota,5.157717590044872e-11,7.975383627507745e-11,5.100488434384154e-11,5.100488434384154e-11,5.0434962163054646e-11,5.002496918061485e-11,1.680368965582044e-06,3.1008688156022196e-06,2.038563551464388e-20,1.9341665913173482e-20,1.3153886887198601e-20,1.2626007001681607e-20,6.024284548989273e-10,7.995338112990818e-10,5.930981738439517e-10,5.930981738439517e-10,5.923611875905839e-10,5.963689288604268e-10,1.1146279696933611e-05,1.556803827898208e-05,1.520403019531149e-20,1.445170207537616e-20,1.1784151741206497e-06,8.240033804362538e-07,9.090650053128266e-10,8.134819410882021e-10,8.01920334572088e-10,8.01920334572088e-10,8.023003453500342e-10,7.96435909949998e-10,8.469430612467936e-06,7.706722630052782e-06,1.585383628871896e-20,1.5654039412549077e-20,8.797364592780448e-21,8.282444917021754e-21,5.157717590044872e-11,7.974261725287092e-11,5.100488434384154e-11,5.100488434384154e-11,5.143293815134711e-11,5.156858139017772e-11,1.680368965582044e-06,3.1008688153459726e-06,2.0442322225247777e-20,1.9699721626244145e-20,1.346687007775129e-20,1.2618672695514256e-20,6.024284548989273e-10,7.995037699800787e-10,5.930981738439517e-10,5.930981738439517e-10,5.924599787946352e-10,5.966343791267465e-10,1.1146279696933611e-05,1.556803827933444e-05,1.4890257602545033e-20,1.520707434995113e-20,2.598319892687207e-06,7.5024177328891e-21,9.090650053128266e-10,8.133701505969279e-10,8.01920334572088e-10,8.01920334572088e-10,8.08652833433594e-10,8.08281393531753e-10,8.469430612467936e-06,7.706722630099922e-06,1.594699220635156e-20,1.4970863375239836e-20,8.943475539087162e-21,8.415504757496776e-21,4.534520916105883e-11,1.709027826773488e-20,5.193405973518979e-10,2.9851927688350503e-20,6.912005491704959e-10,1.2025135176239682e-20,4.6417775748158577e-11,1.93464516774217e-20,5.270868002085678e-10,1.8288725143040552e-20,7.040345587358427e-10,1.4534740162981208e-20,1.1900569339225804e-06
Mississippi,1.1653772554500725e-10,1.9913280151648103e-09,7.184409913425973e-10,7.184409913425973e-10,7.149979214438063e-10,7.31656105124685e-10,5.45332898969269e-06,8.559450405381114e-06,2.286755114429966e-06,2.286755114429968e-06,1.6336533681047822e-06,2.2867551144299674e-06,1.1788637996790504e-09,1.2966623770504434e-08,1.6852609431731751e-09,1.6852609431731751e-09,1.6865777778314216e-09,1.6886536970937066e-09,3.968725919647439e-05,8.394935763217354e-06,1.0030572034254292e-05,1.0030572034254294e-05,9.571792117268473e-06,6.85014255607679e-06,1.4047112333182306e-09,2.946766752987801e-09,1.8603734931833135e-09,1.8603734931833135e-09,1.8514206853663348e-09,1.879553571003781e-09,1.5041968111148705e-05,2.2922808280571622e-05,1.627822419148494e-05,1.8160997408881424e-05,1.689090905164927e-05,1.6289787681482037e-05,5.00667187198579e-06,3.086333121493639e-10,1.673478835870744e-10,1.673478835870744e-10,1.667831677171809e-10,1.6669682442724414e-10,6.304839855605597e-06,1.1008292831453125e-05,8.957742573185636e-06,8.957742573185637e-06,8.95774257318564e-06,8.95774257318564e-06,4.779446345197299e-06,1.4803672397272307e-08,9.949363727719511e-10,9.949363727719511e-10,1.006429590248706e-09,1.000155225960001e-09,4.999921426622188e-06,1.4891099274091504e-05,1.8500579559576494e-05,1.8500579559576494e-05,1.8295548100040116e-05,1.8063505891071018e-05,5.312375250516233e-06,2.9197553636239327e-09,5.537058373729475e-10,5.537058373729475e-10,5.387823547098909e-10,5.678019045014554e-10,3.0621450110529764e-05,1.52678514188764e-05,1.0647022553151607e-05,1.0527810060213038e-05,1.1329893760486445e-05,1.1033143620289793e-05,4.2048792679639493e-10,1.3946802465238173e-06,1.2112289870928454e-09,6.9096398503696784e-06,2.399071643341343e-09,6.637863181781864e-06,1.4901124563831144e-10,5.220911140942181e-06,7.996459307793508e-10,5.4794873263001705e-06,1.2836816854790288e-09,8.827671454869538e-06,5.929961680663125e-06
Missouri,1.882389561205612e-10,4.1858639448683774e-10,1.7882460454244385e-10,1.7882460454244385e-10,1.7854774928806072e-10,1.7925586647605383e-10,7.037631164807899e-06,1.5921977724640672e-05,3.209687028727841e-06,3.209687028727841e-06,3.5576249006018895e-06,2.7908668108576708e-06,4.727222146477877e-06,2.4869573976430074e-09,3.9795970273553224e-10,3.9795970273553224e-10,3.95127902907813e-10,3.879761033760309e-10,2.1916202788809926e-05,3.158155673636916e-05,1.3992747796396312e-05,1.364080234714041e-05,9.012669054043326e-06,7.717139664191439e-06,8.443908970756034e-10,3.295037918381828e-10,8.90043936309011e-10,8.90043936309011e-10,9.107487121392663e-10,8.915117442719088e-10,7.799457006309538e-06,6.616712008185783e-06,6.713412473150644e-06,1.118858756331011e-05,9.272501041760863e-06,1.014028203943691e-05,4.350663372690006e-11,7.197579546533662e-11,9.786325871151082e-11,9.786325871151082e-11,9.788423004333902e-11,9.864401908322282e-11,9.366637058997981e-07,4.652825932567548e-06,3.733901222065346e-06,3.7339012220653456e-06,3.7339012220653473e-06,3.7339012220653477e-06,3.743435640307216e-10,2.579195894727185e-10,4.0007231350324896e-10,4.0007231350324896e-10,3.9904058786763223e-10,3.9885113988866116e-10,7.596969040706095e-06,5.862332207227111e-06,7.037655226870716e-06,9.503697506556769e-06,1.0482999160999852e-05,1.1377519004093001e-05,3.92815566935068e-06,1.9602803414531595e-09,7.304624968087514e-10,7.304624968087514e-10,7.224433587617752e-10,7.351831696497226e-10,3.365977680363954e-06,1.0911535716632287e-05,9.51326549396879e-06,1.114466431482639e-05,1.0365040459070784e-05,1.0461708077050396e-05,2.2913761883628322e-10,2.780969262059948e-06,5.022224565924217e-10,8.219203874141794e-06,1.6936819223055707e-09,8.928158023051416e-06,6.6329509939678e-11,5.457305148527347e-07,5.392980246962312e-10,7.07077837351478e-06,6.877808444676358e-10,3.8776714698125866e-06,4.2091353898425255e-06
Montana,4.543459352025173e-06,4.111196976952016e-09,5.02183142740116e-10,5.02183142740116e-10,4.897724343275363e-10,5.19733086993029e-10,6.646836554313947e-06,1.7863708450668374e-05,1.7736222957076264e-20,1.7806548223001122e-20,1.1302876841636624e-20,1.083877655653212e-20,5.0075270458177295e-06,2.889945513949738e-09,1.1278518075137658e-10,1.1278518075137658e-10,1.369756009727416e-10,1.444724566368002e-10,2.7569881760238467e-05,3.277401163854909e-05,2.7739193097316703e-06,2.7739193097316707e-06,2.5440642285510256e-06,2.7329192831344808e-06,5.02980747124664e-06,7.745265800174932e-10,1.744809071829325e-09,1.744809071829325e-09,1.746191114448398e-09,1.7366914339539081e-09,1.6862998004483795e-05,8.081031970959008e-06,2.7325716929243236e-06,2.7325716929243244e-06,2.732571692924328e-06,2.732571692924328e-06,4.543398223892811e-06,4.110429631201716e-09,5.022124481512602e-10,5.022124481512602e-10,5.388582265765727e-10,5.050163846680036e-10,6.658054913618701e-06,1.7866370388314e-05,1.7736222957076264e-20,1.8033853078526682e-20,1.1150323269407055e-20,1.084731438893638e-20,5.007530229128644e-06,2.8738171354219838e-09,1.2160656664762576e-10,1.2160656664762576e-10,1.594890837545727e-10,1.5643958050003236e-10,2.894098996443174e-05,3.311570974356713e-05,2.991836398041354e-06,2.9918363980413547e-06,2.89722787384298e-06,3.0053494748656913e-06,5.029807476783066e-06,7.944864399051092e-10,1.7336741304006282e-09,1.7336741304006282e-09,1.7475402447092228e-09,1.7373533306921475e-09,1.6871715084505825e-05,8.138215859975301e-06,2.8810413219549364e-06,2.8810413219549376e-06,2.831498691172563e-06,2.8617500613473215e-06,5.345586623235898e-10,1.9399017161102993e-20,7.20975144969804e-11,2.0165254922139464e-06,1.2450645168023155e-09,1.4622245452211774e-06,5.512895483011084e-10,2.0528186231393708e-20,7.034711758639766e-11,2.0107197607762534e-06,1.2842789892757737e-09,1.5793448776098323e-06,3.6042252900606376e-06
Nebraska,5.026754820553908e-11,2.0700417703959748e-11,4.881856041728423e-11,4.881856041728423e-11,4.8427964586908215e-11,4.7831991548551405e-11,1.2473995046586107e-06,8.189052683666566e-07,2.0328790734103208e-20,1.8896191070614988e-20,4.384713709254201e-07,3.008350663246209e-07,4.3164514689390217e-10,1.2006878080326237e-10,5.881479304477525e-10,5.881479304477525e-10,5.925116568580888e-10,5.933956866606552e-10,9.20810058175044e-06,2.3136349333042735e-06,1.974900327501286e-20,1.964089177014531e-20,1.2898033209809979e-20,1.272096818392611e-20,4.373220757806834e-10,5.073340853414927e-11,5.183823128816007e-10,5.183823128816007e-10,5.206701572757505e-10,5.235609718820529e-10,4.637374875034945e-06,5.401069325121737e-07,1.9690320660962314e-20,1.952744162676358e-20,1.2515541125200049e-20,1.2381681221734253e-20,5.006717522935276e-06,1.9114639406493657e-11,4.9637192877488617e-11,4.9637192877488617e-11,5.014809550524145e-11,5.043901353999405e-11,9.622370212921836e-07,7.946541878393479e-07,1.978178950010439e-20,1.8316544557111788e-20,7.229649951638855e-07,2.1512868157388595e-07,2.0650333373188203e-10,9.643545846729299e-11,5.842482230538289e-10,5.842482230538289e-10,5.797223926280334e-10,5.871017365511075e-10,5.720722313429832e-06,1.820195813779033e-06,1.9744315084258373e-20,1.9807512034110143e-20,1.2578257567784947e-20,1.2497035213665033e-20,4.579112304096198e-06,4.540231540516181e-11,5.182747209668324e-10,5.182747209668324e-10,5.174625429361839e-10,5.183586769656415e-10,3.53895158628031e-07,4.414097934179225e-07,1.9690320660962314e-20,1.952744162676358e-20,1.2389155826231364e-20,1.2411552631183192e-20,4.0051427000734733e-11,3.582045247162483e-20,3.002366419325867e-10,1.841232458171929e-20,2.1270245898742053e-10,2.0747985160988134e-20,2.987240164840553e-11,4.6073529142052567e-20,2.4396595700809256e-10,2.0426465803605708e-20,1.6211328139658934e-10,1.8000454646839133e-20,4.777806917749328e-07
Nevada,1.0879828220224079e-10,2.880823659328086e-10,2.2151107818534471e-10,2.2151107818534471e-10,2.219752237996343e-10,2.2344364178175287e-10,4.218451663328707e-06,7.454622764430578e-06,6.864391673749275e-06,6.864391673749275e-06,6.7729449240118575e-06,6.864391673749279e-06,5.009150537776524e-06,9.406075774843673e-09,2.0681580879238284e-09,2.0681580879238284e-09,2.1255378706362515e-09,2.0641515880859227e-09,3.3521408961324874e-05,2.128429616980355e-05,8.795181636721082e-06,1.681042075076472e-05,1.377803221365947e-05,1.673266779992891e-05,1.6758825140038482e-09,1.2465464409501365e-09,1.1748909859059282e-09,1.1748909859059282e-09,1.172261304216699e-09,1.1643952748329339e-09,1.5314132765194525e-05,1.0982675924027885e-05,1.7258514103311615e-05,1.811412153559478e-05,1.7047791110002283e-05,1.7308206683349727e-05,1.1056289306473296e-10,2.9790817486186683e-10,2.107443811837056e-10,2.107443811837056e-10,2.094206325784461e-10,2.1281222802112925e-10,4.340893510735495e-06,6.981462581842494e-06,7.214842720793905e-06,7.214842720793906e-06,7.2148427207939095e-06,7.2148427207939095e-06,5.009162022810676e-06,9.339646600735232e-09,2.0838151700814088e-09,2.0838151700814088e-09,2.0999299575974262e-09,2.1315865815754157e-09,3.409475512361283e-05,2.2742661807915192e-05,7.947833678589508e-06,1.7025763875579304e-05,1.2436466367200818e-05,1.5827590486728323e-05,1.6462987465167677e-09,1.2146069002544272e-09,1.1670289061901061e-09,1.1670289061901061e-09,1.1559350635473537e-09,1.1897351752470493e-09,1.5080481148056116e-05,1.0837909141173924e-05,1.6851535588968322e-05,1.68809541888425e-05,1.7429732020029186e-05,1.7198237179741844e-05,2.0722441706891037e-10,4.237614827377307e-06,1.684152149708247e-09,7.689386950218082e-06,2.4294529586664245e-09,8.731764259490386e-06,2.085125744147686e-10,4.415703474000987e-06,1.6649384576982531e-09,8.431784354653463e-06,2.437901920839806e-09,9.019406936784042e-06,6.465810179106402e-06
New Hampshire,2.6563198718827236e-11,2.1328597383852013e-11,2.707191404293546e-11,2.707191404293546e-11,2.6888047157741508e-11,2.7362008720303968e-11,6.11182099413285e-07,7.792607533321267e-07,2.2035463932360918e-20,2.1499592839281613e-20,1.5642207181521665e-20,1.5517424048460267e-20,5.006984588783655e-06,3.3512644446597126e-10,5.336585913317019e-10,5.336585913317019e-10,5.377802037527208e-10,5.354985799047135e-10,5.888821548803148e-06,5.9593669488679725e-06,1.6651289273474746e-20,1.6019393342270697e-20,1.0040686149003702e-20,3.9961931643577694e-07,4.2919265594668065e-06,7.512823446279798e-09,1.6663090319519879e-09,1.1703348642539026e-09,1.6413508167363226e-09,1.3251427406039246e-09,2.3030583128382215e-05,8.527153770582564e-06,1.5176605326454327e-20,1.5161347852680248e-20,8.901974268569114e-21,8.524801606102654e-21,2.4182141616623357e-11,2.8778984050747916e-11,2.402381340455548e-11,2.402381340455548e-11,2.3911525553755337e-11,2.3854729899354405e-11,5.18447229715593e-07,1.0191506427142089e-06,2.1925959802354932e-20,2.1602688381189783e-20,1.5544247619126335e-20,1.5295091282169022e-20,5.006990508470691e-06,3.3986687780244167e-10,5.281955147679937e-10,5.281955147679937e-10,5.265861369173604e-10,5.332119860613424e-10,6.33924696982641e-06,6.051770826290791e-06,1.7310946013388323e-20,1.5891746739565033e-20,1.0331517268178242e-20,9.071943416005182e-21,6.830707881277439e-09,4.880478122588681e-09,1.553501032115454e-09,1.1611942670356744e-09,1.5463903741169348e-09,1.0569708893630616e-09,2.407899042688534e-05,8.551325128890451e-06,1.5373574602538937e-20,1.5352483946412203e-20,8.664826666088464e-21,1.0283722962886225e-07,2.2744322134543105e-11,2.143706568562843e-20,3.0174636260076926e-10,2.12287653698971e-20,1.1484910860912105e-09,1.2695471586415154e-20,2.1696895802415013e-11,2.1656189598351354e-20,3.075329478416151e-10,1.5909213401814173e-20,1.1822845822403487e-09,2.0564232240245436e-20,1.2643121930390772e-06
New Jersey,7.71030756478688e-11,3.715189777774893e-11,2.4969969080763867e-10,2.4969969080763867e-10,2.4909454250151476e-10,2.4929449199709164e-10,3.0991463235674745e-06,1.3678924437769834e-06,1.805693888240385e-20,1.7417574345423766e-20,1.0218896537186185e-20,1.0091269270898111e-20,3.431843946518235e-09,9.987357776888977e-10,3.812760832526005e-09,3.812760832526005e-09,3.758840790103936e-09,3.779512316182108e-09,1.3956186368947245e-05,2.9683717542907433e-06,1.4480499916108332e-20,1.4445294758689962e-20,7.514747104777696e-21,6.951598867091149e-21,2.0256367071670202e-09,5.707655763811616e-10,3.1075006568855264e-09,3.1075006568855264e-09,3.1107810974924394e-09,3.1397700249260027e-09,2.0145777872697273e-05,4.937351224175493e-06,1.4834197031864806e-20,1.435206722463682e-20,7.781052156917833e-21,6.938268847410498e-21,5.671117386293719e-11,3.675478128455346e-11,2.4941967387058114e-10,2.4941967387058114e-10,2.4941771259732896e-10,2.5082368504107846e-10,2.2189979460793062e-06,1.3345384529462148e-06,1.7723169136983633e-20,1.7473293744549756e-20,4.631571889229778e-07,1.0487154654032442e-20,5.003386487288357e-06,1.0211150157534702e-09,3.8538914231708405e-09,3.8538914231708405e-09,3.827733298250964e-09,3.844582855154277e-09,8.930022858266808e-06,2.9164680766329168e-06,1.480608714803492e-20,1.413760272078078e-20,7.270554033486287e-21,7.630882651681015e-21,1.7001969678700599e-09,5.658101030304225e-10,3.10302132320288e-09,3.10302132320288e-09,3.099311526113359e-09,3.094142036784275e-09,1.4227515599394645e-05,4.902465382832047e-06,1.4683655830217616e-20,1.4642617907167765e-20,7.384262037861826e-21,7.289628541210976e-21,9.264854042060778e-11,1.6308621942370917e-20,2.2573499965855675e-09,1.1799765333130757e-20,1.4282554691698737e-09,1.0012987651685531e-20,8.599126392627909e-11,2.3740331236688166e-20,1.691901464214056e-09,1.5017169898987862e-20,1.4001134975691942e-09,1.2779055098731985e-20,1.0303114518649028e-06
New Mexico,2.0470004735764434e-10,2.2447876182931465e-10,2.679546425693281e-10,2.679546425693281e-10,2.673825983702893e-10,2.690479259653488e-10,7.5543590032049655e-06,9.26998650892062e-06,1.388654120761473e-20,1.1744717810444948e-20,2.1381126399100477e-06,5.0639491589508555e-21,5.005470588694161e-06,1.6756491445253957e-09,1.930736306719346e-09,1.930736306719346e-09,1.9209067442087364e-09,1.9279717907856096e-09,4.1714141881558e-05,2.2918406470895628e-05,1.3449673199228417e-20,1.1669595128024847e-20,6.115614966557485e-21,4.810823863902497e-21,3.6188439841562156e-06,5.844593907469615e-10,3.121175953933421e-09,3.121175953933421e-09,3.0829426092618413e-09,3.088779231894304e-09,3.113966900745676e-05,5.876817859940525e-06,2.0602859693005693e-07,2.0602859693005757e-07,2.0602859693005844e-07,2.0602859693005844e-07,3.3193188230582677e-06,6.651175932720984e-11,1.6112542572567592e-10,1.6112542572567592e-10,1.6307283094843097e-10,1.610410087944411e-10,6.416749698348957e-06,2.4522052889879573e-06,2.0945600053123415e-20,2.0834811166303016e-20,1.5127727243541715e-20,1.490579256514527e-20,1.6374507295944787e-09,2.255216607847419e-09,1.7933547960376712e-09,1.7933547960376712e-09,1.821654572544001e-09,1.8219304973187214e-09,1.3440132505192692e-05,4.167451246966046e-06,4.023111598118808e-06,4.023111598118808e-06,4.02311159811881e-06,4.02311159811881e-06,5.029749337216706e-06,4.268067283497761e-10,1.716450091358465e-09,1.716450091358465e-09,1.7653440431741443e-09,1.7193646356040693e-09,1.6409563608699494e-05,5.740617470469154e-06,3.5983346469975427e-06,4.1005024463233605e-06,4.1010763757085295e-06,4.0750858474213694e-06,2.8267734963374255e-10,1.6852996473440185e-20,1.8233136455525018e-09,1.0885651767230477e-20,1.7703403353524235e-09,1.5388851784149621e-07,8.632103779891698e-11,2.2006035654892665e-20,2.160563572305244e-09,1.2905677694179145e-06,9.535096855951084e-10,1.626494967151605e-06,2.6443363131720368e-06
New York,8.857165068902338e-11,2.2252784951848294e-11,2.1610061220317236e-10,2.1610061220317236e-10,2.1543078440619173e-10,2.1454631385659092e-10,3.291247419873842e-06,7.666109131293196e-07,1.8497602116828972e-20,1.833422584260506e-20,1.1665627901961526e-20,1.93433681895454e-07,4.461847810834333e-06,5.297773752085291e-10,5.1568399902740754e-09,5.058183804962107e-09,4.572374854796039e-09,4.369344776259918e-09,1.2751046395662405e-05,4.327773107648192e-06,1.6836508946447286e-20,1.5888833762409304e-20,9.520084390015539e-21,9.143097003377545e-21,5.712148510485955e-10,3.941387451959497e-10,3.4878299799163822e-09,3.4878299799163822e-09,3.4501994396013034e-09,3.4969727687018905e-09,6.398991467011202e-06,3.270012616005796e-06,1.6010722492735698e-20,1.5850916344631442e-20,9.798031479991278e-21,8.927935170197894e-21,2.908286893566442e-06,6.803615406832512e-16,1.8060054127766016e-17,1.8060054127766016e-17,9.158118952025254e-18,9.753543983438508e-18,2.9082868894707995e-06,3.4820023955169526e-19,2.154475784175461e-20,2.154475784175461e-20,1.5812908005788516e-20,1.6051146383027117e-20,3.68674206534389e-06,8.278087091650018e-11,3.8002939572116617e-10,3.8002939572116617e-10,3.808846281119191e-10,3.785230479896408e-10,6.142806001361451e-06,1.4884513682879802e-06,2.072343000291231e-20,2.0611446961232667e-20,1.4793576721510352e-20,1.4339160686752293e-20,1.5589179847355938e-09,2.551264172683735e-09,1.4950541839477541e-09,1.4950541839477541e-09,1.413854159912388e-09,1.479304427280672e-09,2.4590686595402525e-05,8.032416981379491e-06,1.833422584260506e-20,1.8164284687616602e-20,1.1613930643070398e-20,1.1412912850458066e-20,7.00536068849242e-11,2.0618183095285125e-20,1.6324674373927482e-09,1.373572356979686e-20,9.05695696006751e-10,1.3005250625470482e-20,7.197905616079001e-17,2.1101920885081996e-20,1.4181620870658455e-10,2.0611446961232667e-20,8.414623138189166e-10,1.948710298381197e-20,1.015111608437134e-06
North Carolina,3.61717417046135e-11,2.3759611516252576e-11,1.3888507212569022e-10,1.3888507212569022e-10,1.3839515825080904e-10,1.391818372647212e-10,1.3875804693197366e-06,1.2594202555136493e-06,2.0328790734103208e-20,2.0503367840328197e-20,1.4483696141710904e-20,1.3866526965350557e-20,3.573998657446408e-09,4.2244334326734674e-09,4.721503451539064e-09,4.721503451539064e-09,4.729553027710509e-09,4.649164528369585e-09,1.1735972421109781e-05,6.593122693621125e-06,1.7597359779757486e-20,1.6891404784793923e-20,6.152797326830952e-07,1.0214365880108165e-20,2.0445028054781713e-09,1.5911716421107944e-10,2.527753504463069e-09,2.527753504463069e-09,2.5199705113620558e-09,2.5041801891972937e-09,1.7314046093212272e-05,1.5517690327882972e-06,1.799091904383965e-06,1.7990919043839652e-06,1.6855922663434588e-06,1.7037666014349692e-06,4.7385297629577814e-06,2.7088197229816326e-11,1.1830024057132063e-10,1.1830024057132063e-10,1.178589928451955e-10,1.183130140839234e-10,3.2045935286750683e-06,1.582188397573522e-06,2.1274505337024873e-20,2.1000775324029183e-20,1.5109357197611233e-20,1.467419572669282e-20,3.420857570238624e-10,7.938801388711112e-10,4.459674281970429e-09,4.459674281970429e-09,4.413470873094334e-09,4.426473735659422e-09,1.8785251302956133e-05,2.9831301876221328e-06,2.0442322225247777e-20,2.038563551464388e-20,1.4293896030492555e-20,1.3903197734182298e-20,1.5052978707565998e-09,4.348305723906828e-10,1.6997869560072086e-09,1.6997869560072086e-09,1.7047946615924936e-09,1.7073736561939508e-09,1.5003061263089621e-05,5.550803023930611e-06,4.210121828647036e-06,4.210121828647036e-06,4.21012182864704e-06,4.21012182864704e-06,6.100122612138223e-11,2.2898713036075423e-20,3.7214068629121695e-09,2.1959711540328843e-20,7.748882547401425e-10,1.1261387267941912e-06,6.397436461753152e-11,2.907425690772698e-20,1.0867763606327098e-09,2.5944572832102602e-20,1.2393865382175926e-09,1.5416415537275548e-06,1.4151806139698213e-06
North Dakota,5.006686075829351e-06,1.1639593896624748e-10,7.987509097240691e-11,7.987509097240691e-11,8.025426822569418e-11,7.973986062390439e-11,2.295780569539069e-06,3.8589159224312e-06,2.202285662861181e-20,2.2027059864956717e-20,1.666240495513559e-20,1.5656996073150105e-20,5.010004802795744e-06,2.5574812886829255e-10,2.0894167220770183e-10,2.0894167220770183e-10,2.1276708798595693e-10,2.110090323752676e-10,4.370057742266067e-06,6.259249602181349e-06,2.224869509486281e-20,2.1970248324938016e-20,1.233168333839464e-07,1.6140296139299977e-20,2.8916370273552093e-10,2.9412677674650667e-10,2.412839096308589e-10,2.412839096308589e-10,2.4764494128716936e-10,2.4042874123028334e-10,2.970982351552774e-06,3.1823340484939463e-06,2.2192450936956627e-20,2.207953280573066e-20,1.6013613297578744e-20,1.579826506533362e-20,5.006705622654808e-06,7.344192109522197e-11,6.107983608142085e-11,6.107983608142085e-11,6.029271127530741e-11,6.03551667330229e-11,2.3333449823735933e-06,2.421937620094434e-06,2.202285662861181e-20,2.202285662861181e-20,1.6404838835816504e-20,1.5830461655603048e-20,4.918685330560897e-06,1.7803411130499256e-10,1.5644752182809917e-10,1.5644752182809917e-10,1.588661546561329e-10,1.5463386212982722e-10,3.491602048712661e-06,4.73962619716397e-06,2.224869509486281e-20,2.2136063872203697e-20,1.603960709585408e-20,1.577480808867597e-20,5.031881311792638e-06,1.8409730333960985e-10,1.6548422589683458e-10,1.6548422589683458e-10,1.5987013876532482e-10,1.649991985389258e-10,1.5834230576205828e-06,2.5197411754903234e-06,2.2192450936956627e-20,2.207953280573066e-20,1.598468172327529e-20,1.548756559468767e-20,5.122068242558237e-11,2.0965479878371146e-20,1.3065260708194482e-10,2.5480114292341757e-20,2.1467544624291464e-10,2.157266974263548e-20,3.932994330344642e-11,2.1813784167117626e-20,9.931040302654839e-11,2.2544241314333088e-20,1.03888333429904e-10,2.0885847044121964e-20,7.753566960227806e-07
Ohio,7.523662978780607e-11,1.7509373843014245e-11,1.1878034711723853e-10,1.1878034711723853e-10,1.1963406948700328e-10,1.1820362118747054e-10,2.9139924340878863e-06,6.651936668238484e-07,2.195127847106997e-20,2.1274505337024873e-20,1.6079958372438165e-20,1.527086141937969e-20,4.913825461778642e-06,5.741608788126066e-10,3.840288273426213e-09,3.840288273426213e-09,3.824366408640445e-09,3.834167005043456e-09,2.484827221332936e-05,8.387675253442969e-07,1.818465966282478e-20,1.6997941748890657e-20,2.9613959932571925e-07,2.6862036797157997e-07,5.029806975869681e-06,2.177918773034942e-10,1.8706667061357825e-09,1.8706667061357825e-09,1.8610617740298145e-09,1.884517875489278e-09,1.5894948821366833e-05,3.1314322232184963e-06,7.205091207161696e-07,7.205091207161696e-07,7.205091207161717e-07,7.205091207161718e-07,3.566991158930984e-08,3.659869752293665e-08,1.069897931562038e-09,5.66677572992137e-10,3.6525891056721066e-08,2.7010964335617254e-10,3.194735719165053e-05,2.7622431625033157e-05,2.0591225337282034e-20,1.990541959847451e-20,1.5995816018020447e-05,1.263333704990526e-20,4.340121363866914e-06,5.652038466910441e-09,3.7128536043142766e-10,6.339775510517804e-10,3.4574118161812233e-09,6.71533689239318e-10,5.40964557620271e-05,9.570173075234694e-06,1.2132436150533835e-20,1.148971390971561e-20,7.763435726849977e-07,2.8071115932538225e-07,4.164623109811797e-06,4.3498639753730956e-10,4.4339012958506e-09,4.4339012958506e-09,4.438004750633355e-09,4.445938322160076e-09,8.302458818495262e-05,3.790526227884093e-06,1.1889647275336129e-20,9.592739356825408e-21,5.1094482685930926e-21,4.492392557375029e-21,4.839044088399131e-11,1.948947815634609e-20,1.3753992780093306e-09,3.3152126908178296e-20,4.940525486448273e-10,2.22591835723852e-07,9.278186147107809e-10,3.3291457298168204e-20,4.643012802921973e-10,3.4137193934395213e-20,1.292505559676015e-09,2.354554789308757e-07,3.546651108681902e-06
Oklahoma,1.5743935261380727e-08,9.966093592312495e-08,2.3587627752142335e-09,1.2643265778307314e-09,1.1434478658501366e-07,1.1362359799413815e-08,3.463072805166198e-05,0.00010515126579593704,8.464862979897114e-21,9.92942857483971e-21,3.6338262842377315e-05,2.4908291866117876e-05,6.86516852192035e-10,1.3442253506114318e-08,5.329615686535455e-10,5.329615686535455e-10,5.281639895198674e-10,5.89431067086264e-10,5.7197594147990194e-05,2.899766469535637e-05,7.237199305471132e-07,7.237199305471132e-07,1.104278498473379e-05,2.420479821001975e-06,4.065995660772013e-06,1.228363121787634e-09,4.032342012344164e-09,4.032342012344164e-09,4.0187892811118205e-09,4.0568035940885296e-09,4.1619172327615396e-05,2.7386962658873794e-05,2.134658361704255e-06,2.1346583617042568e-06,2.1346583617042593e-06,2.13465836170426e-06,1.3391353894254265e-10,3.3491167460592077e-10,2.5103386014178893e-10,2.5103386014178893e-10,2.5043224192611635e-10,2.522746147200807e-10,5.118032105623153e-06,1.4468231298739496e-05,2.128320656656538e-20,2.0555226664056952e-20,1.5176605326454327e-20,1.4245238578400897e-20,3.6622822717907007e-09,1.5086899311608164e-08,3.4736645094283886e-09,3.4736645094283886e-09,3.498210844905183e-09,3.46689001123219e-09,1.8016910704125358e-05,2.0153172611419405e-06,2.6445973734576876e-06,2.6445973734576876e-06,2.64459737345769e-06,2.64459737345769e-06,2.021613599400873e-10,5.381036131218686e-10,1.5539091787859488e-09,1.5539091787859488e-09,1.56892192518888e-09,1.5409949514911769e-09,5.6430183482728055e-05,3.6728392449361686e-06,4.526780976144531e-06,4.526780976144531e-06,4.526780976144535e-06,4.526780976144535e-06,3.561131153370718e-09,2.0260366471538e-20,7.591885762440054e-10,1.2461663863875733e-06,2.7848765847412633e-09,1.5164584756757204e-06,2.544956686254211e-10,2.708113557061369e-20,3.1364415315621475e-09,1.592480585997406e-06,6.877226134562161e-10,1.877320669247623e-06,6.175183605671914e-06
Oregon,2.908286893566442e-06,2.321194714722819e-12,1.8060054127766016e-17,1.8060054127766016e-17,9.891899035541735e-18,9.409072784786674e-18,2.9082868894707995e-06,4.407471441919489e-16,2.154475784175461e-20,2.154475784175461e-20,1.6045377776773238e-20,1.6045377776773238e-20,1.8587391996642201e-10,3.0809397330307903e-10,1.9703649643775997e-10,1.9703649643775997e-10,1.960317233335765e-10,2.0022102866475779e-10,3.3177459413116473e-06,6.505976566497229e-06,2.0442322225247777e-20,2.0280917989726277e-20,1.3929806749404517e-20,1.3321726362642272e-20,1.2093135311538246e-09,2.9118294943976584e-09,2.8370301844088574e-09,2.8370301844088574e-09,2.8119142272823445e-09,2.8348126479048773e-09,1.552420138651469e-05,1.485533521370105e-05,7.269786471218306e-06,7.269786471218307e-06,6.943379199838862e-06,7.269786471218312e-06,2.908286893566442e-06,1.1923131393909975e-12,1.8060054127766016e-17,1.8060054127766016e-17,9.753543983438508e-18,1.0276940842454043e-17,2.9082868894707995e-06,8.541960337780589e-16,2.154475784175461e-20,2.154475784175461e-20,1.6051146383027117e-20,1.5874260858524657e-20,1.8313719603840944e-10,2.8658321100938517e-10,1.9411533659596444e-10,1.9411533659596444e-10,1.9536821959627928e-10,1.947023278107599e-10,3.3235112508341343e-06,6.0514194649196885e-06,2.0442322225247777e-20,2.0333344164720087e-20,1.387320158762173e-20,1.3380664672058847e-20,3.971595723601222e-06,2.7459043902368083e-09,2.817777998548737e-09,2.817777998548737e-09,2.8562807152689015e-09,2.8243926374342696e-09,1.9695108243717033e-05,1.603503339788058e-05,7.502374068731022e-06,7.502374068731022e-06,7.058597184191475e-06,7.354538742738644e-06,7.344228156359764e-17,1.58655106911027e-20,1.7900539461321983e-10,1.705503215780133e-20,2.7546430938424908e-09,2.3635028304590345e-06,6.924329324879214e-17,2.1374355619877916e-20,1.7710805768163555e-10,2.0799234088195104e-20,3.039582185435308e-09,2.6678489109525443e-06,1.9542052310406397e-06
Pennsylvania,8.433739478457276e-11,2.026514609490753e-11,1.8680103286338578e-10,1.8680103286338578e-10,1.8724237578030131e-10,1.888171755983982e-10,3.171360952919276e-06,6.220669650641205e-07,2.1073385482054992e-20,2.0442322225247777e-20,1.4300371181914365e-20,1.3979562140879995e-20,4.289311015182357e-06,1.1615124627942772e-08,5.110344074604733e-09,4.171980245722249e-09,3.988732902329856e-09,3.670923259940195e-09,2.6302086257744667e-05,9.212930810571292e-06,1.1025081671459001e-20,1.080027278810348e-20,7.232843223242823e-07,4.703795179906968e-21,4.844564452009768e-06,1.0965312294016412e-09,4.256711759062056e-09,4.256711759062056e-09,4.240749324864373e-09,4.270837968562021e-09,3.1551679944639073e-06,6.01165987989649e-06,1.0791697738884858e-20,1.0282116120122718e-20,4.85869393710734e-21,4.2596850329106615e-21,8.665582565232816e-11,1.9031689770279876e-11,1.9046027803728137e-10,1.9046027803728137e-10,1.9096910870253118e-10,1.9017044465712549e-10,3.2617032369997982e-06,6.087375812215121e-07,1.50048354657782e-20,1.7757089108947528e-20,1.1041862627398201e-20,1.1545977273365994e-20,4.314151213206357e-06,1.1561107323936745e-08,5.431441947298836e-09,3.869470822510417e-09,4.110619343170504e-09,3.704331259219745e-09,2.216101442412915e-05,9.071763560157793e-06,1.1920751703306787e-20,1.0460638417783422e-20,5.374359939506118e-21,4.270537751220691e-21,4.4931352203160006e-06,1.0998139645403005e-09,4.2691226120972925e-09,4.2691226120972925e-09,4.308928538744509e-09,4.25297894422535e-09,3.944462740512978e-05,6.260053051409789e-06,1.1204159869318811e-20,1.0236999113886243e-20,5.204724939979037e-08,4.2159948007096975e-21,5.967495400006963e-11,1.7195583135315074e-20,2.814290897485806e-09,1.1760471966165927e-20,1.6257538654163753e-09,2.3401076289736902e-07,5.912671307419037e-11,1.6280214636459878e-20,3.0278716036513778e-09,7.643004792208509e-21,1.7028090420847355e-09,2.2657131638894806e-07,1.768628747557269e-06
Rhode Island,1.4055922745917672e-10,5.344347646334143e-11,2.535472571144155e-10,2.535472571144155e-10,2.5056377312920296e-10,2.497214335985027e-10,5.417006558984092e-06,2.071478167109623e-06,2.021233166549727e-20,1.9422863534163755e-20,8.533339074818456e-07,1.2200917049006759e-20,6.212111758668318e-06,3.203562844254288e-09,2.248633143709897e-09,2.248633143709897e-09,2.211732210485559e-09,2.2033976878488754e-09,1.6442717352560392e-05,7.2703750951188055e-06,1.8138783784002807e-20,1.5760129749134903e-20,1.230627612420395e-07,1.1720314520261116e-07,3.461872269346625e-06,3.8161709348839785e-10,1.7370103415661764e-09,1.7370103415661764e-09,1.7429839035106198e-09,1.7301865084210516e-09,2.2355969048829236e-05,3.7862763593123125e-06,5.952914949431403e-07,1.6959774710434933e-20,2.0674936402065367e-07,1.1306971345245529e-20,1.1062360138422456e-10,1.7138940550612455e-11,2.610546111718235e-10,2.610546111718235e-10,2.596762781142581e-10,2.6223463593457606e-10,3.99256086397951e-06,5.735776618575164e-07,2.1291904240229047e-20,2.017565695773241e-20,1.4153963798725004e-20,1.3446231184277817e-20,3.2310500244120933e-09,4.053224248565459e-09,3.0115424567183296e-09,3.0115424567183296e-09,3.0612149057539717e-09,3.073261001435679e-09,1.5646800709098173e-05,5.402380885978035e-06,1.8072313034939824e-20,1.679797511707372e-20,6.008519400776878e-07,1.0340473938493397e-20,5.029939529996024e-06,3.1044583159229836e-10,1.7858325077460993e-09,1.7858325077460993e-09,1.7869936135477185e-09,1.7611597850466024e-09,1.8840523673903062e-05,3.0429326081572612e-06,1.9645604641663688e-20,1.9482351770043e-20,1.2797153188948618e-20,1.2216082893331058e-20,1.1809420884110478e-10,2.1182926637393258e-20,1.2536142898524327e-09,2.9155339066651355e-20,7.015895962284142e-10,3.0846348360368155e-20,7.115702879487872e-11,2.653377618262429e-20,1.65419216225779e-09,2.4667848267566626e-20,5.653867600891365e-10,1.9510841697673458e-20,1.4535246335901728e-06
South Carolina,3.107654028547322e-09,2.5055133098049674e-09,2.5281282509077913e-09,2.593574966452577e-09,1.4367313745992272e-09,1.5006489502049463e-09,1.5666760953215308e-05,7.665191425012999e-06,2.0369734966388838e-20,1.9982010430791647e-20,1.355594218123478e-20,1.2833272801253683e-20,4.977926095104206e-06,1.8406788565719708e-09,1.2509476186772067e-09,1.2509476186772067e-09,1.3125553449204377e-09,1.2638320237654956e-09,3.879795293501627e-05,7.871633451272488e-06,1.6877697564501183e-20,1.6497689192551983e-20,9.97593669150036e-21,9.602385150470852e-21,4.141412435643916e-09,3.1729980504308803e-10,3.1618544057681893e-09,3.1618544057681893e-09,3.129489618969331e-09,3.1745044678543886e-09,3.5580325247266485e-05,2.1755410086493307e-06,3.5960191388297663e-06,3.5960191388297663e-06,3.59601913882977e-06,3.5960191388297697e-06,1.5137699321102648e-10,8.788452108077301e-11,2.5259832845475076e-10,2.5259832845475076e-10,2.532603266388417e-10,2.532212318027117e-10,1.014098441232752e-05,3.402600688312256e-06,2.0435528122509224e-20,1.9758376319335062e-20,1.3164439545845058e-20,1.2570895402935439e-20,5.0047993799305854e-06,8.200245757983296e-09,2.5496809794515797e-09,2.5496809794515797e-09,2.605968264844352e-09,2.491989761510777e-09,3.0469595570106333e-05,2.6604033640718385e-06,1.6918785909566285e-20,1.6143163741017425e-20,1.0227951830533411e-20,9.441969556880066e-21,2.898799670024012e-06,8.603306222848426e-10,2.593553536575077e-09,2.593553536575077e-09,2.595073749026893e-09,2.5981626181673745e-09,2.7807385065425363e-05,1.0103733436171916e-05,3.902978092157905e-06,3.902978092157906e-06,3.902978092157909e-06,3.902978092157909e-06,2.2554499453492094e-09,2.3083935114454472e-20,8.923390294950219e-10,1.8557562086450554e-20,1.4311620678648044e-09,1.9780614559820684e-06,1.966961169628921e-10,2.437526290887964e-20,1.984301200206089e-09,1.8607381134711743e-20,1.581822406680959e-09,1.4726855585948257e-06,2.842229490693084e-06
South Dakota,4.752360801652023e-10,8.609396908759096e-10,4.892699528454946e-10,4.892699528454946e-10,4.822294997799925e-10,4.987494548435574e-10,7.314542048992586e-06,1.8783641566707705e-05,2.0848136918331398e-20,2.0839254030446982e-20,1.469310984289159e-20,1.4209450552381802e-20,5.0068289937749865e-06,2.995694866452709e-08,6.772488368722573e-10,6.772488368722573e-10,6.851088968716844e-10,6.762655037613746e-10,1.1379274587135453e-05,0.0009267065774959705,1.653972158982781e-20,1.4636294167763715e-20,3.56232578009225e-07,8.415504757496776e-21,5.030899042589079e-06,2.0716194804831145e-09,9.851644904203305e-10,9.851644904203305e-10,9.955731815679676e-10,9.888277162475458e-10,9.056026802149754e-06,3.594390783774337e-05,1.5627404294528827e-20,1.536453929491009e-20,1.1364275543394458e-08,1.0187139623207783e-20,4.752360801652023e-10,8.608931408124336e-10,4.892699528454946e-10,4.892699528454946e-10,4.802008431665354e-10,5.012500039305862e-10,7.314542048992586e-06,0.00010616782860547712,2.055972994522919e-20,2.06719931470251e-20,1.4458106552568618e-20,1.4134328232556015e-20,5.006828995588168e-06,7.525818585529426e-10,6.772471568765091e-10,6.772471568765091e-10,6.748130621120865e-10,6.893111781559934e-10,1.1379830716699464e-05,0.00186995820195679,1.6656848041539284e-20,1.452199597801167e-20,1.541813943724205e-07,8.299194064395253e-21,5.030899042589079e-06,6.446567848993679e-10,9.851644904203305e-10,9.851644904203305e-10,9.925083092688485e-10,9.888902144643498e-10,9.056026802149754e-06,0.00010916102467490583,1.5645166078205945e-20,1.5585881416034397e-20,1.0500387662014591e-20,1.0282116120122718e-20,4.4333603859483493e-10,1.7310946013388323e-20,7.914026626796497e-10,2.460772851751568e-20,1.0045162658945367e-09,2.583192917351323e-20,4.5030852321127214e-10,2.641838858787064e-20,5.891292156026975e-10,2.508465239287234e-20,5.763350747910979e-10,1.5944089322518215e-20,3.741518896504007e-05
Tennessee,2.1823214995027818e-09,3.7166363918533047e-09,2.291107351284967e-09,2.291107351284967e-09,2.305070772474998e-09,2.2503768962289742e-09,1.330666169236084e-05,1.1488833845116794e-05,1.8267452994347288e-06,1.8267452994347283e-06,1.8267452994347296e-06,1.8267452994347296e-06,5.0521058544984684e-06,2.8095821687524244e-09,2.1474753629568226e-09,1.9505346670592114e-09,2.0929875224816787e-09,2.0143799079544163e-09,1.7593297429811763e-05,9.915146883977955e-06,1.8215019409976582e-06,1.8215019409976582e-06,1.82150194099766e-06,1.82150194099766e-06,2.790743717808733e-06,1.7497775804754276e-10,2.0042362667819674e-09,2.0042362667819674e-09,2.000215656036281e-09,1.991269332585857e-09,1.9703495705620375e-05,1.4926772300244059e-06,2.6300881223534947e-06,2.6300881223534947e-06,2.6300881223534985e-06,2.630088122353499e-06,1.576351634797395e-10,4.391249344688331e-11,2.2754469119855253e-10,2.2754469119855253e-10,2.2978647727829752e-10,2.2625118879530064e-10,6.294488169848387e-06,1.7162318080156182e-06,2.1224404041577855e-20,2.0779195213254903e-20,1.495230061128085e-20,1.9441680381733966e-07,3.6566327198164483e-09,3.412250291667688e-09,3.4409311159787914e-09,3.4409311159787914e-09,3.456751129258721e-09,3.440841704935401e-09,1.840852094697481e-05,5.855231399646633e-06,3.724606229890223e-06,3.7246062298902235e-06,3.7246062298902256e-06,3.5731195781621448e-06,1.4346910465912073e-06,5.52923457546985e-10,1.1564578292385308e-09,1.1564578292385308e-09,1.1429896686888002e-09,1.138628300307673e-09,1.2795709067467426e-05,4.873117960828313e-06,6.2731857798826555e-06,6.273185779882656e-06,6.2731857798826605e-06,6.2731857798826605e-06,2.251685052101908e-09,1.9401848454025863e-06,1.7120342281867613e-09,1.7100874962891882e-06,6.529938946948816e-10,1.4253334703586547e-06,1.3643780308724088e-10,3.258884895998583e-20,1.8595881387915534e-09,2.4793416317451e-06,1.1026102842565937e-09,2.4430361160990837e-06,2.475421741610142e-06
Texas,1.0076943772527369e-10,8.792962372213803e-11,2.501150540039847e-10,2.501150540039847e-10,2.5086605398164227e-10,2.4898182014837365e-10,3.864294071289195e-06,3.2523935018069387e-06,2.0194002637319822e-20,1.974900327501286e-20,1.3245063947416889e-20,1.2880076869194967e-20,2.7506077260991448e-09,5.449373499300942e-09,2.5674725745375316e-09,2.5674725745375316e-09,2.5042753100344864e-09,2.592835896477729e-09,1.610450435659146e-05,2.913594293954863e-05,1.9604412491394554e-06,1.960441249139455e-06,1.9604412491394575e-06,1.9604412491394575e-06,2.0810291914372467e-09,8.1577108482272e-10,2.8875014846368492e-09,2.8875014846368492e-09,2.8851367294989605e-09,2.902669991988624e-09,2.0200305166463e-05,6.287192043274817e-06,5.443298875146072e-06,5.443298875146072e-06,5.443298875146076e-06,5.443298875146077e-06,9.972247331877503e-11,6.78843598155186e-11,1.8431245239713598e-10,1.8431245239713598e-10,1.8454107247420772e-10,1.8530922375146846e-10,3.422625317677833e-06,4.005851055072311e-06,2.079255660904987e-20,2.038563551464388e-20,1.4429264019361688e-20,1.4361739516349972e-20,4.618874529484244e-06,3.018696014681669e-09,3.855173329102204e-09,3.855173329102204e-09,3.906233107536528e-09,3.851159877652889e-09,1.4758353359570376e-05,6.2645411128951825e-06,1.0497343920964336e-06,1.049734392096434e-06,1.0497343920964352e-06,1.0497343920964348e-06,1.1522858545313206e-05,6.268695006407126e-10,2.181614227005413e-09,2.181614227005413e-09,2.1804141043727654e-09,2.201807852194903e-09,2.526877827416666e-05,2.774367515148676e-06,4.8413807678655035e-06,4.8413807678655035e-06,4.841380767865508e-06,4.841380767865508e-06,1.3528221634862732e-10,1.9372752247984557e-20,2.507200963170052e-09,5.867038378719229e-07,1.9545592469736945e-09,1.950664745125855e-06,1.4589084646861403e-10,2.6981817761301324e-20,2.7296991294506667e-09,3.3324560149445445e-07,1.6098427857819043e-09,2.5006206258486398e-06,2.5012317318216278e-06
Utah,5.006729839378352e-06,1.3902085720037271e-10,3.7794294463758465e-11,3.7794294463758465e-11,3.7757423633246715e-11,3.733638469085441e-11,1.5649542774664427e-06,5.267177467186899e-06,2.0667514327094506e-20,2.0394715976347937e-20,6.5928077726639e-07,1.3792892944224524e-20,3.612731024102272e-10,7.227268818627356e-10,4.347349825558732e-10,4.347349825558732e-10,4.311396527767179e-10,4.396699577290985e-10,7.011303846532657e-06,1.4364828753814927e-05,2.0141213769312078e-20,1.9865848474363422e-20,1.2958898659466654e-20,1.275004472056644e-20,1.8922915873454395e-10,4.915094287743251e-10,4.697060079502266e-10,4.697060079502266e-10,4.659313118255699e-10,4.675429542650291e-10,2.472949821279722e-06,4.581790750721948e-06,1.0299507499174161e-07,1.0299507499174161e-07,1.0299507499174252e-07,1.0299507499174252e-07,5.006731597875877e-06,1.2619509968132492e-10,3.6103389207446605e-11,3.6103389207446605e-11,3.5914463810695446e-11,3.4994486236099666e-11,1.499086774364078e-06,4.9044164271059295e-06,2.0667514327094506e-20,2.0507882509069543e-20,1.452518307252563e-20,1.403573836446415e-20,3.65851455142353e-10,7.131249698426225e-10,4.358786266510688e-10,4.358786266510688e-10,4.364208442055618e-10,4.3642489102051857e-10,7.072901187071588e-06,1.4167947346887308e-05,1.9744315084258373e-20,1.9995904517831996e-20,1.2713688659333465e-20,1.2411552631183192e-20,2.210105997793729e-10,4.830284767152375e-10,4.718903048335364e-10,4.718903048335364e-10,4.803178566047409e-10,4.716559059832326e-10,2.634588392862139e-06,4.509429109679463e-06,2.0328790734103208e-20,2.0390176250976982e-20,1.3497769246657569e-20,1.3342557847395902e-20,2.6793877333672427e-11,2.3765664657077142e-20,3.7438936202729145e-10,1.7071308635650208e-20,3.177844293873712e-10,3.126587362348535e-08,2.5889778931644488e-11,1.923126463514322e-20,3.810161163712465e-10,2.0025975303371062e-20,3.392318851733164e-10,2.2269490215857035e-20,9.664308088084293e-07
Vermont,2.908286893566442e-06,6.549107521227491e-16,1.8060054127766016e-17,1.8060054127766016e-17,1.0182045543102471e-17,1.0066990487570173e-17,2.9082868894707995e-06,2.149942060071595e-19,2.154475784175461e-20,2.154475784175461e-20,1.6382250406739897e-20,1.6435847236576857e-20,3.555460352384226e-06,6.661737425294443e-16,1.8060054127766016e-17,1.8060054127766016e-17,8.94361333379691e-18,9.450250542943722e-18,3.5554573853734386e-06,2.2927742525973885e-19,2.154475784175461e-20,2.154475784175461e-20,1.610009608649371e-20,1.6334146277175432e-20,5.030523509736404e-06,3.6300072821928495e-10,1.298559745284109e-09,1.298559745284109e-09,1.297971407052713e-09,1.2962723520439821e-09,1.2039508896872463e-05,3.1975039705166305e-06,1.8164284687616602e-20,1.8003025956708237e-20,1.1396678257815255e-20,1.0885651767230477e-20,2.908286893566442e-06,6.435667982442615e-16,1.8060054127766016e-17,1.8060054127766016e-17,9.242527362655404e-18,9.242527362655404e-18,2.9082868894707995e-06,2.323491466177337e-19,2.154475784175461e-20,2.154475784175461e-20,1.598468172327529e-20,1.5594788483005478e-20,3.555460352384226e-06,5.562110634072214e-16,1.8060054127766016e-17,1.8060054127766016e-17,9.305331215594969e-18,9.79327345129627e-18,3.5554573853734386e-06,2.9790305727569963e-19,2.154475784175461e-20,2.154475784175461e-20,1.592956696835948e-20,1.6373771711921956e-20,8.112840791350801e-10,2.6319049057841805e-10,1.0410425184314404e-09,1.0410425184314404e-09,1.0363037239527643e-09,1.04238654915275e-09,6.866771037982278e-06,2.250676427491381e-06,1.8910882940972837e-20,1.83594552832492e-20,1.1290584421641406e-20,1.131515590755158e-20,6.982961441045399e-17,1.5792404087552492e-20,6.815527209139227e-17,1.87856357957957e-20,5.602770477801196e-10,1.6220397356546016e-20,7.158417315289419e-17,2.0134318061114774e-20,6.895107872889655e-17,2.3321333942617932e-20,6.105422425589559e-10,2.0005161881530624e-20,6.577610395280769e-07
Virginia,7.302555752841946e-09,5.166490474324063e-09,1.2059414835457848e-09,4.2533420750393924e-10,3.588453252303677e-10,1.762292405968248e-10,1.4248016899619365e-05,1.0012235271102732e-05,2.1278856396552325e-20,2.012741999042944e-20,1.3792892944224524e-20,1.3217076459307438e-20,1.4505123986284188e-06,8.00011827230765e-09,4.2083047967077555e-10,7.483231432717848e-10,1.731995334136366e-09,1.0507944162821988e-09,2.8542309918236665e-05,1.7425595970280975e-05,1.5568051993897586e-20,1.4868481386313948e-20,8.654135944354109e-21,5.40392046977134e-07,5.026757949684003e-06,1.194932631137786e-09,4.440740201860199e-09,4.440740201860199e-09,4.459725917371544e-09,4.447076326864355e-09,3.091253613551616e-05,1.0867261719599561e-05,1.40192393128408e-20,1.373572356979686e-20,7.5024177328891e-21,6.978182516166718e-21,7.302567221350546e-09,7.604790224527477e-09,1.2453710842592759e-09,1.95578037445582e-10,3.981670511679727e-10,1.4797531624245987e-10,1.424955675614722e-05,1.2308366494740692e-05,2.028548216621924e-20,2.0016727565494713e-20,1.3866526965350557e-20,1.3422112364529637e-20,1.4499020670790308e-06,7.372442968270802e-09,4.229909942768356e-10,1.0626624039309164e-09,1.623307341527317e-09,9.986568411193403e-10,2.7829060160141548e-05,1.668784972864783e-05,1.548158699357909e-20,1.5060260862449854e-20,8.621984244556117e-21,8.050048043246854e-21,5.0268794424292186e-06,1.1146840305738726e-09,4.339359820172023e-09,4.339359820172023e-09,4.340798455276829e-09,4.3842218918465785e-09,4.008692366007062e-05,1.0043292117047643e-05,1.4595123075888756e-20,1.4081832867409785e-20,7.270554033486287e-21,6.850991551153259e-21,3.96487655319267e-10,1.9558232687327164e-20,6.980406492046342e-10,1.9572427608286627e-20,1.7963152892461779e-09,1.1497768389435765e-20,3.052110772385203e-10,1.981452147533248e-20,7.509494888492407e-10,1.469940914000538e-20,1.7489566061103032e-09,1.2666269772963573e-20,2.9381620036145953e-06
Washington,2.908286893566442e-06,2.924543703274602e-14,1.8060054127766016e-17,1.8060054127766016e-17,1.0124681449770191e-17,9.094298530230457e-18,2.9082868894707995e-06,1.733942180307154e-17,2.154475784175461e-20,2.154475784175461e-20,1.5707174151310713e-20,1.6148897416829905e-20,1.2575293091860119e-10,1.2190582352944199e-10,2.8835829971578384e-10,2.8835829971578384e-10,2.8513391978311254e-10,2.8835057703981976e-10,2.3640894701297986e-06,2.055175391717049e-06,2.0555226664056952e-20,2.0611446961232667e-20,1.4245238578400897e-20,1.420293395008889e-20,5.030857488369747e-06,2.0654003041527763e-09,9.730473590849206e-10,9.730473590849206e-10,9.97251583045701e-10,9.554187414279457e-10,2.817533049539696e-05,1.4599443147144582e-05,3.324121162275149e-06,3.3241211622751506e-06,2.940930243390901e-06,2.953267265519951e-06,2.908286893566442e-06,4.3259661496653827e-14,1.8060054127766016e-17,1.8060054127766016e-17,9.852567273272314e-18,9.388416178563658e-18,2.9082868894707995e-06,1.2633713512610667e-17,2.154475784175461e-20,2.154475784175461e-20,1.6094345025018388e-20,1.632280705590102e-20,1.2621289322603944e-10,1.22213939344909e-10,2.886201486140827e-10,2.886201486140827e-10,2.9071207645433826e-10,2.8835213795764874e-10,2.3725713994616987e-06,2.065208312058528e-06,2.0611446961232667e-20,2.06719931470251e-20,1.3916508601505038e-20,1.4245238578400897e-20,1.003261718276712e-09,1.8579570908889e-09,1.1359766008953564e-09,1.1359766008953564e-09,1.1405441644341652e-09,1.158250809227363e-09,1.7250338426874892e-05,1.3789902455593734e-05,3.3589215507850155e-06,1.8330021153752888e-06,2.629425216416276e-06,2.910133088212739e-06,7.142669592658398e-17,1.5400648720258895e-20,1.656850809568187e-10,1.7473293744549756e-20,7.480422303098511e-10,1.684304015529227e-06,6.693367519167991e-17,2.034472328260933e-20,1.6882011578912117e-10,2.0381093766672924e-20,1.0969585201082237e-09,2.069427970584965e-06,1.5045487648267165e-06
West Virginia,2.6307324349950645e-09,3.524759523624465e-09,3.493133581451869e-11,3.16310925726622e-11,5.300708213567656e-10,5.363310294032521e-10,1.1946364421467836e-05,9.003737362040302e-06,1.909600161256339e-20,1.8291255929068448e-20,1.218573232993208e-20,1.1649745487650422e-20,2.0546874488955564e-09,7.218467568828184e-09,5.3762386268893426e-09,4.657730019773437e-09,5.184734642213361e-09,4.3251932500410276e-09,4.6842271766345915e-05,1.2881634422604333e-05,8.124454619453307e-21,6.228112715273506e-21,7.677588713835437e-06,1.3160622280770537e-06,3.842721755448009e-09,1.5300611931186108e-09,4.142857132028235e-09,4.142857132028235e-09,4.105892520419683e-09,4.1452317699984e-09,3.48191694838157e-05,1.3384114654935202e-05,4.440345784814487e-06,1.7725225203310719e-06,3.3102939317068414e-06,1.5249038828477096e-06,2.6306946359406034e-09,3.5256666504611193e-09,3.736664927942095e-11,2.5979046104504582e-11,5.008164783398678e-10,5.458059365025011e-10,1.1944848164968797e-05,9.00402530592927e-06,1.9035306011779117e-20,1.8644658062495974e-20,1.2063566514792245e-20,1.1265959344513176e-20,2.0591278770853218e-09,7.217043493749185e-09,5.375551985061716e-09,4.532580076719098e-09,5.197269199837117e-09,4.319550739242878e-09,4.684974593450478e-05,1.2882142431808313e-05,8.124454619453307e-21,6.3239922010645466e-21,6.473587629756753e-06,1.6805071034090715e-06,3.8377599261759135e-09,1.5506095988570409e-09,4.129375125689606e-09,4.129375125689606e-09,4.136705971840871e-09,4.133567036186382e-09,3.471558725632241e-05,1.3560684954694054e-05,3.5410967652502613e-06,1.9410784909034598e-06,3.234084304375287e-06,1.9410784909034627e-06,7.429976675514243e-11,1.648646245481591e-20,4.204238767184414e-09,1.7930889901451274e-20,2.707333121320666e-09,3.088647868829618e-06,6.882334173649503e-11,1.905474963892357e-20,4.240935045989668e-09,1.9219226283644208e-20,2.7701501892060454e-09,3.0711072807098e-06,3.606871391788926e-06
Wisconsin,4.973954156883056e-06,2.1327499120680614e-10,1.1001439910931811e-10,1.1001439910931811e-10,1.0781643695697461e-10,1.1117552338982629e-10,4.470884890031348e-06,7.992409374006967e-06,9.392910407593662e-06,6.518303886213866e-06,2.4607236866421765e-06,2.0302204130663903e-06,5.284941701941275e-10,6.359035383548134e-10,6.46346222608401e-10,6.46346222608401e-10,6.5519162293285e-10,6.298321381095303e-10,1.75145289624856e-05,2.0435286864551268e-05,9.82326139263819e-07,9.823261392638202e-07,1.7057171754910807e-06,9.748470112078074e-07,9.69418980937802e-10,1.4478844521317347e-09,8.973109333298621e-10,8.973109333298621e-10,8.969759645536855e-10,8.909084401151817e-10,9.271797832785814e-06,1.3365394217197323e-05,1.0605657338069133e-20,9.78857848070414e-21,3.1835650796623953e-07,9.992678882672306e-08,4.9739535128793e-06,2.076263946481459e-10,1.0960713620324895e-10,1.0960713620324895e-10,1.0858992499282668e-10,1.0847894824118676e-10,4.4708959724235944e-06,7.685003421915835e-06,9.566191533760653e-06,1.807840270881588e-06,1.6295308399894478e-06,8.973323573713629e-07,5.284709576345874e-10,6.284527805889303e-10,6.516791556432724e-10,6.516791556432724e-10,6.614977042821832e-10,6.498212196862472e-10,1.7439956325243042e-05,2.0332589757580013e-05,1.0114177970688591e-20,8.797364592780448e-21,1.5016215632686002e-06,6.550380435942705e-07,9.70047430332045e-10,1.4467058215269506e-09,8.973448068834657e-10,8.973448068834657e-10,8.934128561244985e-10,8.950064598670076e-10,9.275818571323057e-06,1.336283651731067e-05,1.0504794960282957e-20,9.218723576946055e-21,4.3042923732528e-07,3.61292551884404e-21,9.432774707362842e-11,3.2605539581765863e-06,5.522450681529982e-10,8.176815849357989e-07,9.435212217639677e-10,1.3673460369247067e-07,9.561092851233918e-11,1.833898287022881e-06,5.602561261396705e-10,2.6374549341264283e-20,9.557763049894739e-10,1.4117876019357596e-07,2.4253929869265e-06
Wyoming,7.798948056669108e-11,4.5225871715256474e-11,1.4562612842756157e-10,1.4562612842756157e-10,1.456109088495568e-10,1.4471306558658894e-10,3.10675099325625e-06,1.6665375551739838e-06,2.1224404041577855e-20,2.1165438150088014e-20,1.5225326496168462e-20,1.536453929491009e-20,2.0638172509656597e-10,1.6035435438376239e-09,3.5609700623526224e-10,3.5609700623526224e-10,3.578809514047446e-10,3.501604019840919e-10,1.1828081354081448e-05,8.828426554595321e-06,4.4989645957667165e-06,6.916185606521743e-06,5.161934644875159e-06,5.9144226771292645e-06,1.0980417612437482e-09,1.2097319968132854e-09,8.665951130705941e-10,8.665951130705941e-10,8.73685143511054e-10,8.684044735440939e-10,1.01101001103546e-05,1.2291794952586842e-05,4.1281237039878865e-06,6.3883975454810135e-06,5.10928197471372e-06,5.065397810034683e-06,7.799112545091243e-11,4.341727540418139e-11,1.4562315958822998e-10,1.4562315958822998e-10,1.4453552365759414e-10,1.441141620780297e-10,3.1065940780413068e-06,1.6665528271086556e-06,2.116981162635126e-20,2.1000775324029183e-20,1.5243556787866712e-20,1.5121606374489393e-20,2.0592268252837145e-10,1.6028219545373372e-09,3.553859544799458e-10,3.553859544799458e-10,3.636910856107262e-10,3.7842762697564797e-10,1.1826999276094016e-05,8.818285777278221e-06,7.086973515930029e-06,7.177206797550923e-06,5.4146782043745556e-06,5.6456651327255466e-06,1.0984574310389127e-09,1.2091022139606146e-09,8.673585574903672e-10,8.673585574903672e-10,8.791475715815466e-10,8.937068638500379e-10,1.0114323379585845e-05,1.2291669734003432e-05,5.926051532571954e-06,3.847718499909319e-06,5.260698896964075e-06,5.192041560056943e-06,9.21725283548788e-11,2.1784056422521953e-20,2.1071844683185733e-10,3.291230898673402e-06,1.1450976853911363e-09,2.1070514068654058e-06,9.180818240364589e-11,2.4710968992871225e-20,2.137864598147697e-10,3.7634930390888177e-06,1.161250376854033e-09,2.139126692799372e-06,2.329918717125473e-06
Model Mean,1.3358249065432002e-06,5.2783744056098814e-09,8.275720322760174e-10,7.948384181902563e-10,3.117123916950751e-09,9.575084883920724e-10,7.1648995642105134e-06,1.2183180157093188e-05,3.3562747782148534e-06,3.433885505965978e-06,6.52680848281471e-06,3.420355100112676e-06,2.383323773998378e-06,6.978661329370067e-09,1.750721149186503e-09,1.7417388971856198e-09,1.640480063260343e-09,1.5791956719980333e-09,1.965632424200979e-05,3.204958586207952e-05,5.326099387357568e-06,3.362692213122427e-06,5.833809103885978e-06,3.6311016366417853e-06,1.8502158749320353e-06,1.8532169382650401e-09,2.1873257561736137e-09,2.16780551669311e-09,2.182906153118086e-09,2.1703993194396118e-09,1.8653770876784883e-05,9.608993572749296e-06,4.109915936824654e-06,4.25742786240964e-06,4.1555532441588406e-06,4.1600966102541975e-06,1.7268793004245859e-06,2.636592577206896e-09,6.797164041448029e-10,6.672536719128326e-10,1.3793073507500039e-09,6.534852708511154e-10,6.159072593037288e-06,1.112608406659664e-05,3.1207230291030213e-06,2.74557848658513e-06,3.227073279642795e-06,2.741161450874172e-06,1.5026639261830201e-06,5.614844201253149e-09,1.8056514186479232e-09,1.7882303424571779e-09,1.8313689702547958e-09,1.7299689968840392e-09,1.6262907858321144e-05,4.867806103659837e-05,4.173882128600932e-06,4.4006999882000374e-06,4.931450856426655e-06,4.397971007006466e-06,2.1030635916758145e-06,1.977733096462888e-09,1.910427066328801e-09,1.8912748823190476e-09,1.9118889005549358e-09,1.8985043400849183e-09,1.9001261941893052e-05,1.1255065110270823e-05,5.246518438610298e-06,5.072650563510022e-06,5.227950757499706e-06,5.179103729128318e-06,4.52430172196493e-10,1.342920996246414e-06,1.2766777360717053e-09,1.6541857215568403e-06,1.462860015236467e-09,2.035767243106269e-06,3.8231632341669607e-10,8.893658742034912e-07,1.3192990404933634e-09,1.7190956084260317e-06,1.2970959910948413e-09,2.294964776219556e-06,3.985072105320664e-06
