date,Arizona-jh_beta_7_truth,Arizona-jh_beta_7_ARIMA_predications,Arizona-jh_beta_7_OLS_predications,Arizona-jh_beta_7_DT_predications,Arizona-jh_beta_7_RF_predications,Arizona-jh_beta_7_Bagged_DT_predications,Arizona-jh_beta_7_Bagged_RT_predications,Arizona-jh_gamma_7_truth,Arizona-jh_gamma_7_ARIMA_predications,Arizona-jh_gamma_7_OLS_predications,Arizona-jh_gamma_7_DT_predications,Arizona-jh_gamma_7_RF_predications,Arizona-jh_gamma_7_Bagged_DT_predications,Arizona-jh_gamma_7_Bagged_RT_predications,Arizona-jh_beta_14_truth,Arizona-jh_beta_14_ARIMA_predications,Arizona-jh_beta_14_OLS_predications,Arizona-jh_beta_14_DT_predications,Arizona-jh_beta_14_RF_predications,Arizona-jh_beta_14_Bagged_DT_predications,Arizona-jh_beta_14_Bagged_RT_predications,Arizona-jh_gamma_14_truth,Arizona-jh_gamma_14_ARIMA_predications,Arizona-jh_gamma_14_OLS_predications,Arizona-jh_gamma_14_DT_predications,Arizona-jh_gamma_14_RF_predications,Arizona-jh_gamma_14_Bagged_DT_predications,Arizona-jh_gamma_14_Bagged_RT_predications,Arizona-jh_beta_30_truth,Arizona-jh_beta_30_ARIMA_predications,Arizona-jh_beta_30_OLS_predications,Arizona-jh_beta_30_DT_predications,Arizona-jh_beta_30_RF_predications,Arizona-jh_beta_30_Bagged_DT_predications,Arizona-jh_beta_30_Bagged_RT_predications,Arizona-jh_gamma_30_truth,Arizona-jh_gamma_30_ARIMA_predications,Arizona-jh_gamma_30_OLS_predications,Arizona-jh_gamma_30_DT_predications,Arizona-jh_gamma_30_RF_predications,Arizona-jh_gamma_30_Bagged_DT_predications,Arizona-jh_gamma_30_Bagged_RT_predications,Arizona-cdc_beta_7_truth,Arizona-cdc_beta_7_ARIMA_predications,Arizona-cdc_beta_7_OLS_predications,Arizona-cdc_beta_7_DT_predications,Arizona-cdc_beta_7_RF_predications,Arizona-cdc_beta_7_Bagged_DT_predications,Arizona-cdc_beta_7_Bagged_RT_predications,Arizona-cdc_gamma_7_truth,Arizona-cdc_gamma_7_ARIMA_predications,Arizona-cdc_gamma_7_OLS_predications,Arizona-cdc_gamma_7_DT_predications,Arizona-cdc_gamma_7_RF_predications,Arizona-cdc_gamma_7_Bagged_DT_predications,Arizona-cdc_gamma_7_Bagged_RT_predications,Arizona-cdc_beta_14_truth,Arizona-cdc_beta_14_ARIMA_predications,Arizona-cdc_beta_14_OLS_predications,Arizona-cdc_beta_14_DT_predications,Arizona-cdc_beta_14_RF_predications,Arizona-cdc_beta_14_Bagged_DT_predications,Arizona-cdc_beta_14_Bagged_RT_predications,Arizona-cdc_gamma_14_truth,Arizona-cdc_gamma_14_ARIMA_predications,Arizona-cdc_gamma_14_OLS_predications,Arizona-cdc_gamma_14_DT_predications,Arizona-cdc_gamma_14_RF_predications,Arizona-cdc_gamma_14_Bagged_DT_predications,Arizona-cdc_gamma_14_Bagged_RT_predications,Arizona-cdc_beta_30_truth,Arizona-cdc_beta_30_ARIMA_predications,Arizona-cdc_beta_30_OLS_predications,Arizona-cdc_beta_30_DT_predications,Arizona-cdc_beta_30_RF_predications,Arizona-cdc_beta_30_Bagged_DT_predications,Arizona-cdc_beta_30_Bagged_RT_predications,Arizona-cdc_gamma_30_truth,Arizona-cdc_gamma_30_ARIMA_predications,Arizona-cdc_gamma_30_OLS_predications,Arizona-cdc_gamma_30_DT_predications,Arizona-cdc_gamma_30_RF_predications,Arizona-cdc_gamma_30_Bagged_DT_predications,Arizona-cdc_gamma_30_Bagged_RT_predications,Arizona-jh_beta_7_ensemble,Arizona-jh_gamma_7_ensemble,Arizona-jh_beta_14_ensemble,Arizona-jh_gamma_14_ensemble,Arizona-jh_beta_30_ensemble,Arizona-jh_gamma_30_ensemble,Arizona-cdc_beta_7_ensemble,Arizona-cdc_gamma_7_ensemble,Arizona-cdc_beta_14_ensemble,Arizona-cdc_gamma_14_ensemble,Arizona-cdc_beta_30_ensemble,Arizona-cdc_gamma_30_ensemble
07-02-2021,0.025,0.02499806027963,0.0250000078487527,0.025000000794901,0.0250000017173529,0.0250000011419815,0.0250000009938691,1e-05,5.568615553493964e-05,2.2979790950228285e-05,1.000000000000002e-05,1.000000000000002e-05,1.0000000000000013e-05,1.0000000000000013e-05,0.025,0.024999995475184,0.0249999967299615,0.0250000003145013,0.0250000008319743,0.0250000000839833,0.0250000003366921,1e-05,2.1630251007610064e-05,9.46009650498736e-06,1.0000000000000018e-05,1.0000000000000016e-05,1.0000000000000013e-05,1.000000000000001e-05,0.025,0.0250000006569565,0.0249999996275752,0.0250000039004693,0.0250000039004693,0.0250000040424529,0.0250000038944265,1e-05,1.7904650068767598e-05,7.1082689905299645e-06,1.0000000000000018e-05,1.0000000000000016e-05,1.0000000000000013e-05,1.000000000000001e-05,0.025,0.0249980357869048,0.0250000078367369,0.0250000007955852,0.0250000006745591,0.0250000008158654,0.0250000020909247,1e-05,5.621365158220146e-05,2.303446013962596e-05,1.000000000000002e-05,1.000000000000002e-05,1.0000000000000013e-05,1.0000000000000013e-05,0.025,0.0249999954491767,0.024999996732068,0.0250000002982089,0.025000000759422,0.0250000002558835,0.025000000114154,1e-05,2.1614496503205032e-05,9.453020763494637e-06,1.0000000000000018e-05,1.0000000000000018e-05,1.0000000000000013e-05,1.000000000000001e-05,0.025,0.025000000656018,0.0249999996283747,0.0250000038973859,0.0250000038973859,0.0250000039514067,0.025000004010352,1e-05,1.7928010940589724e-05,7.117356250196938e-06,1.0000000000000018e-05,1.0000000000000016e-05,1.000000000000001e-05,1.0000000000000013e-05,0.025000001440127404,1.0000000000000021e-05,0.025000000340667083,1.0814557004024879e-05,0.025000001776500975,1.053769771621025e-05,0.02500000128261137,1.0000000000000028e-05,0.025000000278569384,1.084401762985815e-05,0.025000001803720116,1.0567952741577364e-05
07-03-2021,0.025,0.0249951785247789,0.025000012071144,0.0250000007949011,0.0250000022885281,0.0250000012286625,0.02500000195734,1e-05,2.975749965828417e-05,3.5259677833437975e-05,1.000000000000002e-05,1.000000000000002e-05,1.0000000000000013e-05,1.0000000000000013e-05,0.025,0.0249999952818046,0.0249999886257713,0.0250000003145014,0.0250000001131106,0.0250000005970868,0.0249999999011671,1e-05,2.2282443471136615e-05,5.747395710020697e-06,1.0000000000000018e-05,1.0000000000000018e-05,1.0000000000000013e-05,1.000000000000001e-05,0.025,0.0250000006842517,0.0249999993603614,0.0250000039004693,0.0250000039004693,0.0250000039111299,0.0250000036010063,1e-05,1.82184059656059e-05,4.545751039253254e-06,1.0000000000000018e-05,1.0000000000000018e-05,1.0000000000000013e-05,1.0000000000000013e-05,0.025,0.024995178363145,0.0250000120492077,0.0250000007955852,0.0250000019486647,0.0250000019674681,0.0250000015908262,1e-05,5.303653660519593e-05,3.521108578136145e-05,1.000000000000002e-05,1.000000000000002e-05,1.0000000000000013e-05,1.0000000000000013e-05,0.025,0.0249999952545639,0.0249999885974185,0.0250000002982089,0.0249999983293583,0.0250000003787398,0.0250000006397247,1e-05,2.226668425471929e-05,5.712579151495589e-06,1.0000000000000018e-05,1.0000000000000016e-05,1.0000000000000013e-05,1.000000000000001e-05,0.025,0.0250000006832803,0.0249999993613185,0.0250000038973859,0.0250000038973859,0.0250000039997498,0.0250000038860844,1e-05,1.8241099596773283e-05,4.543545229995782e-06,1.0000000000000018e-05,1.0000000000000016e-05,1.0000000000000013e-05,1.000000000000001e-05,0.02500000167359617,1.000000000000002e-05,0.025000000191841332,1.0589170197353816e-05,0.025000001653452855,1.0427205400800962e-05,0.02500000153198457,1.000000000000003e-05,0.02500000025729123,1.0619738400157458e-05,0.025000001711666463,1.0457056762062058e-05
07-04-2021,0.025,0.0250021933133069,0.0249999904783645,0.0250000007949011,0.0250000015308565,0.025000001626669,0.0250000020101803,1e-05,7.173064207293366e-05,2.055097573311349e-06,1.000000000000002e-05,1.000000000000002e-05,1.0000000000000013e-05,1.0000000000000013e-05,0.025,0.0249999951007245,0.025000004828352,0.0250000003145013,0.0250000008684176,0.0250000004451023,0.0250000000373511,1e-05,2.300685556943368e-05,-2.523675940835357e-06,1.0000000000000018e-05,1.0000000000000018e-05,1.0000000000000013e-05,1.0000000000000013e-05,0.025,0.025000000706252,0.024999999067411,0.0250000039004693,0.0250000039004693,0.0250000038770104,0.0250000038631643,1e-05,1.8487999604010752e-05,1.0628654986688524e-06,1.0000000000000018e-05,1.0000000000000018e-05,1.0000000000000013e-05,1.0000000000000013e-05,0.025,0.0249951515887927,0.0249999904876833,0.0250000007955852,0.0250000006834071,0.0250000006955988,0.0250000014862329,1e-05,5.397737127965845e-05,1.892719673601828e-06,1.000000000000002e-05,1.000000000000002e-05,1.0000000000000013e-05,1.0000000000000013e-05,0.025,0.0249999950723919,0.0250000048303062,0.0250000002982089,0.0249999985950004,0.0250000006612597,0.0249999998062636,1e-05,2.299069999997025e-05,-2.530187379501392e-06,1.0000000000000018e-05,1.0000000000000018e-05,1.0000000000000013e-05,1.000000000000001e-05,0.025,0.0250000007052787,0.0249999990698739,0.0250000038973859,0.0250000038973859,0.025000003931884,0.0250000039233131,1e-05,1.850984537836701e-05,1.0714168478531685e-06,1.0000000000000018e-05,1.0000000000000016e-05,1.0000000000000013e-05,1.000000000000001e-05,0.025000001505954793,1.000000000000002e-05,0.02500000033361053,1.0069481701328495e-05,0.025000001577746275,1.0272336559150331e-05,0.02500000052847896,1.0000000000000023e-05,0.02500000008518809,1.0108449512456502e-05,0.025000001613510764,1.0302864361798003e-05
07-05-2021,0.025,0.024997720026536,0.0250000182238428,0.0250000007949011,0.0250000006979645,0.0250000301638835,0.0250000014114144,1e-05,5.553816568377347e-05,5.19568133257875e-05,1.000000000000002e-05,1.000000000000002e-05,1.0000000000000013e-05,1.0000000000000013e-05,0.025,0.0249999949290925,0.0249999887780073,0.0250000003145014,0.0249999985743017,0.0250000005990448,0.0250000001887325,1e-05,2.379467661544429e-05,1.6356224393665464e-05,1.0000000000000018e-05,1.0000000000000018e-05,1.000000000000001e-05,1.000000000000001e-05,0.025,0.0250000007346311,0.0249999996318316,0.0250000039004694,0.0250000039004694,0.0250000040969635,0.025000003946568,1e-05,1.881699322388565e-05,7.324303454070424e-06,1.0000000000000018e-05,1.0000000000000018e-05,1.000000000000001e-05,1.000000000000001e-05,0.025,0.024995124951454,0.0250000182060471,0.0250000007955852,0.0250000015149072,0.0250000009086451,0.0250000013985125,1e-05,4.698624776614753e-05,5.258442231936833e-05,1.000000000000002e-05,1.000000000000002e-05,1.0000000000000013e-05,1.1404068037298127e-05,0.025,0.0249999948997828,0.0249999887502554,0.0250000002982089,0.0250000005309289,0.0250000005194046,0.0249999998098981,1e-05,2.3777550941141327e-05,1.632205999402281e-05,1.0000000000000018e-05,1.0000000000000018e-05,1.0000000000000013e-05,1.3519455974980234e-05,0.025,0.0250000007335983,0.0249999996326687,0.0250000038973859,0.0250000038973859,0.0250000039263029,0.0250000038470933,1e-05,1.8831827781733536e-05,7.340525826737831e-06,1.0000000000000018e-05,1.0000000000000016e-05,1.000000000000001e-05,1.0000000000000013e-05,0.02500000352827102,1.0000000000000023e-05,0.025000000115799736,1.1314684735801038e-05,0.025000001810422418,1.057509710089775e-05,0.025000001302138797,1.0000000000000052e-05,0.025000000175389867,1.2166465959075935e-05,0.02500000181163201,1.060539626377498e-05
07-06-2021,0.025,0.0249987136554415,0.0250000157238379,0.0250000007949011,0.0250000039360343,0.0250000016918264,0.0250000024752741,1e-05,4.243491664746028e-05,4.154925308585966e-05,1.000000000000002e-05,1.000000000000002e-05,1.0000000000000013e-05,1.0000000000000013e-05,0.025,0.0249999947639937,0.0249999912126348,0.0250000003145013,0.0250000002152729,0.0250000006923522,0.0250000000400959,1e-05,2.458744336577534e-05,1.2644676884554508e-05,1.000000000000002e-05,1.0000000000000018e-05,1.0000000000000013e-05,1.0000000000000013e-05,0.025,0.0250000007651181,0.0249999995211291,0.0250000039004694,0.0250000039004694,0.0250000038985707,0.0250000039670309,1e-05,1.9152184012030137e-05,6.37663058539184e-06,1.0000000000000018e-05,1.0000000000000018e-05,1.000000000000001e-05,1.000000000000001e-05,0.025,0.024996744666338,0.0250000157050871,0.0250000007955852,0.0250000019374869,0.0250000016706173,0.0250000020613719,1e-05,5.355375064499847e-05,4.188229439772151e-05,1.000000000000002e-05,1.000000000000002e-05,1.0000000000000013e-05,1.0421220411189446e-05,0.025,0.0249999947337765,0.0249999911995064,0.0250000002982089,0.0249999996497441,0.0250000006737285,0.0249999999993993,1e-05,2.456887288353224e-05,1.2624244311587596e-05,1.000000000000002e-05,1.0000000000000014e-05,1.0000000000000013e-05,1.1055836792494078e-05,0.025,0.0250000007640197,0.0249999995230356,0.0250000038973859,0.0250000038973859,0.0250000039278977,0.0250000037058651,1e-05,1.91706698393182e-05,6.388988725625211e-06,1.0000000000000018e-05,1.0000000000000018e-05,1.0000000000000013e-05,1.000000000000001e-05,0.025000002517656963,1.0000000000000021e-05,0.025000000267493105,1.1092757773646576e-05,0.025000001765180854,1.0540773710542873e-05,0.025000001757863436,1.0000000000000036e-05,0.025000000202796545,1.1367093052598479e-05,0.02500000176996791,1.057104893871583e-05
07-07-2021,0.025,0.0249959172038875,0.025000013428114,0.0250000007949011,0.0250000007199922,0.0250000012225388,0.025000001596541,1e-05,6.615314609668191e-05,3.631436540206534e-05,1.000000000000002e-05,1.000000000000002e-05,1.0000000000000013e-05,1.0000000000000013e-05,0.025,0.0249999946046475,0.0249999933459273,0.0250000003145013,0.0250000007724463,0.0250000004214022,0.0250000002446811,1e-05,2.5330764996935207e-05,1.1203841240370329e-05,1.000000000000002e-05,1.0000000000000018e-05,1.000000000000001e-05,1.000000000000001e-05,0.025,0.0250000007964376,0.0249999995477171,0.0250000039004694,0.0250000039004694,0.0250000038717707,0.0250000038755783,1e-05,1.9495995355603416e-05,6.521352662658408e-06,1.0000000000000018e-05,1.0000000000000018e-05,1.0000000000000013e-05,1.0000000000000013e-05,0.025,0.0249973476313292,0.0250000134075238,0.0250000007955852,0.0250000002102036,0.0250000007719991,0.0250000011209235,1e-05,5.419382937235777e-05,3.646602080958905e-05,1.000000000000002e-05,1.000000000000002e-05,1.0000000000000013e-05,1.0140406803729824e-05,0.025,0.0249999945735566,0.0249999933346212,0.0250000002982089,0.025000000830563,0.0250000006314561,0.0249999998619562,1e-05,2.5310717453638945e-05,1.118455364079729e-05,1.000000000000002e-05,1.0000000000000018e-05,1.0000000000000013e-05,1.0105583679249416e-05,0.025,0.025000000795261,0.0249999995485888,0.0250000038973859,0.0250000038973859,0.0250000039904585,0.0250000038512769,1e-05,1.951441620878606e-05,6.529010009692637e-06,1.0000000000000018e-05,1.0000000000000018e-05,1.0000000000000013e-05,1.000000000000001e-05,0.025000001351255085,1.0000000000000023e-05,0.02500000034678496,1.1017128600054011e-05,0.025000001773290943,1.0557822106475339e-05,0.025000001080944082,1.000000000000003e-05,0.025000000249540702,1.1068355898320051e-05,0.02500000180650812,1.058785871099754e-05
07-08-2021,0.025,0.0250021328739208,0.0250000042991399,0.0250000007949011,0.025000000414528,0.0250000012284243,0.025000001297893,1e-05,5.048147489763327e-05,2.2303194438508256e-05,1.000000000000002e-05,1.000000000000002e-05,1.0000000000000013e-05,1.0000000000000013e-05,0.025,0.0249999944515644,0.0249999897062948,0.0250000003145013,0.0250000008083382,0.0250000006094769,0.0250000001561066,1e-05,2.598573153112276e-05,6.708110928621558e-06,1.000000000000002e-05,1.0000000000000018e-05,1.0000000000000013e-05,1.0000000000000013e-05,0.025,0.0250000008294694,0.0249999994555513,0.0250000039004694,0.0250000039004694,0.0250000040094935,0.0250000038257836,1e-05,1.984012189883779e-05,5.230389403143576e-06,1.0000000000000018e-05,1.0000000000000018e-05,1.0000000000000013e-05,1.000000000000001e-05,0.025,0.0249950669033499,0.0250000042931013,0.0250000007955852,0.0250000006943015,0.0250000013799798,0.0250000018400341,1e-05,6.208388785519904e-05,2.2389892201740705e-05,1.000000000000002e-05,1.000000000000002e-05,1.0000000000000013e-05,1.023882922006984e-05,0.025,0.0249999944196344,0.0249999896992428,0.0250000002982089,0.0250000000864255,0.0250000001501535,0.0250000001569714,1e-05,2.596467570381376e-05,6.692229153726359e-06,1.000000000000002e-05,1.0000000000000016e-05,1.0000000000000013e-05,1.0053054981611696e-05,0.025,0.0250000008282155,0.0249999994541799,0.0250000038973859,0.0250000038973859,0.0250000040378601,0.0250000037564678,1e-05,1.9859141532446388e-05,5.231605723465815e-06,1.0000000000000018e-05,1.0000000000000018e-05,1.0000000000000013e-05,1.0000000000000013e-05,0.0250000014399446,1.000000000000002e-05,0.025000000345211628,1.0740945638973064e-05,0.02500000175839076,1.0507706133045958e-05,0.02500000103603862,1.0000000000000031e-05,0.02500000018151985,1.0783501915415728e-05,0.02500000177905052,1.0537527561016795e-05
07-09-2021,0.025,0.0250008867008499,0.0249999940554616,0.025000000794901,0.025000000414528,0.0250000012895905,0.0250000017412891,1e-05,4.4571543238986e-05,6.853770888562427e-06,1.000000000000002e-05,1.000000000000002e-05,1.0000000000000013e-05,1.0000000000000013e-05,0.025,0.0249999943055999,0.0249999856248847,0.0250000003145013,0.0250000008483962,0.0250000004993885,0.0249999997911165,1e-05,2.655674486078301e-05,3.862388600839317e-06,1.000000000000002e-05,1.0000000000000018e-05,1.0000000000000013e-05,1.000000000000001e-05,0.025,0.0250000008613651,0.0249999995034364,0.0250000039004694,0.0250000039004694,0.025000004063185,0.02500000396991,1e-05,2.0175308992491396e-05,5.67729604911138e-06,1.0000000000000018e-05,1.0000000000000016e-05,1.000000000000001e-05,1.000000000000001e-05,0.025,0.0249950408189931,0.0249999940642111,0.0250000007955852,0.0250000002134968,0.0250000012884579,0.0250000011622864,1e-05,4.749318573528432e-05,6.830127041446144e-06,1.000000000000002e-05,1.000000000000002e-05,1.0000000000000013e-05,1.0408625094972506e-05,0.025,0.024999994272883,0.0249999856204465,0.0250000002982089,0.0249999982756245,0.0250000005062771,0.0250000003172033,1e-05,2.6535378766882573e-05,3.846162840659417e-06,1.000000000000002e-05,1.0000000000000016e-05,1.0000000000000013e-05,1.0238232428632884e-05,0.025,0.0250000008600297,0.0249999995033305,0.0250000038973859,0.0250000038973859,0.0250000040302743,0.0250000039288854,1e-05,2.0193452652128644e-05,5.666879178467532e-06,1.0000000000000018e-05,1.0000000000000018e-05,1.0000000000000013e-05,1.000000000000001e-05,0.025000001185156537,1.0000000000000018e-05,0.025000000192642948,1.0569886430592585e-05,0.025000001802096997,1.0538606005075055e-05,0.025000000591802563,1.000000000000003e-05,0.02500000014277568,1.0658291844544445e-05,0.025000001820191794,1.0567823141225048e-05
07-10-2021,0.025,0.0250001910097807,0.0249999877164442,0.025000000794901,0.0250000031149133,0.025000001566349,0.0250000020787582,1e-05,5.771727954085533e-05,-5.403828017197521e-06,1.000000000000002e-05,1.000000000000002e-05,1.0000000000000013e-05,1.0000000000000013e-05,0.025,0.0249999941670723,0.0249999866361932,0.0250000003145014,0.0249999983297904,0.0250000002963294,0.0250000001619879,1e-05,2.709243766235244e-05,-8.144698890877322e-07,1.000000000000002e-05,1.0000000000000018e-05,1.0000000000000013e-05,1.0000000000000013e-05,0.025,0.025000000893515,0.0249999994263205,0.0250000039004694,0.0250000039004694,0.0250000037265576,0.0250000038342013,1e-05,2.049435147618361e-05,4.2908541454944604e-06,1.0000000000000018e-05,1.0000000000000018e-05,1.0000000000000013e-05,1.0000000000000013e-05,0.025,0.0249950148654013,0.0249999877292714,0.0250000007955852,0.025000002223171,0.025000001210446,0.0250000023529328,1e-05,5.663389610133202e-05,-5.678160451827452e-06,1.000000000000002e-05,1.000000000000002e-05,1.0000000000000013e-05,1.0435374655888972e-05,0.025,0.0249999941336354,0.0249999866352664,0.0250000002982089,0.0249999991955526,0.0250000005019195,0.0250000000874815,1e-05,2.707124642549988e-05,-8.28875401870377e-07,1.000000000000002e-05,1.0000000000000013e-05,1.0000000000000013e-05,1.0616332600013276e-05,0.025,0.025000000892087,0.0249999994275043,0.0250000038973859,0.0250000038973859,0.0250000038544712,0.0250000038074791,1e-05,2.05120309658143e-05,4.268446717969887e-06,1.000000000000002e-05,1.0000000000000018e-05,1.0000000000000013e-05,1.0000000000000013e-05,0.025000001636055116,1.0000000000000018e-05,0.02500000000341017,1.0279076614802614e-05,0.025000001743145442,1.0483285333152108e-05,0.025000001003443177,1.000000000000003e-05,0.025000000139786233,1.046049373458963e-05,0.0250000017769572,1.051200259788049e-05
07-11-2021,0.025,0.0249951412551726,0.0249999959150725,0.0250000007949011,0.0250000013586194,0.0250000013371604,0.025000001235386,1e-05,6.138805195176711e-05,8.662312377019643e-06,1.000000000000002e-05,1.000000000000002e-05,1.0000000000000013e-05,1.0000000000000013e-05,0.025,0.0249999940352782,0.0249999880944987,0.0250000003145014,0.0250000004758667,0.0250000001682377,0.0250000005646197,1e-05,2.764881583704572e-05,4.371999998808995e-06,1.000000000000002e-05,1.000000000000002e-05,1.0000000000000013e-05,1.000000000000001e-05,0.025,0.025000000924338,0.0249999993610733,0.0250000039004694,0.0250000039004694,0.0250000037803144,0.0250000037996354,1e-05,2.081733697022424e-05,3.994241221494388e-06,1.0000000000000018e-05,1.0000000000000018e-05,1.0000000000000013e-05,1.0000000000000013e-05,0.025,0.0249949890414458,0.0249999959209601,0.0250000007955852,0.0250000027108359,0.0250000014494692,0.0250000017012637,1e-05,5.461610043927836e-05,8.679515718174047e-06,1.000000000000002e-05,1.000000000000002e-05,1.0000000000000013e-05,1.0465545428176224e-05,0.025,0.0249999940011946,0.0249999881099159,0.0250000002982089,0.0250000007593073,0.0250000008430441,0.0250000002099827,1e-05,2.762780738691201e-05,4.372421034681828e-06,1.000000000000002e-05,1.0000000000000016e-05,1.0000000000000013e-05,1.0761432266455389e-05,0.025,0.0250000009228464,0.0249999993602326,0.0250000038973859,0.0250000038973859,0.025000003840423,0.025000003887141,1e-05,2.083432151850094e-05,3.984428188552602e-06,1.0000000000000018e-05,1.0000000000000018e-05,1.0000000000000013e-05,1.000000000000001e-05,0.02500000090958523,1.000000000000002e-05,0.025000000347603434,1.0629349104473688e-05,0.0250000017310641,1.0479078603077424e-05,0.025000001208403847,1.0000000000000031e-05,0.02500000038600958,1.0841587690620288e-05,0.025000001768337676,1.050837326742209e-05
07-12-2021,0.025,0.0249951156133228,0.0250000035323241,0.0250000007949011,0.0250000022500325,0.0250000014074158,0.025000002426791,1e-05,5.762116384050226e-05,1.936056833334865e-05,1.000000000000002e-05,1.000000000000002e-05,1.0000000000000013e-05,1.0000000000000014e-05,0.025,0.0249999939091538,0.0249999926874459,0.0250000003145013,0.0250000005925535,0.0250000006307316,0.0249999996811971,1e-05,2.8263226218860258e-05,7.471362039490614e-06,1.000000000000002e-05,1.0000000000000018e-05,1.0000000000000013e-05,1.0000000000000013e-05,0.025,0.02500000095462,0.0249999995009248,0.0250000039004694,0.0250000039004694,0.0250000040628583,0.0250000039092894,1e-05,2.1135857073318966e-05,5.494155928764677e-06,1.0000000000000018e-05,1.000000000000002e-05,1.0000000000000013e-05,1.0000000000000013e-05,0.025,0.0249949633460075,0.025000003527294,0.0250000007955852,0.0250000002369477,0.0250000014682297,0.0250000015758447,1e-05,4.52553865466389e-05,1.9419069993392712e-05,1.000000000000002e-05,1.000000000000002e-05,1.0000000000000013e-05,1.023989896161247e-05,0.025,0.0249999938744831,0.0249999926958713,0.0250000002982089,0.0250000005958522,0.025000000256359,0.0250000000706831,1e-05,2.8241982367166105e-05,7.468776043184633e-06,1.000000000000002e-05,1.0000000000000014e-05,1.0000000000000013e-05,1.0241327647286366e-05,0.025,0.0250000009530834,0.024999999502068,0.0250000038973859,0.0250000038973859,0.025000003856022,0.0250000040233934,1e-05,2.115264167814668e-05,5.498119228397602e-06,1.0000000000000018e-05,1.000000000000002e-05,1.0000000000000013e-05,1.0000000000000013e-05,0.025000001554269468,1.000000000000002e-05,0.02500000016850706,1.0845468978826631e-05,0.025000001823431275,1.0558763413912497e-05,0.02500000090308469,1.000000000000003e-05,0.02500000021612434,1.093215152540667e-05,0.02500000184031754,1.0588599198585099e-05
07-13-2021,0.025,0.0249950900976066,0.025000005275947,0.025000000794901,0.0250000015350588,0.025000001648542,0.0250000007169152,1e-05,1.5859884575067395e-05,2.353756942741203e-05,1.000000000000002e-05,1.000000000000002e-05,1.0000000000000014e-05,1.0000000000000013e-05,0.025,0.02499999378821,0.0249999912905503,0.0250000003145014,0.0250000002403919,0.0250000006934383,0.0250000002353911,1e-05,2.8935365799985104e-05,7.972827202551436e-06,1.000000000000002e-05,1.000000000000002e-05,1.0000000000000013e-05,1.0000000000000013e-05,0.025,0.0250000009857472,0.0249999994082812,0.0250000039004694,0.0250000039004694,0.0250000038493522,0.0250000037496726,1e-05,2.146797124194105e-05,5.171602683151644e-06,1.0000000000000018e-05,1.0000000000000018e-05,1.0000000000000013e-05,1.0000000000000013e-05,0.025,0.0249951193439968,0.0250000052666279,0.0250000007955852,0.0250000007113423,0.0250000023790325,0.0250000016460797,1e-05,6.540155668697963e-05,2.361332236203162e-05,1.000000000000002e-05,1.000000000000002e-05,1.0000000000000013e-05,1.0271794526522574e-05,0.025,0.0249999937529924,0.024999991295892,0.0250000002982089,0.0250000001736689,0.0250000003737021,0.0250000003805338,1e-05,2.891320922374491e-05,7.965000680787426e-06,1.000000000000002e-05,1.0000000000000018e-05,1.0000000000000013e-05,1.014384415029096e-05,0.025,0.0250000009841739,0.0249999994066748,0.0250000038973859,0.0250000038973859,0.0250000039266249,0.0250000040434296,1e-05,2.1477962635408965e-05,5.175091558062839e-06,1.0000000000000018e-05,1.0000000000000018e-05,1.0000000000000013e-05,1.0000000000000013e-05,0.025000001093816823,1.000000000000002e-05,0.025000000320917964,1.0894250755574495e-05,0.025000001767366047,1.055359757312531e-05,0.025000001262668565,1.0000000000000033e-05,0.025000000307401724,1.0957019734836382e-05,0.02500000182414604,1.0583219305727443e-05
07-14-2021,0.025,0.0249988256883418,0.025000009218081,0.025000000794901,0.0250000002856186,0.0250000012432761,0.025000001665922,1e-05,8.834818063930058e-05,3.075998938022184e-05,1.000000000000002e-05,1.000000000000002e-05,1.0000000000000014e-05,1.0000000000000014e-05,0.025,0.0249999936723724,0.024999985536588,0.0250000003145014,0.0250000006893348,0.0250000006673814,0.0250000002900237,1e-05,2.962349967851854e-05,7.784587411463484e-06,1.000000000000002e-05,1.0000000000000018e-05,1.0000000000000013e-05,1.0000000000000013e-05,0.025,0.0250000010174731,0.0249999993569413,0.0250000039004694,0.0250000039004694,0.0250000039936416,0.025000003884846,1e-05,2.1796448719989333e-05,4.647597433460327e-06,1.0000000000000018e-05,1.0000000000000018e-05,1.0000000000000013e-05,1.0000000000000013e-05,0.025,0.0249955993995137,0.0250000092052424,0.0250000007955852,0.0250000004184799,0.025000001365715,0.0250000021067172,1e-05,5.300062823471364e-05,3.084428765051661e-05,1.000000000000002e-05,1.000000000000002e-05,1.0000000000000013e-05,1.023660306940806e-05,0.025,0.0249999936366377,0.0249999855332014,0.0250000002982089,0.0250000007076594,0.0250000003078108,0.0250000003018713,1e-05,2.959997193384108e-05,7.770948526553134e-06,1.000000000000002e-05,1.000000000000002e-05,1.0000000000000013e-05,1.0252892952439602e-05,0.025,0.0250000010158639,0.0249999993557289,0.0250000038973859,0.0250000038973859,0.0250000039292948,0.0250000039026001,1e-05,2.180486006989513e-05,4.648916545280102e-06,1.000000000000002e-05,1.0000000000000014e-05,1.0000000000000013e-05,1.0000000000000013e-05,0.025000001378727814,1.0000000000000026e-05,0.02500000036436295,1.08986734488989e-05,0.025000001783445136,1.053893518345213e-05,0.02500000118003889,1.0000000000000031e-05,0.025000000294262324,1.0986759703225617e-05,0.025000001803558904,1.0568431350764235e-05
07-15-2021,0.025,0.0250007260046357,0.0250000049763021,0.0250000007949011,0.0250000004565514,0.025000001291975,0.0250000016274857,1e-05,8.163141296653313e-05,2.397573423383592e-05,1.000000000000002e-05,1.000000000000002e-05,1.0000000000000013e-05,1.0000000000000013e-05,0.025,0.024999993561785,0.0249999823890648,0.0250000003145014,0.0249999989211937,0.0250000005281513,0.0249999998206498,1e-05,3.02750136771071e-05,3.7503349594736335e-06,1.000000000000002e-05,1.0000000000000016e-05,1.0000000000000013e-05,1.0000000000000013e-05,0.025,0.0250000010486008,0.0249999991014178,0.0250000039004694,0.0250000039004694,0.0250000040382888,0.0250000038524938,1e-05,2.2120305934047787e-05,2.415541762890161e-06,1.000000000000002e-05,1.0000000000000018e-05,1.0000000000000013e-05,1.0000000000000013e-05,0.025,0.0249960269372809,0.0250000049674265,0.0250000007955852,0.0250000014880022,0.0250000009245744,0.0250000015672663,1e-05,4.2684961025812816e-05,2.3980860725691944e-05,1.000000000000002e-05,1.000000000000002e-05,1.0000000000000013e-05,1.0265750026693134e-05,0.025,0.0249999935255641,0.0249999823971001,0.0250000002982089,0.0250000007931726,0.0250000006178874,0.0249999998363093,1e-05,3.025013268176476e-05,3.744296638075184e-06,1.000000000000002e-05,1.0000000000000018e-05,1.0000000000000013e-05,1.0344845762854733e-05,0.025,0.0250000010469676,0.0249999990993466,0.0250000038973859,0.0250000038973859,0.0250000038621945,0.0250000039186893,1e-05,2.212827465680717e-05,2.4162068567035178e-06,1.0000000000000018e-05,1.0000000000000018e-05,1.0000000000000013e-05,1.0000000000000013e-05,0.02500000143917034,1.0000000000000023e-05,0.02499999997817102,1.0652378450244052e-05,0.02500000170421651,1.0444195139067955e-05,0.0250000011271617,1.000000000000003e-05,0.02500000018976052,1.0765760135552155e-05,0.02500000171857197,1.0473771564278156e-05
07-16-2021,0.025,0.0249950635448417,0.0249999996566022,0.0250000007949011,0.0250000019178197,0.0250000014154386,0.0250000019264992,1e-05,0.0001031504126263,1.845512179257658e-05,1.000000000000002e-05,1.000000000000002e-05,1.0000000000000014e-05,1.0000000000000013e-05,0.025,0.0249999934564108,0.0249999779014465,0.0250000003145014,0.0250000007737988,0.0250000002847922,0.0250000001474951,1e-05,3.085027574433315e-05,3.0839814444405533e-06,1.000000000000002e-05,1.0000000000000018e-05,1.0000000000000013e-05,1.0000000000000013e-05,0.025,0.0250000010791841,0.0249999992175851,0.0250000039004694,0.0250000039004694,0.0250000041002079,0.0250000043362451,1e-05,2.2437171613452184e-05,3.2976295217257423e-06,1.0000000000000018e-05,1.0000000000000018e-05,1.0000000000000013e-05,1.0000000000000013e-05,0.025,0.0249963602268955,0.0249999996603134,0.0250000007955852,0.0250000002557552,0.025000001800342,0.0250000013761271,1e-05,6.659415068393897e-05,1.859341890433908e-05,1.000000000000002e-05,1.000000000000002e-05,1.0000000000000013e-05,1.0368701212456674e-05,0.025,0.0249999934197407,0.0249999779012074,0.0250000002982089,0.0249999988772692,0.0250000004122356,0.0250000004155902,1e-05,3.0824569362660034e-05,3.0692635433204885e-06,1.000000000000002e-05,1.000000000000002e-05,1.0000000000000013e-05,1.0392227030226377e-05,0.025,0.025000001077533,0.0249999992192389,0.0250000038973859,0.0250000038973859,0.0250000039870881,0.0250000039059409,1e-05,2.244598867258963e-05,3.2959140870425507e-06,1.000000000000002e-05,1.000000000000002e-05,1.0000000000000013e-05,1.0000000000000013e-05,0.025000001273068437,1.0000000000000023e-05,0.025000000225898256,1.0623002186338024e-05,0.025000001802407672,1.0494936735032051e-05,0.025000000990337976,1.0000000000000035e-05,0.02500000017620898,1.0747399628014996e-05,0.02500000177947239,1.052436735294253e-05
07-17-2021,0.025,0.0249950385454572,0.0250000173085076,0.0250000007949011,0.0250000037787672,0.0250000010537536,0.0250000022092785,1e-05,7.913727459617448e-05,5.483750842971702e-05,1.000000000000002e-05,1.000000000000002e-05,1.0000000000000013e-05,1.0000000000000013e-05,0.025,0.0249999933559612,0.024999927019103,0.0250000003145014,0.0250000002170549,0.025000000463976,0.0250000003440309,1e-05,3.1348743344422e-05,-2.046493011786943e-05,1.0000000000000025e-05,1.000000000000002e-05,1.0000000000000013e-05,1.0000000000000013e-05,0.025,0.0250000011094903,0.0249999975045509,0.0250000039004694,0.0250000039004694,0.0250000038023914,0.0250000038411869,1e-05,2.275153581049974e-05,-1.3130816378270628e-05,1.000000000000002e-05,1.000000000000002e-05,1.0000000000000013e-05,1.0000000000000013e-05,0.025,0.0249968058928698,0.025000017276065,0.0250000007955852,0.025000000711522,0.0250000011216577,0.0250000013551827,1e-05,4.086237235185089e-05,5.486182289116126e-05,1.000000000000002e-05,1.000000000000002e-05,1.0000000000000014e-05,1.0381293423389043e-05,0.025,0.0249999933188832,0.0249999269683591,0.0250000002982089,0.024999998734158,0.0250000007812472,0.0249999997238741,1e-05,3.13229376064898e-05,-2.0535102434937613e-05,1.000000000000002e-05,1.0000000000000013e-05,1.0000000000000013e-05,1.038330287429112e-05,0.025,0.0250000011078233,0.0249999975033449,0.0250000038973859,0.0250000038973859,0.025000003796556,0.0250000038528148,1e-05,2.2760675324129184e-05,-1.321782932944826e-05,1.000000000000002e-05,1.000000000000002e-05,1.0000000000000013e-05,1.0000000000000013e-05,0.025000002156923655,1.0000000000000026e-05,0.025000000116999696,9.105658590094657e-06,0.025000001141594338,9.735873849488174e-06,0.02500000132721289,1.0000000000000038e-05,0.024999999853593732,9.243516456367402e-06,0.025000001166638752,9.762292906321455e-06
07-18-2021,0.025,0.0249950136664643,0.0250000043852139,0.025000000794901,0.0250000030544286,0.0250000010753932,0.0250000015579528,1e-05,7.644364491842979e-05,2.7418518967800565e-05,1.000000000000002e-05,1.0000000000000025e-05,1.0000000000000014e-05,1.0000000000000013e-05,0.025,0.0249999932600059,0.0249999737850044,0.0250000003145014,0.0250000007703832,0.0250000005628505,0.0250000000187663,1e-05,3.18047413747656e-05,2.556431711098206e-06,1.000000000000002e-05,1.0000000000000018e-05,1.0000000000000013e-05,1.0000000000000013e-05,0.025,0.0250000011397342,0.0249999988765975,0.0250000039004694,0.0250000039004694,0.0250000038642623,0.0250000040764091,1e-05,2.306362866623404e-05,2.941180613502681e-07,1.000000000000002e-05,1.000000000000002e-05,1.0000000000000013e-05,1.0000000000000013e-05,0.025,0.0249948397763858,0.0250000043814875,0.0250000007955852,0.0250000004261222,0.0250000009460947,0.025000001373219,1e-05,6.451230685585776e-05,2.761206390528015e-05,1.000000000000002e-05,1.000000000000002e-05,1.0000000000000014e-05,1.0283248354939536e-05,0.025,0.0249999932225589,0.0249999737999775,0.0250000002982089,0.0250000006646577,0.0250000003581175,0.0250000006039629,1e-05,3.1779358663292346e-05,2.5542243524689923e-06,1.000000000000002e-05,1.000000000000002e-05,1.0000000000000013e-05,1.0363139266117516e-05,0.025,0.0250000011380518,0.0249999988763646,0.0250000038973859,0.0250000038973859,0.0250000039032223,0.0250000040388899,1e-05,2.307327279453898e-05,2.914971655443299e-07,1.000000000000002e-05,1.0000000000000018e-05,1.0000000000000013e-05,1.0000000000000013e-05,0.025000001529982684,1.0000000000000023e-05,0.025000000222290823,1.0611766750864095e-05,0.025000001657236075,1.0373164463715232e-05,0.025000000789276052,1.0000000000000033e-05,0.025000000368962518,1.0730329704332145e-05,0.025000001681778863,1.0402739824273185e-05
07-19-2021,0.025,0.0250058297696361,0.0250000112792989,0.025000000794901,0.0250000003369886,0.025000001452655,0.0250000018439857,1e-05,6.23633907380526e-05,3.823965299915022e-05,1.000000000000002e-05,1.000000000000002e-05,1.0000000000000013e-05,1.0000000000000014e-05,0.025,0.024999993168206,0.0249999765244021,0.0250000003145014,0.0250000003069644,0.0250000003123554,0.0249999994004733,1e-05,3.226916957218195e-05,6.470755940846118e-06,1.000000000000002e-05,1.000000000000002e-05,1.0000000000000013e-05,1.0000000000000013e-05,0.025,0.0250000011699578,0.0249999991796088,0.0250000039004694,0.0250000039004694,0.0250000041282403,0.0250000037468162,1e-05,2.3374999374719017e-05,3.1275524046137093e-06,1.000000000000002e-05,1.000000000000002e-05,1.0000000000000013e-05,1.0000000000000013e-05,0.025,0.0249974300284273,0.0250000112622318,0.0250000007955852,0.0250000007097271,0.0250000008749808,0.025000002287558,1e-05,5.175325063732095e-05,3.839965291452252e-05,1.000000000000002e-05,1.0000000000000025e-05,1.0000000000000014e-05,1.0287315445571026e-05,0.025,0.0249999931304219,0.0249999765267328,0.0250000002982089,0.0249999988865067,0.025000000403381,0.0250000003186053,1e-05,3.2244210565449935e-05,6.459673179470826e-06,1.000000000000002e-05,1.0000000000000018e-05,1.0000000000000013e-05,1.0313755712903487e-05,0.025,0.0250000011682618,0.0249999991811154,0.0250000038973859,0.0250000038973859,0.0250000038245209,0.0250000041594908,1e-05,2.338472095592291e-05,3.130880290941329e-06,1.000000000000002e-05,1.000000000000002e-05,1.0000000000000013e-05,1.0000000000000013e-05,0.025000002005050048,1.0000000000000023e-05,0.024999999923886827,1.0877195861092316e-05,0.025000001766000635,1.0515012418162493e-05,0.025000001355701212,1.0000000000000036e-05,0.025000000133214424,1.0980249124626906e-05,0.025000001801055632,1.0544692868809567e-05
07-20-2021,0.025,0.0249950209950124,0.0250000161071933,0.0250000007949011,0.0250000015388382,0.025000001274264,0.0250000010291918,1e-05,6.543810966415842e-05,4.834548239951442e-05,1.000000000000002e-05,1.000000000000002e-05,1.0000000000000014e-05,1.0000000000000013e-05,0.025,0.0249999930803914,0.0249999712738298,0.0250000003145014,0.0249999988095346,0.0250000006113822,0.0249999996276205,1e-05,3.277984557777989e-05,9.756179875419768e-06,1.000000000000002e-05,1.000000000000002e-05,1.0000000000000013e-05,1.0000000000000013e-05,0.025,0.0250000012002026,0.0249999993028883,0.0250000039004694,0.0250000039004694,0.0250000040593435,0.0250000039064585,1e-05,2.3685229083721662e-05,4.718611780613058e-06,1.000000000000002e-05,1.000000000000002e-05,1.0000000000000013e-05,1.0000000000000013e-05,0.025,0.0249981663781765,0.0250000160841988,0.0250000007955852,0.02500000214928,0.0250000007307064,0.0250000018874586,1e-05,5.9998229446771326e-05,4.856702536654156e-05,1.000000000000002e-05,1.000000000000002e-05,1.0000000000000013e-05,1.028099318108188e-05,0.025,0.0249999930422952,0.0249999712733471,0.0250000002982089,0.024999997954327,0.025000000502977,0.0250000001374921,1e-05,3.27548096764869e-05,9.738510568402248e-06,1.000000000000002e-05,1.000000000000002e-05,1.0000000000000014e-05,1.0323601637521006e-05,0.025,0.0250000011984945,0.0249999993032397,0.0250000038973859,0.0250000038973859,0.025000003926163,0.0250000038986569,1e-05,2.369499989570209e-05,4.719434771316422e-06,1.000000000000002e-05,1.000000000000002e-05,1.0000000000000013e-05,1.0000000000000013e-05,0.025000001410210852,1.0000000000000026e-05,0.024999999878744128,1.1102903209029459e-05,0.025000001826317862,1.0598718276913995e-05,0.025000001682801587,1.0000000000000036e-05,0.024999999994870816,1.1205056575372822e-05,0.025000001838713,1.062818156609494e-05
07-21-2021,0.025,0.0249949964652033,0.0250000143207118,0.0250000007949011,0.0250000010308203,0.0250000018537582,0.0250000012653031,1e-05,6.91742701889215e-05,4.335912923961183e-05,1.000000000000002e-05,1.000000000000002e-05,1.0000000000000014e-05,1.0000000000000014e-05,0.025,0.0249999929964915,0.0249999755899719,0.0250000003145014,0.025000000489374,0.0250000007245563,0.025000000005046,1e-05,3.3342127079140234e-05,8.863757530286343e-06,1.000000000000002e-05,1.000000000000002e-05,1.0000000000000013e-05,1.0000000000000013e-05,0.025,0.0250000012304552,0.0249999993904577,0.0250000039004694,0.0250000039004694,0.0250000038430346,0.0250000039226548,1e-05,2.399425100248808e-05,5.069174218441663e-06,1.000000000000002e-05,1.000000000000002e-05,1.0000000000000013e-05,1.0000000000000013e-05,0.025,0.0249978357129786,0.0250000142959184,0.0250000007955852,0.0250000014686834,0.0250000011847755,0.0250000012918583,1e-05,5.589040878661968e-05,4.343123807570848e-05,1.000000000000002e-05,1.0000000000000025e-05,1.0000000000000014e-05,1.0281503864009828e-05,0.025,0.0249999929581057,0.0249999755915616,0.0250000002982089,0.0249999984618239,0.0250000005168874,0.0250000001084562,1e-05,3.331630424712019e-05,8.850529353177095e-06,1.0000000000000025e-05,1.0000000000000018e-05,1.0000000000000013e-05,1.0330018512003084e-05,0.025,0.0250000012287357,0.0249999993883826,0.0250000038973859,0.0250000038973859,0.025000003721703,0.025000003978194,1e-05,2.400395367446179e-05,5.069591970413567e-06,1.000000000000002e-05,1.000000000000002e-05,1.0000000000000013e-05,1.0000000000000013e-05,0.025000001344803922,1.0000000000000026e-05,0.02500000022012558,1.1058510469693525e-05,0.025000001848483746,1.0624347313060998e-05,0.025000001495702428,1.0000000000000036e-05,0.025000000041083444,1.1163046537415192e-05,0.02500000186644984,1.065376132679288e-05
07-22-2021,0.025,0.0249949720519527,0.0250000085457985,0.0250000007949011,0.0250000007904096,0.0250000017790018,0.0250000024141318,1e-05,7.756776353440889e-05,3.602450402484525e-05,1.000000000000002e-05,1.000000000000002e-05,1.0000000000000014e-05,1.0000000000000014e-05,0.025,0.0249999929164142,0.0249999698991708,0.0250000003145014,0.0250000007914646,0.0250000008501486,0.0249999997082825,1e-05,3.392665461193463e-05,4.666310124523676e-06,1.000000000000002e-05,1.000000000000002e-05,1.0000000000000013e-05,1.0000000000000013e-05,0.025,0.0250000012606849,0.0249999991807151,0.0250000039004694,0.0250000039004694,0.0250000041712986,0.0250000038552064,1e-05,2.430134738475484e-05,3.232957412169224e-06,1.000000000000002e-05,1.000000000000002e-05,1.0000000000000013e-05,1.0000000000000013e-05,0.025,0.0249976744879949,0.0250000085280232,0.0250000007955852,0.0250000036588264,0.0250000017080269,0.0250000018605189,1e-05,5.3933921117993824e-05,3.5974327999566125e-05,1.000000000000002e-05,1.000000000000002e-05,1.0000000000000014e-05,1.0331468196854436e-05,0.025,0.0249999928777619,0.0249999698998085,0.0250000002982089,0.0249999992262117,0.0250000005370547,0.0250000005062486,1e-05,3.389955005599883e-05,4.651639675223862e-06,1.000000000000002e-05,1.0000000000000018e-05,1.0000000000000013e-05,1.0332168093762053e-05,0.025,0.0250000012589545,0.024999999180477,0.0250000038973859,0.0250000038973859,0.0250000039468166,0.025000003755214,1e-05,2.431108525459439e-05,3.224887619307504e-06,1.000000000000002e-05,1.000000000000002e-05,1.0000000000000013e-05,1.0000000000000013e-05,0.025000001385565532,1.0000000000000023e-05,0.0250000001611831,1.0800010835602785e-05,0.025000001806667595,1.054762936851741e-05,0.02500000197329775,1.0000000000000033e-05,0.025000000233096016,1.0908228579703872e-05,0.025000001802845853,1.0576748943757936e-05
07-23-2021,0.025,0.0249894913217117,0.0250000065949461,0.0250000007949011,0.0250000007904096,0.0250000020835263,0.0250000011480053,1e-05,8.070352326905312e-05,3.7838936370160337e-05,1.000000000000002e-05,1.0000000000000025e-05,1.0000000000000014e-05,1.0000000000000016e-05,0.025,0.0249999928399879,0.0249999605396655,0.0250000003145014,0.0249999984561315,0.0250000004549015,0.0250000005538585,1e-05,3.448653437291618e-05,5.873249437571282e-06,1.0000000000000025e-05,1.000000000000002e-05,1.0000000000000014e-05,1.0000000000000013e-05,0.025,0.025000001290841,0.0249999993537158,0.0250000039004694,0.0250000039004694,0.0250000039751608,0.0250000037129661,1e-05,2.460623772442226e-05,5.041105098857468e-06,1.000000000000002e-05,1.000000000000002e-05,1.0000000000000013e-05,1.0000000000000014e-05,0.025,0.0249964928124537,0.0250000065836773,0.0250000007955852,0.0250000018622615,0.0250000012855848,0.0250000023826718,1e-05,3.8243972657980816e-05,3.784809391227384e-05,1.000000000000002e-05,1.000000000000002e-05,1.0000000000000014e-05,1.033340252918716e-05,0.025,0.0249999928010938,0.0249999605278532,0.0250000002982089,0.0249999987418105,0.0250000006603901,0.0250000001467015,1e-05,3.445818044304607e-05,5.842059858318649e-06,1.0000000000000025e-05,1.000000000000002e-05,1.0000000000000013e-05,1.055069548610286e-05,0.025,0.0250000012890999,0.0249999993549629,0.0250000038973859,0.0250000038973859,0.0250000037839466,0.0250000039618572,1e-05,2.4616056430494703e-05,5.021501194996114e-06,1.000000000000002e-05,1.000000000000002e-05,1.0000000000000013e-05,1.0000000000000013e-05,0.025000000684565753,1.0000000000000028e-05,0.02500000008297424,1.0891900973117418e-05,0.025000001846377448,1.0641314127891891e-05,0.025000001493166585,1.0000000000000033e-05,0.02500000006351231,1.1049466980065286e-05,0.02500000187668682,1.0669782935461147e-05
07-24-2021,0.025,0.0249953019857186,0.0250000131865454,0.0250000007949011,0.0250000013673758,0.0250000019018099,0.0250000029455741,1e-05,7.988111195815201e-05,5.013134103065697e-05,1.000000000000002e-05,1.000000000000002e-05,1.0000000000000014e-05,1.0000000000000014e-05,0.025,0.0249999927669916,0.0249999531163509,0.0250000003145014,0.0249999996003204,0.0250000006009064,0.0249999997785423,1e-05,3.4984038288126524e-05,2.426100340069404e-06,1.0000000000000025e-05,1.0000000000000013e-05,1.0000000000000013e-05,1.0000000000000013e-05,0.025,0.0250000013208987,0.0249999990010269,0.0250000039004694,0.0250000039004694,0.0250000038131156,0.0250000039501536,1e-05,2.4908736585005168e-05,1.7299468129394755e-06,1.000000000000002e-05,1.000000000000002e-05,1.0000000000000013e-05,1.0000000000000013e-05,0.025,0.0249970262034203,0.0250000131625142,0.0250000007955852,0.025000000473473,0.0250000019955986,0.025000002338428,1e-05,7.157697592751825e-05,5.012718862767995e-05,1.000000000000002e-05,1.000000000000002e-05,1.0000000000000016e-05,1.0370516912618113e-05,0.025,0.02499999272788,0.0249999530915481,0.0250000002982089,0.0250000000393168,0.0250000001347662,0.0250000000863538,1e-05,3.495499060898926e-05,2.384434134805602e-06,1.0000000000000025e-05,1.000000000000002e-05,1.0000000000000014e-05,1.0538529321485645e-05,0.025,0.0250000013191472,0.0249999990023069,0.0250000038973859,0.0250000038973859,0.0250000040817267,0.0250000039743434,1e-05,2.491867445472006e-05,1.7111929733470976e-06,1.000000000000002e-05,1.000000000000002e-05,1.0000000000000013e-05,1.0000000000000013e-05,0.0250000017742772,1.0000000000000028e-05,0.024999999955504768,1.0680064440734808e-05,0.025000001738780805,1.0495496100614494e-05,0.02500000158577052,1.000000000000004e-05,0.02500000002518149,1.08367760900703e-05,0.025000001789583705,1.0524196567879427e-05
07-25-2021,0.025,0.0250094836274066,0.0250000078763158,0.025000000794901,0.0250000012221878,0.0250000017034443,0.0250000015609477,1e-05,7.516374811432076e-05,4.183056024936738e-05,1.000000000000002e-05,1.0000000000000025e-05,1.0000000000000014e-05,1.0000000000000014e-05,0.025,0.0249999926972207,0.0249999592479788,0.0250000003145013,0.0249999988294745,0.0250000006314302,0.025000000035826,1e-05,3.541122504655127e-05,5.273532131089276e-06,1.000000000000002e-05,1.000000000000002e-05,1.0000000000000014e-05,1.0000000000000013e-05,0.025,0.0250000013508507,0.0249999991194065,0.0250000039004694,0.0250000039004694,0.0250000040370462,0.0250000039101491,1e-05,2.5208942245834864e-05,2.69611761155586e-06,1.000000000000002e-05,1.000000000000002e-05,1.0000000000000013e-05,1.0000000000000013e-05,0.025,0.0249978927305561,0.0250000078632048,0.0250000007955852,0.0250000025920402,0.025000001129928,0.0250000017211199,1e-05,2.990050558256428e-05,4.194142146257685e-05,1.000000000000002e-05,1.000000000000002e-05,1.0000000000000014e-05,1.0292386419980972e-05,0.025,0.0249999926579132,0.0249999592527076,0.0250000002982089,0.0250000004492628,0.025000000278561,0.0250000000503503,1e-05,3.538225077600007e-05,5.256886478122169e-06,1.0000000000000025e-05,1.000000000000002e-05,1.0000000000000013e-05,1.1008421203862828e-05,0.025,0.0250000013490892,0.0249999991183938,0.0250000038973859,0.0250000038973859,0.0250000039474968,0.0250000039710942,1e-05,2.5218958408108208e-05,2.681225757472649e-06,1.000000000000002e-05,1.000000000000002e-05,1.0000000000000013e-05,1.0000000000000013e-05,0.02500000232744201,1.0000000000000028e-05,0.024999999979974676,1.0875275474829744e-05,0.02500000180507832,1.0549645732514988e-05,0.02500000162758584,1.0000000000000033e-05,0.025000000092017922,1.1142015345867376e-05,0.025000001826939417,1.0578464576764997e-05
07-26-2021,0.025,0.0249973635007676,0.0250000175394333,0.0250000007949011,0.0250000010311023,0.0250000014506352,0.0250000012269165,1e-05,7.081145307097751e-05,5.605742243072753e-05,1.000000000000002e-05,1.000000000000002e-05,1.0000000000000014e-05,1.0000000000000014e-05,0.025,0.0249999926305241,0.0249999578191684,0.0250000003145014,0.0250000001009278,0.025000000506628,0.0249999996614695,1e-05,3.579354243498228e-05,7.248360388123487e-06,1.0000000000000025e-05,1.000000000000002e-05,1.0000000000000014e-05,1.0000000000000013e-05,0.025,0.025000001380699,0.0249999991096402,0.0250000039004694,0.0250000039004694,0.0250000039315259,0.0250000038640223,1e-05,2.550690080350319e-05,2.968207389986155e-06,1.000000000000002e-05,1.000000000000002e-05,1.0000000000000013e-05,1.0000000000000013e-05,0.025,0.0249984030074559,0.0250000175108101,0.0250000007955852,0.0250000031199445,0.0250000008415622,0.0250000015537095,1e-05,8.105585041570676e-05,5.6224500080692685e-05,1.000000000000002e-05,1.000000000000002e-05,1.0000000000000014e-05,1.031365939464586e-05,0.025,0.0249999925910389,0.0249999578237348,0.0250000002982089,0.0249999988949051,0.0250000004382266,0.0250000001672881,1e-05,3.5765181523444205e-05,7.233797582051338e-06,1.0000000000000025e-05,1.000000000000002e-05,1.0000000000000014e-05,1.0626350799950968e-05,0.025,0.025000001378928,0.0249999991101116,0.0250000038973859,0.0250000038973859,0.0250000038165363,0.0250000038318199,1e-05,2.5516949590357245e-05,2.966979473995046e-06,1.000000000000002e-05,1.000000000000002e-05,1.0000000000000013e-05,1.0000000000000013e-05,0.025000001564361725,1.0000000000000028e-05,0.02499999996407894,1.1012789524655395e-05,0.02500000179720441,1.0571304466472517e-05,0.025000001878760596,1.0000000000000041e-05,0.02500000002872178,1.1187851388672805e-05,0.025000001809083267,1.0600739243168216e-05
07-27-2021,0.025,0.0249929901756641,0.0250000221167227,0.0250000007949011,0.0250000031492972,0.0250000012570987,0.0250000019550738,1e-05,6.877254187985614e-05,6.609744952454366e-05,1.000000000000002e-05,1.000000000000002e-05,1.0000000000000014e-05,1.0000000000000016e-05,0.025,0.0249999925667922,0.0249999531721762,0.0250000003145014,0.0249999981893159,0.0250000005160566,0.0250000004462549,1e-05,3.617489763613117e-05,9.419418092515564e-06,1.0000000000000025e-05,1.000000000000002e-05,1.0000000000000014e-05,1.0000000000000013e-05,0.025,0.0250000014104411,0.0249999991772389,0.0250000039004694,0.0250000039004694,0.0250000040941329,0.0250000039779232,1e-05,2.580261220825661e-05,3.973066265705594e-06,1.000000000000002e-05,1.000000000000002e-05,1.0000000000000013e-05,1.0000000000000013e-05,0.025,0.0249979543156971,0.02500002207999,0.0250000007955852,0.0250000016589248,0.0250000014212849,0.0250000028613286,1e-05,5.0918224492742297e-05,6.627522257318663e-05,1.0000000000000025e-05,1.000000000000002e-05,1.0000000000000016e-05,1.0311406372020935e-05,0.025,0.0249999925271452,0.0249999531678277,0.0250000002982089,0.024999998758881,0.0250000003390811,0.0250000002679046,1e-05,3.614714900477371e-05,9.39493405605063e-06,1.0000000000000025e-05,1.000000000000002e-05,1.0000000000000014e-05,1.0448856129352106e-05,0.025,0.025000001408661,0.0249999991761836,0.0250000038973859,0.0250000038973859,0.0250000040759526,0.0250000038069013,1e-05,2.5812646090104336e-05,3.968905377793597e-06,1.000000000000002e-05,1.000000000000002e-05,1.0000000000000013e-05,1.0000000000000013e-05,0.025000001957112664,1.0000000000000028e-05,0.025000000004751895,1.1162983501108056e-05,0.025000001854011578,1.062714061603903e-05,0.02500000202891599,1.000000000000004e-05,0.025000000019016887,1.129369555067688e-05,0.025000001861679694,1.0656371301465898e-05
07-28-2021,0.025,0.0250143443359504,0.0250000242741707,0.0250000007949011,0.0250000007579631,0.025000001528202,0.0250000013850081,1e-05,6.980010582162142e-05,6.827964488395621e-05,1.000000000000002e-05,1.000000000000002e-05,1.0000000000000016e-05,1.0000000000000014e-05,0.025,0.0249999925059212,0.0249999536163907,0.0250000003145014,0.024999999305051,0.0250000004705959,0.0250000002042272,1e-05,3.659284229768491e-05,9.783586295553093e-06,1.0000000000000025e-05,1.0000000000000018e-05,1.0000000000000014e-05,1.0000000000000013e-05,0.025,0.0250000014400687,0.0249999992754889,0.0250000039004694,0.0250000039004694,0.0250000039371116,0.0250000038398989,1e-05,2.6095954977668836e-05,4.56997409301052e-06,1.000000000000002e-05,1.0000000000000016e-05,1.0000000000000014e-05,1.0000000000000013e-05,0.025,0.0249977790744317,0.0250000242324108,0.0250000007955853,0.0250000007770224,0.0250000011831989,0.0250000016851076,1e-05,5.23327702145363e-05,6.8380424202652e-05,1.000000000000002e-05,1.0000000000000025e-05,1.0000000000000014e-05,1.0311865435202187e-05,0.025,0.0249999924661276,0.0249999536122408,0.0250000002982089,0.0249999980735215,0.025000000532897,0.0249999998822507,1e-05,3.656516487382893e-05,9.761172328648373e-06,1.0000000000000025e-05,1.000000000000002e-05,1.0000000000000013e-05,1.0471358928944118e-05,0.025,0.0250000014382799,0.0249999992751793,0.0250000038973859,0.0250000038973859,0.0250000038479925,0.0250000039512805,1e-05,2.610595515888332e-05,4.56655627156799e-06,1.000000000000002e-05,1.000000000000002e-05,1.0000000000000013e-05,1.0000000000000013e-05,0.025000002955013,1.0000000000000028e-05,0.02500000003697459,1.1196736109067675e-05,0.025000001871199804,1.0663839912372946e-05,0.025000001643941585,1.0000000000000041e-05,0.02499999986453916,1.1332499545036136e-05,0.025000001897738735,1.069306183830134e-05
07-29-2021,0.025,0.0250034739699647,0.0250000218022183,0.0250000007949011,0.025000001689298,0.0250000009743525,0.0250000012807174,1e-05,7.23476754077831e-05,6.510157692579677e-05,1.000000000000002e-05,1.0000000000000025e-05,1.0000000000000014e-05,1.0000000000000013e-05,0.025,0.0249999924477889,0.0249999511499401,0.0250000003145014,0.0250000006344745,0.0250000004813027,0.0250000001621847,1e-05,3.705797608020211e-05,7.906031241344813e-06,1.0000000000000025e-05,1.000000000000002e-05,1.0000000000000014e-05,1.0000000000000013e-05,0.025,0.0250000014695673,0.0249999992081352,0.0250000039004694,0.0250000039004694,0.0250000040741642,0.025000003949096,1e-05,2.638677268180793e-05,3.907798607677426e-06,1.000000000000002e-05,1.0000000000000025e-05,1.0000000000000013e-05,1.0000000000000013e-05,0.025,0.0249980153301316,0.0250000217627055,0.0250000007955853,0.0250000003547897,0.0250000013449236,0.0250000030060809,1e-05,5.778378790958442e-05,6.513049665440862e-05,1.0000000000000025e-05,1.0000000000000025e-05,1.0000000000000016e-05,1.0327452176049795e-05,0.025,0.024999992407864,0.02499995114755,0.0250000002982089,0.0250000003900786,0.025000000629743,0.0250000002519938,1e-05,3.702960819369071e-05,7.88502571591465e-06,1.0000000000000025e-05,1.0000000000000018e-05,1.0000000000000016e-05,1.0455569011833064e-05,0.025,0.02500000146777,0.0249999992091839,0.0250000038973859,0.0250000038973859,0.0250000038669795,0.0250000039498793,1e-05,2.6396737640303324e-05,3.901759207614042e-06,1.000000000000002e-05,1.000000000000002e-05,1.0000000000000013e-05,1.0000000000000013e-05,0.02500000223778415,1.0000000000000028e-05,0.02500000016150998,1.1086019869311397e-05,0.025000001878038414,1.0641553368569316e-05,0.025000001798285244,1.0000000000000043e-05,0.025000000202707928,1.1219561909210812e-05,0.025000001884936566,1.067068378938005e-05
07-30-2021,0.025,0.0249953894657914,0.0250000186078463,0.0250000007949011,0.0250000003850388,0.0250000010496051,0.0250000023871213,1e-05,7.450525302685539e-05,6.084595081540245e-05,1.0000000000000025e-05,1.000000000000002e-05,1.0000000000000016e-05,1.0000000000000014e-05,0.025,0.0249999923922578,0.0249999466598173,0.0250000003145014,0.0250000007322342,0.0250000005424419,0.0249999999693745,1e-05,3.754889055937824e-05,6.190621655077777e-06,1.000000000000002e-05,1.000000000000002e-05,1.0000000000000013e-05,1.0000000000000013e-05,0.025,0.0250000014989204,0.0249999992037744,0.0250000039004694,0.0250000039004694,0.0250000038504879,0.0250000037363234,1e-05,2.6674913550135644e-05,3.813683502135179e-06,1.000000000000002e-05,1.000000000000002e-05,1.0000000000000014e-05,1.0000000000000013e-05,0.025,0.024998484732615,0.0250000185750441,0.0250000007955852,0.0250000016464332,0.025000000827967,0.0250000022261767,1e-05,4.0440570312366654e-05,6.0890014964232186e-05,1.000000000000002e-05,1.000000000000002e-05,1.0000000000000014e-05,1.0336938887021596e-05,0.025,0.0249999923522166,0.0249999466608427,0.0250000002982089,0.0249999984064953,0.0250000002534974,0.0250000002087314,1e-05,3.751930242471587e-05,6.167794936118298e-06,1.0000000000000025e-05,1.000000000000002e-05,1.0000000000000014e-05,1.0534615478786747e-05,0.025,0.0250000014971149,0.0249999992040228,0.0250000038973859,0.0250000038973859,0.0250000040756179,0.0250000036801728,1e-05,2.6684851738328315e-05,3.805822417352056e-06,1.000000000000002e-05,1.000000000000002e-05,1.0000000000000013e-05,1.0000000000000013e-05,0.025000001533521398,1.0000000000000028e-05,0.025000000106156408,1.0986445374301435e-05,0.025000001846728626,1.0645749683042464e-05,0.02500000175320359,1.0000000000000036e-05,0.024999999930828704,1.1139779221208113e-05,0.02500000188642686,1.0674792693046076e-05
07-31-2021,0.025,0.0249985479188669,0.0250000262622866,0.0250000007949011,0.0250000008142072,0.0250000013549364,0.0250000012220621,1e-05,7.494013524162643e-05,7.532805493107309e-05,1.0000000000000025e-05,1.000000000000002e-05,1.0000000000000014e-05,1.0000000000000014e-05,0.025,0.0249999923391941,0.0249999387740054,0.0250000003145014,0.0250000002667574,0.0250000003517627,0.0249999998197338,1e-05,3.802503707603425e-05,5.77794718392699e-06,1.0000000000000025e-05,1.000000000000002e-05,1.0000000000000014e-05,1.0000000000000013e-05,0.025,0.0250000015281133,0.024999999031597,0.0250000039004694,0.0250000039004694,0.0250000039053925,0.0250000040000047,1e-05,2.696028177106347e-05,2.431783099138274e-06,1.000000000000002e-05,1.000000000000002e-05,1.0000000000000013e-05,1.0000000000000013e-05,0.025,0.0249986869081016,0.0250000262140641,0.0250000007955853,0.0250000028934961,0.0250000015962301,0.0250000013710004,1e-05,6.219233351335299e-05,7.537023615633576e-05,1.000000000000002e-05,1.000000000000002e-05,1.0000000000000014e-05,1.0286584954860892e-05,0.025,0.0249999922990505,0.0249999387639789,0.0250000002982089,0.0250000006138683,0.0250000005444537,0.0250000002688098,1e-05,3.799425301030689e-05,5.746059769773382e-06,1.0000000000000025e-05,1.000000000000002e-05,1.0000000000000014e-05,1.0587520484153792e-05,0.025,0.0250000015262998,0.0249999990327544,0.0250000038973859,0.0250000038973859,0.0250000040051541,0.0250000039652689,1e-05,2.6970342387756877e-05,2.4222098597148638e-06,1.000000000000002e-05,1.000000000000002e-05,1.0000000000000014e-05,1.0000000000000013e-05,0.02500000182151263,1.0000000000000031e-05,0.024999999944878733,1.0971162749147513e-05,0.025000001823374047,1.0589660624093019e-05,0.025000002191910873,1.0000000000000041e-05,0.025000000174933784,1.1136596882519298e-05,0.025000001854104094,1.06187020735696e-05
08-01-2021,0.025,0.0249967904351997,0.0250000344209544,0.0250000007949011,0.0250000015166842,0.0250000011720521,0.0250000018753175,1e-05,7.368623963937205e-05,8.975959571852488e-05,1.000000000000002e-05,1.000000000000002e-05,1.0000000000000016e-05,1.0000000000000014e-05,0.025,0.0249999922884816,0.024999937880384,0.0250000003145014,0.0249999988623793,0.025000000453192,0.0249999996914556,1e-05,3.844991850845856e-05,1.072790209177832e-05,1.0000000000000025e-05,1.000000000000002e-05,1.0000000000000014e-05,1.0000000000000013e-05,0.025,0.0250000015571355,0.0249999990381733,0.0250000039004694,0.0250000039004694,0.025000003907485,0.0250000038782017,1e-05,2.7242977443257437e-05,2.879031279767741e-06,1.000000000000002e-05,1.000000000000002e-05,1.0000000000000013e-05,1.0000000000000013e-05,0.025,0.0249984615756679,0.0250000343611767,0.0250000007955853,0.025000003286859,0.0250000018178365,0.0250000009105659,1e-05,5.854810270325033e-05,8.989664158443045e-05,1.000000000000002e-05,1.0000000000000025e-05,1.0000000000000016e-05,1.0300786362592551e-05,0.025,0.0249999922482479,0.0249999378846688,0.0250000002982089,0.0250000002520805,0.025000000422711,0.0250000002754021,1e-05,3.841851741661795e-05,1.070833219918299e-05,1.0000000000000025e-05,1.000000000000002e-05,1.0000000000000014e-05,1.0826733017755382e-05,0.025,0.025000001555314,0.0249999990372801,0.0250000038973859,0.0250000038973859,0.0250000038714416,0.0250000043061382,1e-05,2.725303777044857e-05,2.8732220198057767e-06,1.000000000000002e-05,1.000000000000002e-05,1.0000000000000013e-05,1.0000000000000013e-05,0.025000002180926444,1.0000000000000031e-05,0.024999999766162264,1.1302900662536178e-05,0.025000001823628715,1.061904282044442e-05,0.0250000023897727,1.0000000000000045e-05,0.025000000119035568,1.1521399340685268e-05,0.02500000188256952,1.064822687967416e-05
