date,Illinois-jh_beta_7_truth,Illinois-jh_beta_7_ARIMA_predications,Illinois-jh_beta_7_OLS_predications,Illinois-jh_beta_7_DT_predications,Illinois-jh_beta_7_RF_predications,Illinois-jh_beta_7_Bagged_DT_predications,Illinois-jh_beta_7_Bagged_RT_predications,Illinois-jh_gamma_7_truth,Illinois-jh_gamma_7_ARIMA_predications,Illinois-jh_gamma_7_OLS_predications,Illinois-jh_gamma_7_DT_predications,Illinois-jh_gamma_7_RF_predications,Illinois-jh_gamma_7_Bagged_DT_predications,Illinois-jh_gamma_7_Bagged_RT_predications,Illinois-jh_beta_14_truth,Illinois-jh_beta_14_ARIMA_predications,Illinois-jh_beta_14_OLS_predications,Illinois-jh_beta_14_DT_predications,Illinois-jh_beta_14_RF_predications,Illinois-jh_beta_14_Bagged_DT_predications,Illinois-jh_beta_14_Bagged_RT_predications,Illinois-jh_gamma_14_truth,Illinois-jh_gamma_14_ARIMA_predications,Illinois-jh_gamma_14_OLS_predications,Illinois-jh_gamma_14_DT_predications,Illinois-jh_gamma_14_RF_predications,Illinois-jh_gamma_14_Bagged_DT_predications,Illinois-jh_gamma_14_Bagged_RT_predications,Illinois-jh_beta_30_truth,Illinois-jh_beta_30_ARIMA_predications,Illinois-jh_beta_30_OLS_predications,Illinois-jh_beta_30_DT_predications,Illinois-jh_beta_30_RF_predications,Illinois-jh_beta_30_Bagged_DT_predications,Illinois-jh_beta_30_Bagged_RT_predications,Illinois-jh_gamma_30_truth,Illinois-jh_gamma_30_ARIMA_predications,Illinois-jh_gamma_30_OLS_predications,Illinois-jh_gamma_30_DT_predications,Illinois-jh_gamma_30_RF_predications,Illinois-jh_gamma_30_Bagged_DT_predications,Illinois-jh_gamma_30_Bagged_RT_predications,Illinois-cdc_beta_7_truth,Illinois-cdc_beta_7_ARIMA_predications,Illinois-cdc_beta_7_OLS_predications,Illinois-cdc_beta_7_DT_predications,Illinois-cdc_beta_7_RF_predications,Illinois-cdc_beta_7_Bagged_DT_predications,Illinois-cdc_beta_7_Bagged_RT_predications,Illinois-cdc_gamma_7_truth,Illinois-cdc_gamma_7_ARIMA_predications,Illinois-cdc_gamma_7_OLS_predications,Illinois-cdc_gamma_7_DT_predications,Illinois-cdc_gamma_7_RF_predications,Illinois-cdc_gamma_7_Bagged_DT_predications,Illinois-cdc_gamma_7_Bagged_RT_predications,Illinois-cdc_beta_14_truth,Illinois-cdc_beta_14_ARIMA_predications,Illinois-cdc_beta_14_OLS_predications,Illinois-cdc_beta_14_DT_predications,Illinois-cdc_beta_14_RF_predications,Illinois-cdc_beta_14_Bagged_DT_predications,Illinois-cdc_beta_14_Bagged_RT_predications,Illinois-cdc_gamma_14_truth,Illinois-cdc_gamma_14_ARIMA_predications,Illinois-cdc_gamma_14_OLS_predications,Illinois-cdc_gamma_14_DT_predications,Illinois-cdc_gamma_14_RF_predications,Illinois-cdc_gamma_14_Bagged_DT_predications,Illinois-cdc_gamma_14_Bagged_RT_predications,Illinois-cdc_beta_30_truth,Illinois-cdc_beta_30_ARIMA_predications,Illinois-cdc_beta_30_OLS_predications,Illinois-cdc_beta_30_DT_predications,Illinois-cdc_beta_30_RF_predications,Illinois-cdc_beta_30_Bagged_DT_predications,Illinois-cdc_beta_30_Bagged_RT_predications,Illinois-cdc_gamma_30_truth,Illinois-cdc_gamma_30_ARIMA_predications,Illinois-cdc_gamma_30_OLS_predications,Illinois-cdc_gamma_30_DT_predications,Illinois-cdc_gamma_30_RF_predications,Illinois-cdc_gamma_30_Bagged_DT_predications,Illinois-cdc_gamma_30_Bagged_RT_predications,Illinois-jh_beta_7_ensemble,Illinois-jh_gamma_7_ensemble,Illinois-jh_beta_14_ensemble,Illinois-jh_gamma_14_ensemble,Illinois-jh_beta_30_ensemble,Illinois-jh_gamma_30_ensemble,Illinois-cdc_beta_7_ensemble,Illinois-cdc_gamma_7_ensemble,Illinois-cdc_beta_14_ensemble,Illinois-cdc_gamma_14_ensemble,Illinois-cdc_beta_30_ensemble,Illinois-cdc_gamma_30_ensemble
07-02-2021,0.025,0.025000000028242,0.0249999999870751,0.0250000001218887,0.0250000001218887,0.0250000001261967,0.025000000118067,1e-05,1.11126546719209e-05,9.449304798885049e-06,1.000000000000002e-05,1.000000000000002e-05,1.0000000000000014e-05,1.0000000000000013e-05,0.025,0.0250000007910638,0.0249999989230095,0.0250000008802031,0.0250000008802031,0.0250000008907048,0.0250000008757451,1e-05,1.4478576816054325e-05,-1.930496509132884e-06,1.0000000000000006e-05,1.0000000000000006e-05,1e-05,1.0000000000000004e-05,0.025,0.0250000016886214,0.0249999998112125,0.0250000015112818,0.0250000015112818,0.0250000015391747,0.0250000015411015,1e-05,2.4871166774105e-05,8.10331585846891e-06,1.0000000000000006e-05,1.0000000000000006e-05,1.0000000000000004e-05,1.0000000000000004e-05,0.025,0.0250000000281429,0.0249999999883495,0.0250000001207671,0.0250000001207671,0.0250000001157712,0.0250000001271482,1e-05,1.1110825588224695e-05,9.368073258298835e-06,1.000000000000002e-05,1.000000000000002e-05,1.0000000000000014e-05,1.0000000000000014e-05,0.025,0.0250000007868108,0.0249999989280273,0.0250000008754249,0.0250000008754249,0.0250000008659579,0.025000000804852,1e-05,1.4203219491622156e-05,-1.9323700372816943e-06,1.0000000000000006e-05,1.0000000000000004e-05,1.0000000000000004e-05,1.0000000000000004e-05,0.025,0.0250000009803556,0.0249999998161503,0.0250000015073218,0.0250000015073218,0.0250000015336602,0.0250000014968219,1e-05,1.881036986413277e-05,8.202700395121255e-06,1.0000000000000006e-05,1.0000000000000004e-05,1.0000000000000004e-05,1e-05,0.025000000070741546,1.000000000000002e-05,0.025000000409537586,9.999999999999999e-06,0.02500000080260599,1.0000000000000008e-05,0.025000000066990758,1.000000000000002e-05,0.025000000376766883,1.0000000000000003e-05,0.0250000008155746,1.0000000000000006e-05
07-03-2021,0.025,0.0250000000318785,0.0249999999521938,0.0250000001218887,0.0250000001218887,0.0250000001267503,0.0250000001212523,1e-05,1.1257356379280916e-05,8.108794742245806e-06,1.000000000000002e-05,1.000000000000002e-05,1.0000000000000014e-05,1.0000000000000014e-05,0.025,0.0250000008079025,0.0249999998273495,0.0250000008802031,0.0250000008802031,0.0250000008784765,0.0250000008728797,1e-05,1.4804013835356129e-05,1.3755133736652672e-06,1.0000000000000006e-05,1.0000000000000006e-05,1e-05,1.0000000000000004e-05,0.025,0.0250000017010901,0.0249999996534805,0.0250000015112818,0.0250000015112818,0.0250000015113444,0.0250000015167995,1e-05,2.5014069577355587e-05,6.5343805814375554e-06,1.0000000000000006e-05,1.0000000000000006e-05,1.0169136831144038e-05,1.0000000000000004e-05,0.025,0.0250000000317671,0.02499999995654,0.0250000001207671,0.0250000001207671,0.0250000001141608,0.0250000001188679,1e-05,1.1255902453296657e-05,8.278132345638698e-06,1.000000000000002e-05,1.000000000000002e-05,1.0000000000000014e-05,1.0000000000000014e-05,0.025,0.025000000804007,0.0249999998452847,0.0250000008754249,0.0250000008754249,0.0250000008724737,0.025000000918028,1e-05,1.4498558388229327e-05,1.730165495852508e-06,1.0000000000000006e-05,1.0000000000000004e-05,1.0519435253326806e-05,1e-05,0.025,0.0250000010068141,0.0249999996691515,0.0250000015073218,0.0250000015073218,0.0250000014760683,0.0250000014969804,1e-05,1.9056670388574936e-05,6.718665660051561e-06,1.0000000000000006e-05,1.0000000000000006e-05,1.0000000000000004e-05,1.0000000000000004e-05,0.025000000060862775,1.0000000000000014e-05,0.02500000067541534,1e-05,0.02500000071406889,1.000000000000001e-05,0.025000000055332032,1.0000000000000016e-05,0.025000000677181035,1.0000000000000008e-05,0.025000000743793712,1.0000000000000008e-05
07-04-2021,0.025,0.0250000000352452,0.0249999999508662,0.0250000001218887,0.0250000001218887,0.0250000001213392,0.025000000111886,1e-05,1.139000408817291e-05,7.8602158718376e-06,1.000000000000002e-05,1.000000000000002e-05,1.0000000000000016e-05,1.0000000000000014e-05,0.025,0.0250000008262382,0.024999999968843,0.0250000008802031,0.0250000008802031,0.0250000008489164,0.0250000008798297,1e-05,1.5124501534256136e-05,5.00478927044812e-06,1.0000000000000008e-05,1.0000000000000008e-05,1.2264749234865155e-05,1.0000000000000004e-05,0.025,0.0250000017086885,0.0249999995571917,0.0250000015112818,0.0250000015112818,0.0250000015480642,0.0250000015347161,1e-05,2.5124836987196756e-05,5.456760870125297e-06,1.0000000000000008e-05,1.0000000000000004e-05,1.008456841557202e-05,1.0000000000000004e-05,0.025,0.0250000000351194,0.024999999974236,0.0250000001207671,0.0250000001207671,0.0250000001169175,0.0250000001270002,1e-05,1.1388938508087885e-05,8.967804637644624e-06,1.000000000000002e-05,1.000000000000002e-05,1.0000000000000016e-05,1.0000000000000016e-05,0.025,0.0250000008209031,0.0250000000659307,0.0250000008754249,0.0250000008754249,0.0250000008589062,0.0250000008334106,1e-05,1.4799378259567323e-05,7.141696255794452e-06,1.0000000000000008e-05,1.0000000000000006e-05,1.0207774101330722e-05,1.0000000000000004e-05,0.025,0.0250000010333737,0.0249999996397057,0.0250000015073218,0.0250000015073218,0.0250000014643484,0.0250000015525902,1e-05,1.931290813335664e-05,6.335441277464438e-06,1.0000000000000008e-05,1.0000000000000008e-05,1.0000000000000004e-05,1.0000000000000004e-05,0.02500000005948296,1.0000000000000014e-05,0.025000000716311702,1.000000000000002e-05,0.025000000670366965,1.0000000000000006e-05,0.025000000063527733,1.0000000000000021e-05,0.025000000733393687,1.0000000000000011e-05,0.025000000737579717,1.0000000000000008e-05
07-05-2021,0.025,0.0250000000382837,0.0250000000266176,0.0250000001218887,0.0250000001218887,0.0250000001177504,0.0250000001142898,1e-05,1.150659713549414e-05,1.1337041071625637e-05,1.000000000000002e-05,1.000000000000002e-05,1.0000000000000016e-05,1.0000000000000016e-05,0.025,0.0250000008411649,0.024999998911282,0.0250000008802031,0.0250000008802031,0.0250000008682677,0.0250000008960372,1e-05,1.544096364920703e-05,1.3599316354598106e-05,1.0000000000000008e-05,1.0000000000000008e-05,1.0905899693946064e-05,1.0545013662041469e-05,0.025,0.0250000017134603,0.0250000005553768,0.0250000015112818,0.0250000015112818,0.0250000014739304,0.0250000015032691,1e-05,2.5212059229348417e-05,1.447738737947392e-05,1.0000000000000008e-05,1.0000000000000006e-05,1.023077539810588e-05,1.0000000000000004e-05,0.025,0.0250000000381031,0.0250000000586143,0.0250000001207671,0.0250000001207671,0.0250000001248938,0.0250000001216358,1e-05,1.1503926579392838e-05,1.3115358507187056e-05,1.000000000000002e-05,1.000000000000002e-05,1.0000000000000014e-05,1.0000000000000014e-05,0.025,0.0250000008366365,0.024999999044149,0.0250000008754249,0.0250000008754249,0.0250000008642552,0.025000000804342,1e-05,1.5102698800541851e-05,1.619756320230556e-05,1.0000000000000008e-05,1.0000000000000008e-05,1.0093498345598826e-05,1.0000000000000004e-05,0.025,0.0250000010595503,0.0250000006695284,0.0250000015073218,0.0250000015073218,0.0250000015428152,0.0250000015199661,1e-05,1.955805982326132e-05,1.567732424082014e-05,1.0000000000000008e-05,1.0000000000000008e-05,1.0000000000000004e-05,1e-05,0.025000000084170255,1.0000000000000025e-05,0.025000000412715984,1.0000000000000052e-05,0.025000001178551327,1.0000000000000018e-05,0.025000000094548423,1.000000000000003e-05,0.025000000418818582,1.0000000000000013e-05,0.025000001227890565,1.0000000000000011e-05
07-06-2021,0.025,0.0250000000407468,0.0249999999580837,0.0250000001218887,0.0250000001218887,0.025000000133144,0.0250000001066313,1e-05,1.159691373143591e-05,8.396950918935315e-06,1.000000000000002e-05,1.000000000000002e-05,1.0000000000000016e-05,1.0000000000000016e-05,0.025,0.0250000008515708,0.024999999809554,0.0250000008802031,0.0250000008802031,0.0250000008995682,0.0250000008741811,1e-05,1.5751462841734423e-05,2.1928052489224824e-06,1.0000000000000008e-05,1.0000000000000008e-05,1.0815309724551455e-05,1.0000000000000004e-05,0.025,0.0250000017170847,0.0249999995510247,0.0250000015112818,0.0250000015112818,0.0250000014897838,0.0250000015014966,1e-05,2.528655793346952e-05,5.75569629693328e-06,1.0000000000000008e-05,1.0000000000000008e-05,1.0151508050142764e-05,1.0000000000000004e-05,0.025,0.0250000000404878,0.0249999999636234,0.0250000001207671,0.0250000001207671,0.0250000001145083,0.0250000001212888,1e-05,1.1591360190508057e-05,8.514716151781804e-06,1.000000000000002e-05,1.000000000000002e-05,1.0000000000000014e-05,1.0000000000000014e-05,0.025,0.0250000008460462,0.0249999998322993,0.0250000008754248,0.0250000008754248,0.0250000008859096,0.0250000009003026,1e-05,1.540116195215933e-05,2.6833409537610617e-06,1.0000000000000008e-05,1.0000000000000008e-05,1.0244134569063595e-05,1e-05,0.025,0.0250000010845488,0.0249999995711602,0.0250000015073218,0.0250000015073218,0.0250000015480905,0.0250000014982154,1e-05,1.979091470263605e-05,5.908622616057017e-06,1.0000000000000008e-05,1.0000000000000004e-05,1.0000000000000004e-05,1e-05,0.02500000006374967,1.000000000000002e-05,0.02500000067939941,1.0000000000000011e-05,0.025000000656202573,1.000000000000001e-05,0.025000000059988717,1.0000000000000016e-05,0.025000000678281398,1.0000000000000008e-05,0.02500000071465618,1.0000000000000004e-05
07-07-2021,0.025,0.0250000000425147,0.0249999999573064,0.0250000001218887,0.0250000001218887,0.0250000001188232,0.0250000001267692,1e-05,1.1661813853295748e-05,8.341437215043392e-06,1.000000000000002e-05,1.000000000000002e-05,1.0000000000000014e-05,1.0000000000000014e-05,0.025,0.0250000008634404,0.0249999998265282,0.0250000008802031,0.0250000008802031,0.0250000009034192,0.0250000008527289,1e-05,1.6063188168993833e-05,2.445402605641975e-06,1.000000000000001e-05,1.0000000000000008e-05,1.0733778752096312e-05,1.0054501366204149e-05,0.025,0.0249951772500037,0.0249999995493741,0.0250000015112818,0.0250000015112818,0.0250000015009747,0.0250000014811763,1e-05,2.3770507247054047e-05,5.754633542623812e-06,1.000000000000001e-05,1.0000000000000008e-05,1.017353159308583e-05,1.0000000000000004e-05,0.025,0.0250000000422156,0.0249999999637743,0.0250000001207671,0.0250000001207671,0.0250000001250897,0.0250000001220904,1e-05,1.165454069455342e-05,8.48463403095367e-06,1.000000000000002e-05,1.000000000000002e-05,1.0000000000000016e-05,1.0000000000000014e-05,0.025,0.0250000008582808,0.024999999853259,0.0250000008754248,0.0250000008754248,0.025000000878254,0.025000000847489,1e-05,1.5699161479940273e-05,3.0311100320013244e-06,1.000000000000001e-05,1.0000000000000008e-05,1.0256081579890112e-05,1.0000000000000004e-05,0.025,0.0250000011106616,0.0249999995730233,0.0250000015073218,0.0250000015073218,0.0250000015027245,0.0250000015318897,1e-05,2.0033946363837785e-05,5.941317768435022e-06,1.000000000000001e-05,1.0000000000000006e-05,1.0000000000000004e-05,1.0000000000000004e-05,0.025000000064583455,1.0000000000000018e-05,0.025000000683531056,1.0000000000000014e-05,0.025000000442628678,1.000000000000001e-05,0.025000000061641707,1.000000000000002e-05,0.02500000067789737,1.000000000000001e-05,0.025000000717277204,1.0000000000000008e-05
07-08-2021,0.025,0.0250000000442558,0.0249999999466244,0.0250000001218887,0.0250000001218887,0.0250000001305466,0.0250000001174634,1e-05,1.1730982040720878e-05,7.900854654056756e-06,1.000000000000002e-05,1.000000000000002e-05,1.0000000000000016e-05,1.0000000000000014e-05,0.025,0.0250000008726312,0.0249999998541104,0.0250000008802031,0.0250000008802031,0.0250000008626056,0.0250000008542832,1e-05,1.637252222458951e-05,2.5075400429792026e-06,1.000000000000001e-05,1.0000000000000008e-05,1.0910429192415796e-05,1.0012000467622607e-05,0.025,0.024996058785377,0.0249999995178073,0.0250000015112819,0.0250000015112819,0.0250000015444972,0.025000001438771,1e-05,2.038564937994671e-05,5.466985618408373e-06,1.000000000000001e-05,1.0000000000000013e-05,1.0150598478221324e-05,1.0000000000000004e-05,0.025,0.0250000000439653,0.0249999999559495,0.0250000001207671,0.0250000001207671,0.0250000001198752,0.0250000001154702,1e-05,1.1723769372314314e-05,8.150476398448205e-06,1.000000000000002e-05,1.000000000000002e-05,1.0000000000000014e-05,1.0000000000000014e-05,0.025,0.025000000867383,0.0249999998925711,0.0250000008754248,0.0250000008754248,0.0250000008997283,0.0250000008291688,1e-05,1.5988290774464013e-05,3.3422206873351965e-06,1.000000000000001e-05,1.0000000000000008e-05,1.0326274597123008e-05,1.0000000000000004e-05,0.025,0.0250000011350233,0.0249999995515957,0.0250000015073218,0.0250000015073218,0.0250000014952062,0.0250000014819637,1e-05,2.026049772477262e-05,5.772875553534864e-06,1.000000000000001e-05,1.000000000000001e-05,1.0000000000000004e-05,1.0000000000000004e-05,0.025000000061831878,1.0000000000000018e-05,0.025000000687333518,1.0000000000000013e-05,0.02500000046491126,1.000000000000001e-05,0.025000000057935026,1.0000000000000016e-05,0.02500000069162287,1.0000000000000011e-05,0.025000000704181312,1.0000000000000008e-05
07-09-2021,0.025,0.0250000000465369,0.0249999999391014,0.0250000001218887,0.0250000001218887,0.025000000119204,0.0250000001215657,1e-05,1.1823953834904042e-05,7.605306356675968e-06,1.000000000000002e-05,1.000000000000002e-05,1.0000000000000016e-05,1.0000000000000016e-05,0.025,0.0250000008818485,0.0249999990852152,0.0250000008802031,0.0250000008802031,0.0250000008976477,0.0250000009185838,1e-05,1.6678865397576982e-05,-1.1669021742087473e-06,1.000000000000001e-05,1.0000000000000008e-05,1.10080021386179e-05,1.0061099115125116e-05,0.025,0.0249969755120276,0.0249999995463169,0.0250000015112819,0.0250000015112819,0.0250000015573086,0.0250000014552032,1e-05,2.0228832884452165e-05,5.609005103741926e-06,1.000000000000001e-05,1.0000000000000006e-05,1.0145744816495956e-05,1.0000000000000004e-05,0.025,0.0250000000462652,0.0249999999527497,0.0250000001207671,0.0250000001207671,0.0250000001114907,0.0250000001252176,1e-05,1.1817679765333292e-05,8.098560776668214e-06,1.000000000000002e-05,1.000000000000002e-05,1.0000000000000014e-05,1.0000000000000013e-05,0.025,0.0250000008763183,0.0249999991414352,0.0250000008754248,0.0250000008754248,0.0250000008484731,0.0250000008821427,1e-05,1.6271345108406445e-05,-8.939326836827476e-08,1.000000000000001e-05,1.000000000000001e-05,1.0350319254999504e-05,1.0000000000000004e-05,0.025,0.0250000011589705,0.0249999995962135,0.0250000015073218,0.0250000015073218,0.0250000015102763,0.0250000014635684,1e-05,2.048528805556929e-05,6.127085923900676e-06,1.000000000000001e-05,1.000000000000001e-05,1.0000000000000004e-05,1.0000000000000004e-05,0.025000000059114978,1.0000000000000014e-05,0.02500000047679646,1.0000000000000013e-05,0.02500000052349739,1.0000000000000008e-05,0.025000000057417524,1.0000000000000016e-05,0.02500000046270434,1.0000000000000011e-05,0.025000000727571827,1.0000000000000008e-05
07-10-2021,0.025,0.0250000000491977,0.0249999999260964,0.0250000001218887,0.0250000001218887,0.0250000001154619,0.0250000001273343,1e-05,1.1931480441538817e-05,7.050583678814789e-06,1.000000000000002e-05,1.000000000000002e-05,1.0000000000000016e-05,1.0000000000000016e-05,0.025,0.025000000889603,0.025000000160484,0.0250000008802031,0.0250000008802031,0.0250000008298794,0.0250000009058317,1e-05,1.698158574003285e-05,7.0544020225619865e-06,1.000000000000001e-05,1.0000000000000013e-05,1.1254274744999196e-05,1.0024374930878967e-05,0.025,0.0249988238734207,0.024999999625027,0.0250000015112819,0.0250000015112819,0.0250000015209374,0.0250000015237282,1e-05,2.036132712850502e-05,6.598124114861963e-06,1.000000000000001e-05,1.0000000000000008e-05,1.0134831444476458e-05,1.0000000000000004e-05,0.025,0.0250000000489245,0.0249999999341896,0.0250000001207671,0.0250000001207671,0.0250000001159864,0.0250000001244763,1e-05,1.192586607535718e-05,7.297312487776399e-06,1.000000000000002e-05,1.000000000000002e-05,1.0000000000000014e-05,1.0000000000000014e-05,0.025,0.0250000008842428,0.0250000001933849,0.0250000008754248,0.0250000008754248,0.0250000008272319,0.0250000008785338,1e-05,1.654970592184014e-05,7.723702030673998e-06,1.000000000000001e-05,1.000000000000001e-05,1.0263952582283774e-05,1.0000000000000004e-05,0.025,0.0250000011811193,0.0249999996541214,0.0250000015073218,0.0250000015073218,0.0250000014321464,0.0250000015631065,1e-05,2.069641299170468e-05,6.921093849938248e-06,1.000000000000001e-05,1.000000000000001e-05,1.0000000000000004e-05,1.0000000000000004e-05,0.02500000005579936,1.0000000000000014e-05,0.025000000782356663,1.0000000000000021e-05,0.02500000064954338,1.000000000000001e-05,0.02500000005176202,1.0000000000000014e-05,0.025000000782941026,1.0000000000000013e-05,0.02500000075930253,1.0000000000000008e-05
07-11-2021,0.025,0.0250000000518416,0.0249999999796135,0.0250000001218887,0.0250000001218887,0.0250000001192155,0.0250000001272061,1e-05,1.203602461596363e-05,9.070640382463874e-06,1.000000000000002e-05,1.000000000000002e-05,1.0000000000000014e-05,1.0000000000000014e-05,0.025,0.0250000008961094,0.0250000001957933,0.0250000008802031,0.0250000008802031,0.0250000009218296,0.0250000009113316,1e-05,1.7282591900617378e-05,1.2763475787496478e-05,1.0000000000000013e-05,1.0000000000000013e-05,1.1058894828507378e-05,1.0025030817477173e-05,0.025,0.0249983859930045,0.02500000006269,0.0250000015112819,0.0250000015112819,0.0250000014404778,0.0250000014763223,1e-05,2.193563044026817e-05,1.0680653032137154e-05,1.0000000000000013e-05,1.000000000000001e-05,1.0170247688442569e-05,1.0000000000000004e-05,0.025,0.0250000000515258,0.0249999999860361,0.0250000001207671,0.0250000001207671,0.0250000001233404,0.0250000001166474,1e-05,1.2029400132455498e-05,9.253061590458402e-06,1.000000000000002e-05,1.000000000000002e-05,1.0000000000000016e-05,1.0000000000000016e-05,0.025,0.025000000890424,0.0250000002215322,0.0250000008754248,0.0250000008754248,0.0250000008475195,0.0250000009672789,1e-05,1.682539046877563e-05,1.3268353088644567e-05,1.0000000000000013e-05,1.0000000000000013e-05,1.0291127469541124e-05,1.0000000000000004e-05,0.025,0.0250000012108843,0.0250000000850796,0.0250000015073218,0.0250000015073218,0.025000001463552,0.0250000015621065,1e-05,2.0965543892276896e-05,1.093772320705233e-05,1.0000000000000013e-05,1.000000000000001e-05,1.0000000000000004e-05,1.0000000000000004e-05,0.025000000073860298,1.000000000000002e-05,0.02500000080745965,1.0000000000000028e-05,0.025000000843394155,1.0000000000000014e-05,0.02500000007076087,1.0000000000000021e-05,0.025000000807678047,1.0000000000000016e-05,0.025000000967833478,1.0000000000000011e-05
07-12-2021,0.025,0.025000000054203,0.0249999999481743,0.0250000001218887,0.0250000001218887,0.025000000129173,0.0250000001185816,1e-05,1.2125858251373324e-05,7.959865162538381e-06,1.000000000000002e-05,1.000000000000002e-05,1.0000000000000014e-05,1.0000000000000016e-05,0.025,0.0250000009020752,0.0250000000338975,0.0250000008802031,0.0250000008802031,0.0250000009277574,0.0250000008159345,1e-05,1.758255239720322e-05,2.217369598642811e-06,1.0000000000000013e-05,1.0000000000000013e-05,1.1077882486092488e-05,1.0018443606809933e-05,0.025,0.0249991486484264,0.0249999994575607,0.0250000015112819,0.0250000015112819,0.0250000015113059,0.0250000014695666,1e-05,2.2594076218836924e-05,4.866741238530696e-06,1.0000000000000013e-05,1.0000000000000013e-05,1.0154520179202013e-05,1.0000000000000004e-05,0.025,0.0250000000538058,0.0249999999553633,0.0250000001207671,0.0250000001207671,0.0250000001285441,0.0250000001170052,1e-05,1.211586029917706e-05,8.149858455076223e-06,1.0000000000000025e-05,1.000000000000002e-05,1.0000000000000016e-05,1.0000000000000014e-05,0.025,0.0250000008965215,0.0250000000632931,0.0250000008754248,0.0250000008754248,0.0250000008830717,0.0250000009146011,1e-05,1.7102088001570915e-05,2.9045005343580725e-06,1.0000000000000013e-05,1.0000000000000013e-05,1.0294723427167283e-05,1.0000000000000004e-05,0.025,0.0250000012366576,0.0249999994837015,0.0250000015073218,0.0250000015073218,0.0250000015616258,0.0250000015564541,1e-05,2.12054982260452e-05,5.044951229026158e-06,1.0000000000000013e-05,1.0000000000000013e-05,1.0000000000000004e-05,1.0000000000000004e-05,0.02500000006450621,1.0000000000000018e-05,0.025000000748031864,1.0000000000000018e-05,0.02500000056874775,1.0000000000000011e-05,0.0250000000608989,1.000000000000002e-05,0.025000000757560772,1.0000000000000011e-05,0.025000000698857352,1.0000000000000008e-05
07-13-2021,0.025,0.0250000000561002,0.0249999999523223,0.0250000001218887,0.0250000001218887,0.0250000001343681,0.0250000001167089,1e-05,1.2194701850689832e-05,8.135672546051337e-06,1.000000000000002e-05,1.000000000000002e-05,1.0000000000000016e-05,1.0000000000000016e-05,0.025,0.0250000009071036,0.0249999998939294,0.0250000008802031,0.0250000008802031,0.0250000008907272,0.0250000008762473,1e-05,1.78776503323666e-05,2.743696462728781e-06,1.0000000000000013e-05,1.0000000000000013e-05,1.1083832873133844e-05,1.0012209674578616e-05,0.025,0.0249950834526505,0.0249999994924587,0.0250000015112819,0.0250000015112819,0.0250000015191981,0.0250000014811837,1e-05,2.2928808645581392e-05,5.246093276201525e-06,1.0000000000000014e-05,1.000000000000001e-05,1.0157820506763172e-05,1.0000000000000004e-05,0.025,0.0250000000556279,0.0249999999599116,0.0250000001207671,0.0250000001207671,0.0250000001335173,0.0250000001179645,1e-05,1.218135311495102e-05,8.314570591497108e-06,1.000000000000002e-05,1.000000000000002e-05,1.0000000000000016e-05,1.0000000000000014e-05,0.025,0.0250000009014524,0.0249999999251883,0.0250000008754248,0.0250000008754248,0.0250000008205676,0.0250000008722219,1e-05,1.7375637069641807e-05,3.424686659295748e-06,1.0000000000000013e-05,1.0000000000000013e-05,1.0344072613222756e-05,1.0000000000000004e-05,0.025,0.0250000012611826,0.0249999995199405,0.0250000015073218,0.0250000015073218,0.0250000014340388,0.0250000014961694,1e-05,2.1430536950671422e-05,5.465849510797064e-06,1.0000000000000014e-05,1.000000000000001e-05,1.0000000000000004e-05,1.0000000000000004e-05,0.02500000006662826,1.000000000000002e-05,0.02500000071090097,1.000000000000002e-05,0.025000000410994143,1.0000000000000011e-05,0.025000000063548248,1.000000000000002e-05,0.025000000701194573,1.0000000000000013e-05,0.02500000069914505,1.0000000000000008e-05
07-14-2021,0.025,0.0250000000576283,0.0249999999616383,0.0250000001218887,0.0250000001218887,0.0250000001215091,0.0250000001081874,1e-05,1.2250622039749204e-05,8.436664778500923e-06,1.000000000000002e-05,1.000000000000002e-05,1.0000000000000016e-05,1.0000000000000016e-05,0.025,0.0250000009118513,0.0249999995803759,0.0250000008802031,0.0250000008802031,0.0250000009230913,0.0250000008760898,1e-05,1.816799714293225e-05,1.309001602605971e-06,1.0000000000000013e-05,1.000000000000001e-05,1.107061110028934e-05,1.0019451875917008e-05,0.025,0.0249950545076633,0.0249999996084416,0.0250000015112819,0.0250000015112819,0.0250000016544167,0.0250000014690128,1e-05,2.3218926534689216e-05,6.266677754692101e-06,1.0000000000000013e-05,1.0000000000000013e-05,1.0157959460281732e-05,1.0000000000000004e-05,0.025,0.0250000000571356,0.0249999999691917,0.0250000001207671,0.0250000001207671,0.0250000001191244,0.0250000001197529,1e-05,1.2236067999908307e-05,8.594816775087512e-06,1.0000000000000025e-05,1.000000000000002e-05,1.0000000000000016e-05,1.0000000000000014e-05,0.025,0.0250000009062409,0.0249999996113514,0.0250000008754248,0.0250000008754248,0.0250000009257822,0.0250000008776473,1e-05,1.764654773091441e-05,1.9296585064134757e-06,1.0000000000000013e-05,1.0000000000000013e-05,1.0314055986244285e-05,1.0000000000000004e-05,0.025,0.0250000012853783,0.0249999996357774,0.0250000015073218,0.0250000015073218,0.0250000014907909,0.0250000015886716,1e-05,2.165017167258996e-05,6.518684973944597e-06,1.0000000000000013e-05,1.0000000000000013e-05,1.0000000000000004e-05,1.0000000000000004e-05,0.025000000067476803,1.000000000000002e-05,0.02500000062400623,1.0000000000000016e-05,0.025000000484898564,1.0000000000000013e-05,0.025000000065804683,1.0000000000000021e-05,0.02500000062106029,1.0000000000000013e-05,0.025000000771661705,1.000000000000001e-05
07-15-2021,0.025,0.025000000059159,0.0249999999519499,0.0250000001218887,0.0250000001218887,0.0250000001246816,0.0250000001186766,1e-05,1.2310820791875626e-05,8.075097791764236e-06,1.0000000000000025e-05,1.000000000000002e-05,1.0000000000000016e-05,1.0000000000000016e-05,0.025,0.0250000009158682,0.0249999998446845,0.0250000008802031,0.0250000008802031,0.0250000008296332,0.0250000009155094,1e-05,1.8453994408143425e-05,1.9807634385716425e-06,1.0000000000000013e-05,1.0000000000000013e-05,1.104433721044662e-05,1.001634729779516e-05,0.025,0.0249950257233151,0.0249999995581375,0.0250000015112819,0.0250000015112819,0.0250000015252785,0.0250000015354078,1e-05,2.3350199182715614e-05,5.832892718785391e-06,1.0000000000000013e-05,1.0000000000000013e-05,1.015771492393501e-05,1.0000000000000004e-05,0.025,0.0250000000586951,0.0249999999588914,0.0250000001207671,0.0250000001207671,0.0250000001256769,0.0250000001183941,1e-05,1.2297085944020415e-05,8.200586776058335e-06,1.000000000000002e-05,1.000000000000002e-05,1.0000000000000016e-05,1.0000000000000016e-05,0.025,0.0250000009102698,0.0249999998730482,0.0250000008754248,0.0250000008754248,0.0250000008696347,0.0250000008265831,1e-05,1.791475058808075e-05,2.587794488164894e-06,1.0000000000000013e-05,1.0000000000000013e-05,1.0320407587101996e-05,1.0000000000000006e-05,0.025,0.0250000013077982,0.0249999995834214,0.0250000015073218,0.0250000015073218,0.025000001467473,0.0250000015779682,1e-05,2.1855082417328465e-05,6.044336845739424e-06,1.0000000000000013e-05,1.0000000000000013e-05,1.0000000000000006e-05,1.0000000000000004e-05,0.025000000066306077,1.000000000000002e-05,0.02500000069454181,1.0000000000000018e-05,0.025000000449978257,1.0000000000000013e-05,0.02500000006302213,1.0000000000000021e-05,0.02500000068686611,1.0000000000000013e-05,0.025000000746217492,1.000000000000001e-05
07-16-2021,0.025,0.0250000000609616,0.0249999999438115,0.0250000001218887,0.0250000001218887,0.0250000001232129,0.0250000001282309,1e-05,1.2384641219851324e-05,7.726922080409857e-06,1.000000000000002e-05,1.000000000000002e-05,1.0000000000000018e-05,1.0000000000000014e-05,0.025,0.0250000009194536,0.0249999994738758,0.0250000008802031,0.0250000008802031,0.0250000008331057,0.0250000009238953,1e-05,1.873572796591854e-05,7.098110110621229e-07,1.0000000000000013e-05,1.0000000000000013e-05,1.1106319661407945e-05,1.0008591175232709e-05,0.025,0.0249949970980797,0.0249999996126504,0.0250000015112819,0.0250000015112819,0.0250000015614021,0.0250000015747729,1e-05,2.3433175337265453e-05,6.30573668736938e-06,1.0000000000000013e-05,1.0000000000000013e-05,1.0157195953024904e-05,1.0000000000000004e-05,0.025,0.0250000000605321,0.0249999999524647,0.0250000001207671,0.0250000001207671,0.0250000001173406,0.025000000128405,1e-05,1.2372257405780526e-05,7.963915406818155e-06,1.0000000000000025e-05,1.000000000000002e-05,1.0000000000000016e-05,1.0000000000000016e-05,0.025,0.0250000009137804,0.0249999995090553,0.0250000008754248,0.0250000008754248,0.0250000008889809,0.0250000008944585,1e-05,1.8180989091803048e-05,1.3852303007410574e-06,1.0000000000000013e-05,1.0000000000000013e-05,1.0322701947268747e-05,1.0000000000000006e-05,0.025,0.0250000013300111,0.0249999996440804,0.0250000015073218,0.0250000015073218,0.0250000014361773,0.0250000016139291,1e-05,2.2056926890792302e-05,6.633997917880521e-06,1.0000000000000014e-05,1.0000000000000013e-05,1.0000000000000004e-05,1.0000000000000004e-05,0.025000000065049568,1.0000000000000018e-05,0.025000000587776537,1.0000000000000016e-05,0.025000000486207655,1.0000000000000013e-05,0.025000000061289874,1.0000000000000021e-05,0.025000000587913067,1.0000000000000013e-05,0.025000000777632234,1.000000000000001e-05
07-17-2021,0.025,0.0250000000629874,0.0249999999669511,0.0250000001218887,0.0250000001218887,0.0250000001142599,0.0250000001196341,1e-05,1.246729344812058e-05,8.658995131543504e-06,1.000000000000002e-05,1.000000000000002e-05,1.0000000000000018e-05,1.0000000000000016e-05,0.025,0.0250000009226096,0.0249999994186085,0.0250000008802031,0.0250000008802031,0.0250000008440694,0.0250000008591317,1e-05,1.9011184300336763e-05,7.094985080384041e-06,1.0000000000000013e-05,1.0000000000000013e-05,1.138675213899676e-05,1.0071066765983734e-05,0.025,0.0249949686304446,0.0249999999284266,0.0250000015112819,0.0250000015112819,0.0250000014849071,0.0250000015088003,1e-05,2.35658554456342e-05,9.278706936910097e-06,1.0000000000000013e-05,1.0000000000000013e-05,1.0121414812905943e-05,1.0000000000000004e-05,0.025,0.0250000000625571,0.0249999999792652,0.0250000001207671,0.0250000001207671,0.0250000001173617,0.0250000001219301,1e-05,1.2455151997634202e-05,9.15379729954412e-06,1.0000000000000025e-05,1.000000000000002e-05,1.0000000000000018e-05,1.0000000000000018e-05,0.025,0.0250000009170017,0.0249999994692536,0.0250000008754248,0.0250000008754248,0.0250000008397637,0.0250000009075002,1e-05,1.8441831169567436e-05,8.01224840331989e-06,1.0000000000000013e-05,1.0000000000000013e-05,1.0299651357162925e-05,1.0000000000000004e-05,0.025,0.0250000013516814,0.0249999999724563,0.0250000015073218,0.0250000015073218,0.0250000015798399,0.0250000014697528,1e-05,2.2252945356945493e-05,9.816348434834752e-06,1.0000000000000014e-05,1.0000000000000013e-05,1.0000000000000004e-05,1.0000000000000006e-05,0.025000000070854088,1.000000000000002e-05,0.025000000564352025,1.0000000000000028e-05,0.02500000063266004,1.0000000000000014e-05,0.02500000007058049,1.0000000000000026e-05,0.025000000571087783,1.0000000000000016e-05,0.025000000934255678,1.0000000000000011e-05
07-18-2021,0.025,0.0250000000650154,0.0250000000386572,0.0250000001218887,0.0250000001218887,0.0250000001154377,0.0250000001214752,1e-05,1.254746944674196e-05,1.1544856505796891e-05,1.000000000000002e-05,1.000000000000002e-05,1.0000000000000016e-05,1.0000000000000014e-05,0.025,0.0250000009253285,0.0249999993609247,0.0250000008802031,0.0250000008802031,0.0250000008943207,0.0250000009094975,1e-05,1.928009214765645e-05,1.4080231079144617e-05,1.0000000000000014e-05,1.0000000000000013e-05,1.1231232281456566e-05,1.0081226216066211e-05,0.025,0.0249949403189106,0.0250000004206401,0.0250000015112819,0.0250000015112819,0.0250000014272535,0.025000001494712,1e-05,2.37188286328654e-05,1.395660827355281e-05,1.0000000000000013e-05,1.0000000000000014e-05,1.0149156121484966e-05,1.0000000000000006e-05,0.025,0.0250000000645343,0.0250000000462244,0.0250000001207671,0.0250000001207671,0.025000000121076,0.025000000118244,1e-05,1.2533445301034268e-05,1.1880217027354827e-05,1.0000000000000025e-05,1.000000000000002e-05,1.0000000000000016e-05,1.0000000000000018e-05,0.025,0.0250000009196974,0.0249999993923438,0.0250000008754248,0.0250000008754248,0.0250000008433405,0.0250000008435204,1e-05,1.8697142014703312e-05,1.456038054808333e-05,1.0000000000000013e-05,1.0000000000000013e-05,1.0265229641933096e-05,1.0000000000000004e-05,0.025,0.0250000013728504,0.0250000004466595,0.0250000015073218,0.0250000015073218,0.0250000014520998,0.0250000015283629,1e-05,2.2443372586438148e-05,1.433218402821794e-05,1.0000000000000013e-05,1.0000000000000014e-05,1.0000000000000006e-05,1.0000000000000004e-05,0.02500000009450866,1.0000000000000026e-05,0.025000000562055053,1.0000000000000035e-05,0.025000000879664374,1.000000000000002e-05,0.025000000094892647,1.0000000000000033e-05,0.02500000053940773,1.0000000000000018e-05,0.025000001151468956,1.0000000000000014e-05
07-19-2021,0.025,0.0250000000668277,0.024999999959406,0.0250000001218887,0.0250000001218887,0.0250000001141478,0.0250000001184547,1e-05,1.2615514116914224e-05,8.335893557174807e-06,1.000000000000002e-05,1.0000000000000025e-05,1.0000000000000016e-05,1.0000000000000014e-05,0.025,0.025000000927821,0.0249999996962321,0.0250000008802031,0.0250000008802031,0.0250000008785423,0.025000000927572,1e-05,1.954374665035449e-05,1.369937188764941e-06,1.0000000000000013e-05,1.0000000000000013e-05,1.1110189596498188e-05,1.003014408595874e-05,0.025,0.0249945182215576,0.0249999996250464,0.0250000015112819,0.0250000015112819,0.0250000014091108,0.0250000015249582,1e-05,2.386148605624703e-05,6.327196202227407e-06,1.0000000000000013e-05,1.0000000000000013e-05,1.0153220553026772e-05,1.0000000000000004e-05,0.025,0.0250000000662672,0.0249999999685365,0.0250000001207671,0.0250000001207671,0.0250000001111003,0.0250000001325885,1e-05,1.2598179215249488e-05,8.594889107941465e-06,1.000000000000002e-05,1.000000000000002e-05,1.0000000000000016e-05,1.0000000000000014e-05,0.025,0.0250000009222279,0.0249999997336327,0.0250000008754248,0.0250000008754248,0.0250000008768159,0.025000000876993,1e-05,1.894783184787668e-05,2.1419510734889445e-06,1.0000000000000013e-05,1.0000000000000014e-05,1.0278110500821537e-05,1.0000000000000004e-05,0.025,0.0250000013931913,0.0249999996580127,0.0250000015073218,0.0250000015073218,0.0250000014985301,0.0250000015515644,1e-05,2.2625675169391652e-05,6.6212743142668885e-06,1.0000000000000014e-05,1.0000000000000014e-05,1.0000000000000004e-05,1.0000000000000006e-05,0.02500000006915209,1.000000000000002e-05,0.025000000661229385,1.000000000000002e-05,0.025000000447519766,1.0000000000000013e-05,0.025000000068001564,1.0000000000000021e-05,0.02500000065378819,1.0000000000000013e-05,0.025000000791684913,1.000000000000001e-05
07-20-2021,0.025,0.0250000000683251,0.0249999999654276,0.0250000001218887,0.0250000001218887,0.025000000122128,0.0250000001279415,1e-05,1.2669269453306022e-05,8.580228229581287e-06,1.0000000000000025e-05,1.0000000000000025e-05,1.0000000000000016e-05,1.0000000000000016e-05,0.025,0.0250000009299629,0.0249999996108242,0.0250000008802031,0.0250000008802031,0.0250000008807149,0.025000000862223,1e-05,1.98031760384598e-05,2.0857165276054555e-06,1.0000000000000013e-05,1.0000000000000013e-05,1.111285941627901e-05,1.0053320948060377e-05,0.025,0.0249967580504872,0.0249999996687199,0.0250000015112819,0.0250000015112819,0.0250000015293381,0.0250000014943883,1e-05,2.3972031618482724e-05,6.79728386839191e-06,1.0000000000000013e-05,1.0000000000000013e-05,1.0155435296171213e-05,1.0000000000000004e-05,0.025,0.0250000000677046,0.0249999999735071,0.0250000001207671,0.0250000001207671,0.0250000001250674,0.0250000001176895,1e-05,1.2649290399159604e-05,8.782101872651846e-06,1.000000000000002e-05,1.000000000000002e-05,1.0000000000000016e-05,1.0000000000000016e-05,0.025,0.025000000924386,0.0249999996440302,0.0250000008754248,0.0250000008754248,0.0250000008813142,0.0250000008544169,1e-05,1.919497296610665e-05,2.7438590151275142e-06,1.0000000000000013e-05,1.0000000000000004e-05,1.0285963450228008e-05,1.0000000000000006e-05,0.025,0.025000001412614,0.0249999996978841,0.0250000015073218,0.0250000015073218,0.0250000014695734,0.0250000015201746,1e-05,2.279929586117494e-05,7.07148317734968e-06,1.0000000000000013e-05,1.0000000000000016e-05,1.0000000000000004e-05,1.0000000000000004e-05,0.02500000007341656,1.0000000000000025e-05,0.025000000627477034,1.0000000000000023e-05,0.025000000579205605,1.0000000000000013e-05,0.02500000006998541,1.0000000000000021e-05,0.025000000624066734,1.0000000000000011e-05,0.02500000080637848,1.000000000000001e-05
07-21-2021,0.025,0.0250000000696048,0.0249999999652332,0.0250000001218887,0.0250000001218887,0.0250000001250732,0.0250000001207128,1e-05,1.2715896654194776e-05,8.582143575822706e-06,1.0000000000000025e-05,1.000000000000002e-05,1.0000000000000016e-05,1.0000000000000016e-05,0.025,0.0250000009318772,0.024999999620674,0.0250000008802031,0.0250000008802031,0.0250000008048903,0.0250000008660416,1e-05,2.0058656532413707e-05,2.1198342789960096e-06,1.0000000000000016e-05,1.0000000000000016e-05,1.1131178891948397e-05,1.005069668633428e-05,0.025,0.0249948647741161,0.0249999996800029,0.0250000015112819,0.0250000015112819,0.0250000015036409,0.0250000014457053,1e-05,2.406676815888653e-05,6.915682183917128e-06,1.0000000000000013e-05,1.0000000000000014e-05,1.0156023487124184e-05,1.0000000000000006e-05,0.025,0.0250000000689759,0.0249999999723649,0.0250000001207671,0.0250000001207671,0.0250000001275748,0.0250000001221854,1e-05,1.2695408398355596e-05,8.736473457339e-06,1.0000000000000025e-05,1.000000000000002e-05,1.0000000000000016e-05,1.0000000000000014e-05,0.025,0.0250000009263028,0.0249999996498919,0.0250000008754248,0.0250000008754248,0.0250000008966022,0.025000000874867,1e-05,1.9438474010400276e-05,2.685774873042784e-06,1.0000000000000016e-05,1.0000000000000013e-05,1.0268174910530736e-05,1.0000000000000008e-05,0.025,0.0250000014310427,0.0249999997058723,0.0250000015073218,0.0250000015073218,0.0250000015236391,0.0250000014730768,1e-05,2.296386688347325e-05,7.153756250475197e-06,1.0000000000000016e-05,1.0000000000000013e-05,1.0000000000000004e-05,1.0000000000000004e-05,0.02500000007313965,1.0000000000000021e-05,0.025000000620417597,1.0000000000000026e-05,0.025000000493132137,1.0000000000000014e-05,0.025000000070602803,1.0000000000000023e-05,0.02500000063112546,1.0000000000000016e-05,0.025000000813112284,1.0000000000000011e-05
07-22-2021,0.025,0.0250000000708838,0.0249999999587174,0.0250000001218887,0.0250000001218887,0.025000000116292,0.0250000001220696,1e-05,1.2765864779844848e-05,8.330649387333698e-06,1.0000000000000025e-05,1.0000000000000025e-05,1.0000000000000016e-05,1.0000000000000016e-05,0.025,0.0250000009335592,0.0249999997736678,0.0250000008802031,0.0250000008802031,0.0250000008640163,0.0250000008754394,1e-05,2.031062644353548e-05,3.4106063854411235e-06,1.0000000000000014e-05,1.0000000000000014e-05,1.1111012130066665e-05,1.0055762891716136e-05,0.025,0.0249990734304664,0.0249999996687033,0.0250000015112819,0.0250000015112819,0.0250000015158128,0.0250000015436343,1e-05,2.416073704238537e-05,6.827936078104401e-06,1.0000000000000014e-05,1.0000000000000013e-05,1.0154821896513495e-05,1.0000000000000004e-05,0.025,0.0250000000702872,0.0249999999680356,0.0250000001207671,0.0250000001207671,0.0250000001135524,0.0250000001187516,1e-05,1.2746633310265092e-05,8.598438854867392e-06,1.0000000000000025e-05,1.0000000000000025e-05,1.0000000000000016e-05,1.0000000000000016e-05,0.025,0.0250000009280156,0.0249999998119756,0.0250000008754248,0.0250000008754248,0.0250000008772839,0.025000000852834,1e-05,1.967902765383135e-05,4.197932049288932e-06,1.0000000000000014e-05,1.0000000000000013e-05,1.0273282042164258e-05,1.0000000000000008e-05,0.025,0.0250000014485587,0.0249999997023145,0.0250000015073218,0.0250000015073218,0.0250000015124039,0.0250000015173866,1e-05,2.3120143747625147e-05,7.151503949095507e-06,1.0000000000000014e-05,1.0000000000000014e-05,1.0000000000000004e-05,1.0000000000000006e-05,0.025000000070497335,1.0000000000000025e-05,0.025000000675321984,1.0000000000000026e-05,0.02500000068506243,1.0000000000000013e-05,0.02500000006743837,1.0000000000000026e-05,0.02500000067528286,1.0000000000000016e-05,0.025000000816858964,1.0000000000000011e-05
07-23-2021,0.025,0.0250000000723102,0.0249999999550129,0.0250000001218887,0.0250000001218887,0.025000000118166,0.0250000001251269,1e-05,1.2824208191008535e-05,8.130045579955573e-06,1.0000000000000025e-05,1.0000000000000025e-05,1.0000000000000016e-05,1.0000000000000018e-05,0.025,0.0250000009350276,0.0249999993857207,0.0250000008802031,0.0250000008802031,0.0250000009236254,0.0250000009034664,1e-05,2.055886994576846e-05,2.5560365823846035e-06,1.0000000000000016e-05,1.0000000000000014e-05,1.1315388881620373e-05,1.006538312052058e-05,0.025,0.024994833670794,0.0249999997877168,0.0250000015112819,0.0250000015112819,0.0250000014559946,0.0250000015021288,1e-05,2.4259636831784625e-05,7.868463127182288e-06,1.0000000000000016e-05,1.0000000000000014e-05,1.0149560690034715e-05,1.0000000000000006e-05,0.025,0.025000000071746,0.0249999999668553,0.0250000001207671,0.0250000001207671,0.0250000001189896,0.0250000001238549,1e-05,1.2806357369075309e-05,8.55015130856319e-06,1.0000000000000025e-05,1.000000000000002e-05,1.0000000000000016e-05,1.0000000000000016e-05,0.025,0.0250000009294935,0.0249999994340892,0.0250000008754248,0.0250000008754248,0.0250000009264604,0.025000000905939,1e-05,1.991643033220575e-05,3.477666140558832e-06,1.0000000000000014e-05,1.0000000000000014e-05,1.0308094160459222e-05,1.0000000000000008e-05,0.025,0.0250000014652165,0.024999999830468,0.0250000015073218,0.0250000015073218,0.0250000014438708,0.0250000015273005,1e-05,2.3268718169658665e-05,8.336090565431954e-06,1.0000000000000016e-05,1.0000000000000014e-05,1.0000000000000008e-05,1.0000000000000004e-05,0.025000000070201797,1.0000000000000025e-05,0.025000000573978814,1.0000000000000026e-05,0.02500000054907418,1.0000000000000016e-05,0.02500000006846554,1.0000000000000021e-05,0.025000000573896584,1.0000000000000016e-05,0.025000000872665216,1.0000000000000013e-05
07-24-2021,0.025,0.0250000000738642,0.024999999963808,0.0250000001218887,0.0250000001218887,0.0250000001207886,0.0250000001214034,1e-05,1.288767533400001e-05,8.529132730482163e-06,1.0000000000000025e-05,1.0000000000000025e-05,1.0000000000000018e-05,1.0000000000000016e-05,0.025,0.0250000009363441,0.02499999999031,0.0250000008802031,0.0250000008802031,0.0250000008418241,0.025000000852614,1e-05,2.080314861198483e-05,9.67231883901862e-06,1.0000000000000016e-05,1.0000000000000016e-05,1.1306221846913547e-05,1.0057148370477348e-05,0.025,0.0249948062836349,0.0249999998790892,0.0250000015112819,0.0250000015112819,0.0250000015236773,0.0250000014795548,1e-05,2.435560638106328e-05,8.855949871506424e-06,1.0000000000000014e-05,1.0000000000000013e-05,1.0146973587984167e-05,1.000000000000001e-05,0.025,0.0250000000732961,0.0249999999764865,0.0250000001207671,0.0250000001207671,0.0250000001266433,0.0250000001103772,1e-05,1.2869692704346298e-05,9.068287184888922e-06,1.0000000000000025e-05,1.0000000000000025e-05,1.0000000000000016e-05,1.0000000000000016e-05,0.025,0.0250000009308361,0.0250000000422821,0.0250000008754248,0.0250000008754248,0.025000000853962,0.0250000008818432,1e-05,2.015056137601165e-05,1.075709637507298e-05,1.0000000000000016e-05,1.0000000000000014e-05,1.0277595174252832e-05,1.0000000000000008e-05,0.025,0.0250000014810723,0.0249999999244787,0.0250000015073218,0.0250000015073218,0.0250000015324264,0.0250000015657763,1e-05,2.341014643772792e-05,9.33623762970886e-06,1.0000000000000016e-05,1.0000000000000016e-05,1.000000000000001e-05,1.0000000000000008e-05,0.025000000073220088,1.0000000000000025e-05,0.025000000732972413,1.0000000000000033e-05,0.0250000006009047,1.0000000000000018e-05,0.02500000007160346,1.0000000000000026e-05,0.025000000747103426,1.0000000000000018e-05,0.025000000931781414,1.0000000000000014e-05
07-25-2021,0.025,0.025000000075409,0.025000000010951,0.0250000001218887,0.0250000001218887,0.025000000119683,0.0250000001230277,1e-05,1.2948478274112958e-05,1.0483346769059906e-05,1.0000000000000025e-05,1.0000000000000025e-05,1.0000000000000016e-05,1.0000000000000016e-05,0.025,0.0250000009374915,0.0250000001029439,0.0250000008802031,0.0250000008802031,0.0250000009172867,0.0250000008717863,1e-05,2.104316274264993e-05,1.511965826113328e-05,1.0000000000000014e-05,1.0000000000000013e-05,1.113763336370201e-05,1.0058097471467147e-05,0.025,0.0249947790420188,0.0250000000922178,0.0250000015112819,0.0250000015112819,0.0250000015514392,0.0250000015328887,1e-05,2.444347655507798e-05,1.092247546737187e-05,1.0000000000000014e-05,1.0000000000000016e-05,1.015441634277494e-05,1.0000000000000008e-05,0.025,0.0250000000747931,0.0250000000245787,0.0250000001207671,0.0250000001207671,0.0250000001240181,0.025000000114114,1e-05,1.292840303935028e-05,1.1098771359838871e-05,1.0000000000000025e-05,1.0000000000000025e-05,1.0000000000000018e-05,1.0000000000000018e-05,0.025,0.0250000009320018,0.0250000001595346,0.0250000008754248,0.0250000008754248,0.0250000008973912,0.0250000008474931,1e-05,2.0381159726441763e-05,1.63570561766929e-05,1.0000000000000014e-05,1.0000000000000014e-05,1.0270433398627218e-05,1.0000000000000008e-05,0.025,0.0250000014961343,0.0250000001405538,0.0250000015073218,0.0250000015073218,0.0250000014984013,0.0250000015975074,1e-05,2.354465570339868e-05,1.1394913176768436e-05,1.0000000000000016e-05,1.0000000000000014e-05,1.0000000000000006e-05,1.000000000000001e-05,0.025000000088651105,1.0000000000000028e-05,0.02500000077965073,1.0000000000000035e-05,0.025000000720639032,1.000000000000002e-05,0.02500000008919571,1.0000000000000033e-05,0.02500000078448832,1.0000000000000021e-05,0.025000001034440236,1.0000000000000014e-05
07-26-2021,0.025,0.025000000076801,0.0249999999614488,0.0250000001218887,0.0250000001218887,0.0250000001162662,0.0250000001307156,1e-05,1.3000278413083013e-05,8.348605671933216e-06,1.0000000000000025e-05,1.0000000000000025e-05,1.0000000000000018e-05,1.0000000000000016e-05,0.025,0.0250000009385106,0.0249999998145328,0.0250000008802031,0.0250000008802031,0.0250000008731092,0.0250000008472135,1e-05,2.1278630838390957e-05,3.677436302310577e-06,1.0000000000000016e-05,1.0000000000000014e-05,1.112823050069098e-05,1.0058798348465205e-05,0.025,0.0249947519445758,0.0249999997875724,0.0250000015112819,0.0250000015112819,0.0250000015304817,0.0250000015165307,1e-05,2.4522623586479346e-05,7.772275628586435e-06,1.0000000000000014e-05,1.0000000000000014e-05,1.0154090759320149e-05,1.0000000000000008e-05,0.025,0.0250000000761191,0.0249999999742988,0.0250000001207671,0.0250000001207671,0.0250000001264452,0.0250000001168666,1e-05,1.2977289615167458e-05,8.78961198439945e-06,1.0000000000000025e-05,1.0000000000000025e-05,1.0000000000000018e-05,1.0000000000000016e-05,0.025,0.0250000009330365,0.024999999867149,0.0250000008754248,0.0250000008754248,0.0250000008689511,0.0250000008534439,1e-05,2.0607944262592004e-05,4.773495904535118e-06,1.0000000000000016e-05,1.0000000000000013e-05,1.0313724786183311e-05,1.000000000000001e-05,0.025,0.0250000015104065,0.0249999998339223,0.0250000015073218,0.0250000015073218,0.0250000014592921,0.0250000014706194,1e-05,2.367239464716977e-05,8.200979893173204e-06,1.0000000000000014e-05,1.0000000000000016e-05,1.000000000000001e-05,1.0000000000000004e-05,0.025000000073679234,1.0000000000000025e-05,0.025000000685300967,1.0000000000000028e-05,0.02500000055603,1.0000000000000016e-05,0.025000000072094547,1.0000000000000026e-05,0.02500000069180427,1.0000000000000018e-05,0.02500000087537109,1.0000000000000013e-05
07-27-2021,0.025,0.0250000000779866,0.0249999999660896,0.0250000001218887,0.0250000001218887,0.0250000001133075,0.0250000001159013,1e-05,1.3042594821499667e-05,8.545475567920324e-06,1.0000000000000025e-05,1.0000000000000025e-05,1.0000000000000016e-05,1.0000000000000016e-05,0.025,0.0250000009394085,0.0249999998173627,0.0250000008802031,0.0250000008802031,0.0250000008798972,0.0250000008826215,1e-05,2.150946053886578e-05,4.469357433580889e-06,1.0000000000000014e-05,1.0000000000000016e-05,1.111937323948967e-05,1.0058860622302076e-05,0.025,0.0249951289296502,0.0249999998484968,0.0250000015112819,0.0250000015112819,0.0250000014998499,0.0250000014380591,1e-05,2.4597222229994547e-05,8.388970950292947e-06,1.0000000000000016e-05,1.0000000000000016e-05,1.0154252190993946e-05,1.000000000000001e-05,0.025,0.0250000000772602,0.0249999999765895,0.0250000001207671,0.0250000001207671,0.0250000001256491,0.0250000001294131,1e-05,1.3017669406980974e-05,8.883446145222765e-06,1.0000000000000025e-05,1.0000000000000025e-05,1.000000000000002e-05,1.0000000000000018e-05,0.025,0.0250000009339548,0.024999999860313,0.0250000008754248,0.0250000008754248,0.0250000008818296,0.0250000008969156,1e-05,2.083076883824797e-05,5.341516200477994e-06,1.0000000000000016e-05,1.0000000000000014e-05,1.0305074361194105e-05,1.0000000000000008e-05,0.025,0.0250000015238902,0.0249999998862971,0.0250000015073218,0.0250000015073218,0.0250000014478366,0.0250000014531714,1e-05,2.3793480001831496e-05,8.747559733006177e-06,1.0000000000000014e-05,1.0000000000000016e-05,1.0000000000000006e-05,1.000000000000001e-05,0.025000000073368105,1.0000000000000025e-05,0.025000000692240072,1.0000000000000028e-05,0.02500000059125962,1.0000000000000018e-05,0.025000000074420166,1.0000000000000028e-05,0.025000000697721087,1.0000000000000018e-05,0.025000000898490374,1.0000000000000014e-05
07-28-2021,0.025,0.0250000000790356,0.0249999999513847,0.0250000001218887,0.0250000001218887,0.0250000001254845,0.0250000001141608,1e-05,1.308076546441354e-05,8.009425064523954e-06,1.0000000000000025e-05,1.0000000000000025e-05,1.0000000000000018e-05,1.0000000000000016e-05,0.025,0.0250000009401965,0.0250000000540038,0.0250000008802031,0.0250000008802031,0.0250000008980996,0.0250000008743556,1e-05,2.1735637206422644e-05,6.79128055183591e-06,1.0000000000000016e-05,1.0000000000000016e-05,1.1226107971564836e-05,1.0056327737644142e-05,0.025,0.0249951048682901,0.0249999998035019,0.0250000015112819,0.0250000015112819,0.0250000014885984,0.0250000015459099,1e-05,2.466961439127303e-05,8.05048794078804e-06,1.0000000000000014e-05,1.0000000000000014e-05,1.015517477324836e-05,1.000000000000001e-05,0.025,0.0250000000783076,0.0249999999649213,0.0250000001207671,0.0250000001207671,0.0250000001159767,0.0250000001223252,1e-05,1.305582554102856e-05,8.476478993163104e-06,1.0000000000000025e-05,1.0000000000000025e-05,1.0000000000000018e-05,1.0000000000000016e-05,0.025,0.0250000009347575,0.0250000001095458,0.0250000008754248,0.0250000008754248,0.0250000008632365,0.0250000008693997,1e-05,2.1049563630966733e-05,7.95206219044082e-06,1.0000000000000016e-05,1.0000000000000014e-05,1.0314729663588888e-05,1.000000000000001e-05,0.025,0.0250000015366055,0.0249999998523756,0.0250000015073218,0.0250000015073218,0.0250000015279996,0.0250000014284594,1e-05,2.390812667491672e-05,8.512201009921831e-06,1.000000000000002e-05,1.0000000000000014e-05,1.000000000000001e-05,1.000000000000001e-05,0.025000000070108233,1.0000000000000025e-05,0.025000000763284708,1.0000000000000031e-05,0.025000000578361783,1.0000000000000018e-05,0.025000000068659822,1.0000000000000026e-05,0.025000000767817682,1.000000000000002e-05,0.025000000889957085,1.0000000000000014e-05
07-29-2021,0.025,0.025000000080079,0.0249999999374724,0.0250000001218887,0.0250000001218887,0.0250000001161385,0.025000000120852,1e-05,1.312139767160516e-05,7.500131517826922e-06,1.0000000000000025e-05,1.0000000000000025e-05,1.000000000000002e-05,1.0000000000000016e-05,0.025,0.0250000009408963,0.0249999999682662,0.0250000008802031,0.0250000008802031,0.0250000008650925,0.0250000009141256,1e-05,2.19572744298774e-05,8.0370287913942e-06,1.000000000000002e-05,1.0000000000000014e-05,1.1238477917598713e-05,1.0057586935102488e-05,0.025,0.0249950809328608,0.0249999997963416,0.0250000015112819,0.0250000015112819,0.0250000015018945,0.0250000014413101,1e-05,2.4739932650388276e-05,7.886700424306037e-06,1.0000000000000018e-05,1.0000000000000016e-05,1.0155554374705343e-05,1.000000000000001e-05,0.025,0.0250000000793797,0.0249999999599804,0.0250000001207671,0.0250000001207671,0.0250000001196358,0.0250000001214765,1e-05,1.3097772405839022e-05,8.432038912567616e-06,1.0000000000000025e-05,1.0000000000000025e-05,1.0000000000000016e-05,1.0000000000000016e-05,0.025,0.0250000009354755,0.025000000061041,0.0250000008754248,0.0250000008754248,0.0250000008697709,0.0250000008448067,1e-05,2.126437965987185e-05,9.961594992489694e-06,1.0000000000000014e-05,1.000000000000002e-05,1.0306451173630556e-05,1.0000000000000004e-05,0.025,0.0250000015485814,0.0249999998780171,0.0250000015073218,0.0250000015073218,0.0250000014345927,0.0250000015442977,1e-05,2.4016611256442365e-05,8.671401757432253e-06,1.0000000000000018e-05,1.0000000000000014e-05,1.000000000000001e-05,1.0000000000000008e-05,0.0250000000656086,1.0000000000000021e-05,0.025000000739147286,1.0000000000000033e-05,0.02500000056257896,1.0000000000000018e-05,0.025000000067427912,1.0000000000000026e-05,0.025000000750508306,1.0000000000000018e-05,0.025000000905452676,1.0000000000000014e-05
07-30-2021,0.025,0.0250000000812042,0.024999999942098,0.0250000001218887,0.0250000001218887,0.0250000001271341,0.025000000117159,1e-05,1.316729350166994e-05,7.695434135467755e-06,1.0000000000000025e-05,1.0000000000000025e-05,1.0000000000000016e-05,1.0000000000000016e-05,0.025,0.0250000009415108,0.0249999996517789,0.0250000008802031,0.0250000008802031,0.0250000008937949,0.0250000008739899,1e-05,2.2174529484460388e-05,8.049117463302747e-06,1.0000000000000018e-05,1.0000000000000018e-05,1.1268478284908136e-05,1.0054425103469764e-05,0.025,0.0249950571221662,0.0249999999479607,0.0250000015112819,0.0250000015112819,0.0250000014597402,0.0250000015474207,1e-05,2.48066806096494e-05,9.26250499726504e-06,1.0000000000000018e-05,1.0000000000000018e-05,1.0154782116709946e-05,1.000000000000001e-05,0.025,0.02500000008053,0.024999999964297,0.0250000001207671,0.0250000001207671,0.0250000001169855,0.0250000001229811,1e-05,1.3144759470723688e-05,8.675829301758539e-06,1.0000000000000025e-05,1.0000000000000025e-05,1.0000000000000016e-05,1.0000000000000018e-05,0.025,0.0250000009361053,0.0249999997431118,0.0250000008754248,0.0250000008754248,0.0250000008711947,0.0250000008957362,1e-05,2.1475133801991205e-05,9.861849533383423e-06,1.0000000000000018e-05,1.0000000000000014e-05,1.0320285166779909e-05,1.0000000000000008e-05,0.025,0.0250000015598536,0.0250000000285542,0.0250000015073218,0.0250000015073218,0.0250000015278054,0.0250000015251092,1e-05,2.411925398277827e-05,1.0085433722389773e-05,1.0000000000000018e-05,1.0000000000000016e-05,1.000000000000001e-05,1.000000000000001e-05,0.025000000068165742,1.000000000000002e-05,0.025000000644632363,1.0000000000000035e-05,0.025000000648380306,1.000000000000002e-05,0.025000000069083997,1.0000000000000026e-05,0.025000000660414745,1.000000000000002e-05,0.02500000098508435,1.0000000000000016e-05
07-31-2021,0.025,0.025000000082399,0.0249999999626839,0.0250000001218887,0.0250000001218887,0.0250000001228818,0.0250000001239472,1e-05,1.3215933684971669e-05,8.569016499940458e-06,1.0000000000000025e-05,1.0000000000000025e-05,1.0000000000000016e-05,1.0000000000000016e-05,0.025,0.025000000942054,0.0250000000425441,0.0250000008802031,0.0250000008802031,0.0250000009138538,0.0250000008411257,1e-05,2.238756196488703e-05,1.391104708916961e-05,1.000000000000002e-05,1.000000000000002e-05,1.1221609101626814e-05,1.0060869509715307e-05,0.025,0.024995033435024,0.0250000001192072,0.0250000015112819,0.0250000015112819,0.0250000015475867,0.0250000014518073,1e-05,2.486938899242288e-05,1.0946822509729556e-05,1.0000000000000016e-05,1.0000000000000018e-05,1.0153425868755016e-05,1.0000000000000004e-05,0.025,0.0250000000817185,0.0249999999839434,0.0250000001207671,0.0250000001207671,0.0250000001131492,0.0250000001169988,1e-05,1.3192981895509314e-05,9.588466203358298e-06,1.0000000000000025e-05,1.0000000000000025e-05,1.000000000000002e-05,1.0000000000000018e-05,0.025,0.0250000009366628,0.0250000001301363,0.0250000008754248,0.0250000008754248,0.0250000008453598,0.0250000008611011,1e-05,2.1682162361118446e-05,1.5702140187129517e-05,1.0000000000000016e-05,1.0000000000000016e-05,1.0291815360390557e-05,1.000000000000001e-05,0.025,0.0250000015704554,0.0250000001960247,0.0250000015073218,0.0250000015073218,0.0250000014548082,0.0250000015318867,1e-05,2.4216364748676324e-05,1.1722029489610658e-05,1.0000000000000016e-05,1.0000000000000016e-05,1.000000000000001e-05,1.000000000000001e-05,0.025000000075291066,1.0000000000000025e-05,0.025000000757701948,1.0000000000000041e-05,0.025000000735664902,1.0000000000000018e-05,0.025000000075280377,1.000000000000003e-05,0.025000000770731504,1.0000000000000023e-05,0.025000001057812474,1.0000000000000016e-05
08-01-2021,0.025,0.0250000000835773,0.0250000000211339,0.0250000001218887,0.0250000001218887,0.0250000001206296,0.0250000001271977,1e-05,1.3262009545357e-05,1.0850854767410138e-05,1.0000000000000025e-05,1.0000000000000025e-05,1.0000000000000016e-05,1.0000000000000018e-05,0.025,0.0250000009425336,0.0249999999517648,0.0250000008802031,0.0250000008802031,0.0250000009420196,0.0250000009387848,1e-05,2.2596508312673584e-05,1.6074126119072904e-05,1.0000000000000018e-05,1.0000000000000016e-05,1.1217030126976747e-05,1.010242427401127e-05,0.025,0.0249950098702653,0.02500000035749,0.0250000015112819,0.0250000015112819,0.025000001534778,0.0250000014891957,1e-05,2.4928521558672653e-05,1.3128560200320106e-05,1.0000000000000016e-05,1.0000000000000016e-05,1.0153283934619273e-05,1.000000000000001e-05,0.025,0.0250000000828564,0.0250000000429209,0.0250000001207671,0.0250000001207671,0.0250000001177952,0.0250000001201857,1e-05,1.3237078293963274e-05,1.1892582698083524e-05,1.0000000000000025e-05,1.0000000000000025e-05,1.0000000000000016e-05,1.000000000000002e-05,0.025,0.0250000009371567,0.0250000000418516,0.0250000008754248,0.0250000008754248,0.0250000008495279,0.0250000008111952,1e-05,2.188560464195225e-05,1.800128499967438e-05,1.0000000000000018e-05,1.0000000000000018e-05,1.0280540950095366e-05,1.000000000000001e-05,0.025,0.0250000015804175,0.0250000004355857,0.0250000015073218,0.0250000015073218,0.0250000014930997,0.0250000015435292,1e-05,2.4308229682346782e-05,1.3871305527218478e-05,1.0000000000000018e-05,1.0000000000000018e-05,1.000000000000001e-05,1.0000000000000013e-05,0.02500000009430147,1.000000000000003e-05,0.02500000074894146,1.0000000000000043e-05,0.025000000861927458,1.0000000000000023e-05,0.025000000097412007,1.0000000000000035e-05,0.025000000737316678,1.0000000000000025e-05,0.025000001176395316,1.000000000000002e-05
