date,Ohio-jh_beta_7_truth,Ohio-jh_beta_7_ARIMA_predications,Ohio-jh_beta_7_OLS_predications,Ohio-jh_beta_7_DT_predications,Ohio-jh_beta_7_RF_predications,Ohio-jh_beta_7_Bagged_DT_predications,Ohio-jh_beta_7_Bagged_RT_predications,Ohio-jh_gamma_7_truth,Ohio-jh_gamma_7_ARIMA_predications,Ohio-jh_gamma_7_OLS_predications,Ohio-jh_gamma_7_DT_predications,Ohio-jh_gamma_7_RF_predications,Ohio-jh_gamma_7_Bagged_DT_predications,Ohio-jh_gamma_7_Bagged_RT_predications,Ohio-jh_beta_14_truth,Ohio-jh_beta_14_ARIMA_predications,Ohio-jh_beta_14_OLS_predications,Ohio-jh_beta_14_DT_predications,Ohio-jh_beta_14_RF_predications,Ohio-jh_beta_14_Bagged_DT_predications,Ohio-jh_beta_14_Bagged_RT_predications,Ohio-jh_gamma_14_truth,Ohio-jh_gamma_14_ARIMA_predications,Ohio-jh_gamma_14_OLS_predications,Ohio-jh_gamma_14_DT_predications,Ohio-jh_gamma_14_RF_predications,Ohio-jh_gamma_14_Bagged_DT_predications,Ohio-jh_gamma_14_Bagged_RT_predications,Ohio-jh_beta_30_truth,Ohio-jh_beta_30_ARIMA_predications,Ohio-jh_beta_30_OLS_predications,Ohio-jh_beta_30_DT_predications,Ohio-jh_beta_30_RF_predications,Ohio-jh_beta_30_Bagged_DT_predications,Ohio-jh_beta_30_Bagged_RT_predications,Ohio-jh_gamma_30_truth,Ohio-jh_gamma_30_ARIMA_predications,Ohio-jh_gamma_30_OLS_predications,Ohio-jh_gamma_30_DT_predications,Ohio-jh_gamma_30_RF_predications,Ohio-jh_gamma_30_Bagged_DT_predications,Ohio-jh_gamma_30_Bagged_RT_predications,Ohio-cdc_beta_7_truth,Ohio-cdc_beta_7_ARIMA_predications,Ohio-cdc_beta_7_OLS_predications,Ohio-cdc_beta_7_DT_predications,Ohio-cdc_beta_7_RF_predications,Ohio-cdc_beta_7_Bagged_DT_predications,Ohio-cdc_beta_7_Bagged_RT_predications,Ohio-cdc_gamma_7_truth,Ohio-cdc_gamma_7_ARIMA_predications,Ohio-cdc_gamma_7_OLS_predications,Ohio-cdc_gamma_7_DT_predications,Ohio-cdc_gamma_7_RF_predications,Ohio-cdc_gamma_7_Bagged_DT_predications,Ohio-cdc_gamma_7_Bagged_RT_predications,Ohio-cdc_beta_14_truth,Ohio-cdc_beta_14_ARIMA_predications,Ohio-cdc_beta_14_OLS_predications,Ohio-cdc_beta_14_DT_predications,Ohio-cdc_beta_14_RF_predications,Ohio-cdc_beta_14_Bagged_DT_predications,Ohio-cdc_beta_14_Bagged_RT_predications,Ohio-cdc_gamma_14_truth,Ohio-cdc_gamma_14_ARIMA_predications,Ohio-cdc_gamma_14_OLS_predications,Ohio-cdc_gamma_14_DT_predications,Ohio-cdc_gamma_14_RF_predications,Ohio-cdc_gamma_14_Bagged_DT_predications,Ohio-cdc_gamma_14_Bagged_RT_predications,Ohio-cdc_beta_30_truth,Ohio-cdc_beta_30_ARIMA_predications,Ohio-cdc_beta_30_OLS_predications,Ohio-cdc_beta_30_DT_predications,Ohio-cdc_beta_30_RF_predications,Ohio-cdc_beta_30_Bagged_DT_predications,Ohio-cdc_beta_30_Bagged_RT_predications,Ohio-cdc_gamma_30_truth,Ohio-cdc_gamma_30_ARIMA_predications,Ohio-cdc_gamma_30_OLS_predications,Ohio-cdc_gamma_30_DT_predications,Ohio-cdc_gamma_30_RF_predications,Ohio-cdc_gamma_30_Bagged_DT_predications,Ohio-cdc_gamma_30_Bagged_RT_predications,Ohio-jh_beta_7_ensemble,Ohio-jh_gamma_7_ensemble,Ohio-jh_beta_14_ensemble,Ohio-jh_gamma_14_ensemble,Ohio-jh_beta_30_ensemble,Ohio-jh_gamma_30_ensemble,Ohio-cdc_beta_7_ensemble,Ohio-cdc_gamma_7_ensemble,Ohio-cdc_beta_14_ensemble,Ohio-cdc_gamma_14_ensemble,Ohio-cdc_beta_30_ensemble,Ohio-cdc_gamma_30_ensemble
07-02-2021,0.025,0.0250000000277237,0.025000000002431,0.0250000001187803,0.0250000001187803,0.0250000001229036,0.0250000001278058,1e-05,1.1099193186272204e-05,1.0105519382789653e-05,1.000000000000002e-05,1.000000000000002e-05,1.0000000000000016e-05,1.0000000000000014e-05,0.025,0.0249951796047281,0.0249999994295527,0.0250000038402882,0.0250000038402882,0.0250000035793588,0.0250000038544147,1e-05,3.033520495422223e-05,1.0011925155720136e-05,1.0000000000000018e-05,1.0000000000000016e-05,1.0000000000000008e-05,1.0000000000000013e-05,0.025,0.0249951777151174,0.0250000000483294,0.0250000018964404,0.0250000018964404,0.025000001836039,0.0250000019595077,1e-05,2.358164141449118e-05,1.0345562907243531e-05,1.0000000000000016e-05,1.0000000000000014e-05,1.0000000000000008e-05,1.0000000000000008e-05,0.025,0.0250000368299579,0.0250000160261558,0.0250000010698979,0.0250000000575793,0.0250001078021118,0.0250000001478722,1e-05,4.23448767012903e-05,1.4036212675705428e-05,1.000000000000002e-05,1.000000000000002e-05,1.0000000000000013e-05,1.0000000000000013e-05,0.025,0.0249951726104859,0.0249999995934881,0.0250000003712853,0.0250000004539802,0.025000001390125,0.0250000007686587,1e-05,6.11290791062184e-05,4.202569476419171e-06,1.0000000000000006e-05,1.0000000000000006e-05,1.0000000000000004e-05,1.0000000000000004e-05,0.0250000001044536,0.0250000070629058,0.0249999992231615,0.0250000044339012,0.0250000044339012,0.0250000042336777,0.0250000043499503,1.1310960624624407e-05,6.953627088481028e-05,2.4188801788227465e-06,1.0000000000000006e-05,1e-05,1.0000000000000004e-05,1e-05,0.02500000005301226,1.000000000000002e-05,0.025000001038537188,1.0000000000000028e-05,0.02500000063423516,1.0352271362224522e-05,0.025000001086700526,1.0000000000000028e-05,0.0250000004945566,1.0000000000000011e-05,0.02500000099166286,1.0000000000000003e-05
07-03-2021,0.025,0.0250000000314088,0.0249999999775306,0.0250000001187803,0.0250000001187803,0.0250000001211328,0.0250000001181349,1e-05,1.1243276598830454e-05,9.183721998834698e-06,1.000000000000002e-05,1.000000000000002e-05,1.0000000000000016e-05,1.0000000000000016e-05,0.025,0.0250015425101021,0.0249999995523316,0.0250000038402882,0.0250000038402882,0.0250000041381609,0.0250000034464265,1e-05,3.0326836661600133e-05,1.0414629055204017e-05,1.0000000000000018e-05,1.0000000000000018e-05,1.0000000000000006e-05,1.0000000000000008e-05,0.025,0.0249951467142407,0.0249999999254362,0.0250000018964404,0.0250000018964404,0.0250000020067021,0.0250000019789778,1e-05,2.480339224292998e-05,9.287525637335923e-06,1.0000000000000016e-05,1.0000000000000016e-05,1.0000000000000006e-05,1.000000000000001e-05,0.025,0.0250000365210799,0.0250000369904277,0.0250000010698979,0.0250000000252979,0.0250000117481956,0.0250000000483671,1e-05,4.2676745871545126e-05,3.458726447025384e-05,1.000000000000002e-05,1.000000000000002e-05,1.0000000000000013e-05,1.0000000000000013e-05,0.025,0.0249951445632411,0.024999997387561,0.0250000003712853,0.0250000005938822,0.0250000010582808,0.0250000007778162,1e-05,6.23290383330903e-05,1.6814761629291297e-05,1.0000000000000008e-05,1.0000000000000004e-05,1.0000000000000004e-05,1.0000000000000004e-05,0.025,0.0250000072104481,0.0249999995087165,0.0250000044339012,0.0250000044339012,0.0250000045592761,0.0250000043665858,1e-05,7.060710701970753e-05,4.227406081636076e-06,1.0000000000000006e-05,1e-05,1.0000000000000004e-05,1e-05,0.025000000038888588,1.0000000000000014e-05,0.02500000159455253,1.0000000000000035e-05,0.025000000564630854,1.0308291702999399e-05,0.025000000702555154,1.0000000000000031e-05,0.02500000045305796,1.000000000000002e-05,0.02500000122089514,1.0000000000000003e-05
07-04-2021,0.025,0.0250000000351151,0.0249999999759647,0.0250000001187803,0.0250000001187803,0.0250000001252096,0.025000000121367,1e-05,1.1388039252421727e-05,9.137292059547329e-06,1.000000000000002e-05,1.000000000000002e-05,1.0000000000000014e-05,1.0000000000000016e-05,0.025,0.0249951608956123,0.0250000010782534,0.0250000038402882,0.0250000038402882,0.0250000037852267,0.0250000042532046,1e-05,3.063858570292476e-05,9.440490276353686e-06,1.0000000000000018e-05,1.0000000000000016e-05,1.0000000000000013e-05,1.0000000000000008e-05,0.025,0.0249951158969202,0.0249999998420032,0.0250000018964404,0.0250000018964404,0.025000001805308,0.0250000019438009,1e-05,2.56016928891802e-05,7.74783023799186e-06,1.0000000000000016e-05,1.0000000000000016e-05,1.000000000000001e-05,1.0000000000000008e-05,0.025,0.0250000362558673,0.0249999964015019,0.0250000010698979,0.0250000002324812,0.0250000235491322,0.0250000001557718,1e-05,4.272276310536736e-05,2.056656214177721e-05,1.000000000000002e-05,1.000000000000002e-05,1.0000000000000013e-05,1.0000000000000013e-05,0.025,0.0249954116639579,0.0250000004044863,0.0250000003712853,0.0250000005938822,0.0250000011943628,0.0250000005585265,1e-05,6.332273342710358e-05,1.402705384734304e-05,1.0000000000000008e-05,1.0000000000000006e-05,1.1264357643592392e-05,1.0000000000000004e-05,0.025,0.0250000073671285,0.0250000001507646,0.0250000044339012,0.0250000044339012,0.0250000044555283,0.025000004351871,1e-05,7.175627644329729e-05,9.228319085341496e-06,1.0000000000000008e-05,1.0000000000000006e-05,1.0000000000000004e-05,1e-05,0.025000000039092647,1.0000000000000013e-05,0.025000002124926535,1.0000000000000021e-05,0.025000000487929785,1.0233891547324009e-05,0.02500000069790558,1.000000000000003e-05,0.02500000050254417,1.0000000000000028e-05,0.02500000167374973,1.0000000000000006e-05
07-05-2021,0.025,0.0250000000388066,0.0250000000071134,0.0250000001187803,0.0250000001187803,0.0250000001078447,0.0250000001231614,1e-05,1.1531967970347907e-05,1.0276198929144892e-05,1.000000000000002e-05,1.000000000000002e-05,1.0000000000000016e-05,1.0000000000000016e-05,0.025,0.0249951331613554,0.0250000013439667,0.0250000038402882,0.0250000038402882,0.025000004218971,0.0250000041548266,1e-05,3.081478451769262e-05,9.16195713891732e-06,1.0000000000000018e-05,1.0000000000000016e-05,1.0000000000000013e-05,1.0000000000000008e-05,0.025,0.0249950852613154,0.0250000000884451,0.0250000018964404,0.0250000018964404,0.0250000018041312,0.0250000019537318,1e-05,2.4152487856681365e-05,8.762098408388042e-06,1.0000000000000016e-05,1.0000000000000016e-05,1.000000000000001e-05,1.0000000000000008e-05,0.025,0.0250000360218802,0.024999914383475,0.0250000010698979,0.0250000000626881,0.0250001027003762,0.0250000002737132,1e-05,4.261591841351722e-05,-6.465710484215847e-05,1.000000000000002e-05,1.000000000000002e-05,8.588936623275002e-05,1.0000000000000013e-05,0.025,0.0249950905794476,0.0250000181043349,0.0250000003712853,0.0250000005938822,0.0249999816578963,0.0250000007527178,1e-05,6.411208706326647e-05,-1.343451440050103e-05,1.0000000000000008e-05,1.0000000000000008e-05,1.0505743057436956e-05,1.1232901851789164e-05,0.025,0.0250000075138049,0.0249999987530379,0.0250000044339012,0.0250000044339012,0.0250000044601637,0.0250000044997565,1e-05,7.279414301468044e-05,3.065716787098438e-07,1.0000000000000008e-05,1.0000000000000004e-05,1.0000000000000004e-05,1e-05,0.02500000005541036,1.0000000000000023e-05,0.025000002320568537,1.000000000000002e-05,0.025000000655871137,1.0273104043089902e-05,0.025000000706602184,1.0000000000000038e-05,0.02500000013251721,1.0000000000000031e-05,0.02500000068047304,1.0000000000000003e-05
07-06-2021,0.025,0.0250000000424137,0.0249999999798173,0.0250000001187803,0.0250000001187803,0.0250000001197251,0.0250000001214287,1e-05,1.1672082259910224e-05,9.255963709832102e-06,1.000000000000002e-05,1.000000000000002e-05,1.0000000000000016e-05,1.0000000000000016e-05,0.025,0.0249951055743198,0.025000000082219,0.0250000038402882,0.0250000038402882,0.0250000036476441,0.0250000039049971,1e-05,3.119948982868256e-05,8.927005026918705e-06,1.0000000000000018e-05,1.0000000000000016e-05,1.0000000000000013e-05,1.000000000000001e-05,0.025,0.0249950548056021,0.0249999998559102,0.0250000018964404,0.0250000018964404,0.025000001829489,0.0250000019114014,1e-05,2.446607441854598e-05,8.052505997169224e-06,1.0000000000000016e-05,1.0000000000000016e-05,1.000000000000001e-05,1.000000000000001e-05,0.025,0.0250000357827643,0.0250000476426195,0.0250000010698979,0.0250000009910583,0.025000042865724,0.0250000001673837,1e-05,4.241372621094233e-05,4.512701742331871e-05,1.000000000000002e-05,1.000000000000002e-05,2.517787324655001e-05,1.0000000000000013e-05,0.025,0.0249950629807588,0.0249999932055831,0.0250000003712853,0.0250000005938822,0.0250000008458059,0.0250000004719502,1e-05,6.469628771211732e-05,2.141333580674143e-05,1.000000000000001e-05,1.000000000000001e-05,1.025287152871848e-05,1.0369870555536748e-05,0.025,0.0250000076524349,0.0250000000831007,0.0250000044339012,0.0250000044339012,0.0250000041764412,0.0250000043236951,1e-05,7.379978629928614e-05,9.8560223569244e-06,1.0000000000000008e-05,1.0000000000000006e-05,1.0000000000000004e-05,1.0000000000000004e-05,0.02500000004170428,1.0000000000000016e-05,0.025000001452470277,1.0000000000000016e-05,0.025000000494997673,1.0238256478040782e-05,0.025000001206419056,1.0000000000000038e-05,0.025000000248182334,1.0000000000000036e-05,0.02500000160355432,1.0000000000000008e-05
07-07-2021,0.025,0.0250000000459257,0.0249999999749622,0.0250000001187803,0.0250000001187803,0.0250000001133822,0.0250000001087603,1e-05,1.180792382010534e-05,9.04880396199268e-06,1.000000000000002e-05,1.000000000000002e-05,1.0000000000000016e-05,1.0000000000000016e-05,0.025,0.0249950781331757,0.0249999998688257,0.0250000038402882,0.0250000038402882,0.0250000038877542,0.0250000037187609,1e-05,3.002037854791435e-05,8.786166184888977e-06,1.0000000000000018e-05,1.0000000000000018e-05,1.0000000000000013e-05,1.0000000000000013e-05,0.025,0.0249950245279722,0.0249999998163907,0.0250000018964404,0.0250000018964404,0.0250000018658134,0.0250000018567965,1e-05,3.289722876504944e-05,7.460889512589386e-06,1.0000000000000016e-05,1.0000000000000016e-05,1.000000000000001e-05,1.000000000000001e-05,0.025,0.0250000355910106,0.0250000629740124,0.0250000010698979,0.0250000000525539,0.0250000444900671,0.0250000003245401,1e-05,4.2186385111164725e-05,5.668233389144461e-05,1.000000000000002e-05,1.000000000000002e-05,1.9106723947930012e-05,1.0000000000000013e-05,0.025,0.0249950355282601,0.0249999906745495,0.0250000003712853,0.0250000007227824,0.0250000009424643,0.0250000006709234,1e-05,6.512478397725773e-05,2.522635700863418e-05,1.000000000000001e-05,1.0000000000000008e-05,1.0151722917231087e-05,1.0160277240732592e-05,0.025,0.0250000077955265,0.0250000002234978,0.0250000044339012,0.0250000044339012,0.0250000044160988,0.0250000042898507,1e-05,7.480825346594693e-05,1.1229786752053885e-05,1.000000000000001e-05,1.0000000000000006e-05,1.0000000000000004e-05,1.0000000000000004e-05,0.025000000037948927,1.0000000000000014e-05,0.025000001322121688,1.0000000000000016e-05,0.025000000465733432,1.0295809237277991e-05,0.025000001111372325,1.000000000000004e-05,0.02500000025998038,1.0000000000000033e-05,0.02500000171891289,1.0000000000000008e-05
07-08-2021,0.025,0.0250000000493826,0.0249999999748108,0.0250000001187803,0.0250000001187803,0.0250000001155591,0.0250000001145767,1e-05,1.194141363955075e-05,9.052992921670292e-06,1.000000000000002e-05,1.000000000000002e-05,1.0000000000000016e-05,1.0000000000000016e-05,0.025,0.0249950508366043,0.0249999998309488,0.0250000038402882,0.0250000038402882,0.0250000032288038,0.025000004047876,1e-05,2.978369683823581e-05,8.804959581922012e-06,1.0000000000000018e-05,1.0000000000000018e-05,1.0000000000000013e-05,1.000000000000001e-05,0.025,0.0249949944266347,0.0249999998001143,0.0250000018964404,0.0250000018964404,0.0250000019482282,0.0250000018439689,1e-05,3.555993384665352e-05,7.384512151431544e-06,1.0000000000000016e-05,1.0000000000000016e-05,1.000000000000001e-05,1.000000000000001e-05,0.025,0.0250000355015263,0.0250000608269409,0.0250000010698979,0.0250000000627981,0.0250000412803572,0.0250000001471175,1e-05,4.200564489213393e-05,5.705678371281664e-05,1.000000000000002e-05,1.000000000000002e-05,1.7588936623275014e-05,1.0000000000000013e-05,0.025,0.024996037988102,0.0249999906492167,0.0250000003712853,0.0250000004591256,0.025000001091193,0.0250000006543246,1e-05,6.541060655592141e-05,2.5823366053501214e-05,1.000000000000001e-05,1.000000000000001e-05,1.024275666756974e-05,1.0112194068512815e-05,0.025,0.0250000079063428,0.025000000348957,0.0250000044339012,0.0250000044339012,0.0250000044217338,0.0250000044870671,1e-05,7.560342554813394e-05,1.2277219421985563e-05,1.000000000000001e-05,1.0000000000000006e-05,1.0000000000000004e-05,1e-05,0.025000000038955146,1.0000000000000014e-05,0.025000001265393847,1.0000000000000016e-05,0.025000000459307895,1.0319930143070832e-05,0.025000000989875308,1.0000000000000038e-05,0.02500000023250288,1.0000000000000033e-05,0.025000001823297424,1.0000000000000008e-05
07-09-2021,0.025,0.0250000000527723,0.0249999999837672,0.0250000001187803,0.0250000001187803,0.0250000001192417,0.0250000001082763,1e-05,1.2072058095540506e-05,9.381004064811134e-06,1.000000000000002e-05,1.000000000000002e-05,1.0000000000000016e-05,1.0000000000000016e-05,0.025,0.0249950236832974,0.0250000001447099,0.0250000038402882,0.0250000038402882,0.0250000039374874,0.0250000040777739,1e-05,3.055173291998242e-05,8.814247653091828e-06,1.0000000000000018e-05,1.0000000000000016e-05,1.0000000000000013e-05,1.000000000000001e-05,0.025,0.0249949644998156,0.0249999998912671,0.0250000018964404,0.0250000018964404,0.0250000018425371,0.0250000018698668,1e-05,3.664169900471854e-05,7.757553427856223e-06,1.0000000000000016e-05,1.0000000000000016e-05,1.000000000000001e-05,1.0000000000000013e-05,0.025,0.025000035497075,0.0250000382546889,0.0250000010698979,0.0250000009781841,0.0250000437919293,0.025000000420201,1e-05,4.189218388432909e-05,3.742802238226872e-05,1.000000000000002e-05,1.000000000000002e-05,1.895494521546451e-05,1.0000000000000013e-05,0.025,0.0249969047425065,0.0249999938317944,0.0250000003712853,0.0249999999839059,0.0250000004691933,0.025000000543781,1e-05,6.55702852146731e-05,2.0752267564816407e-05,1.000000000000001e-05,1.000000000000001e-05,1.0233889305962677e-05,1.0155715503880974e-05,0.025,0.0250000079822319,0.0250000003955256,0.0250000044339012,0.0250000044339012,0.0250000045771941,0.0250000047155061,1e-05,7.614558897033863e-05,1.351819081296668e-05,1.000000000000001e-05,1e-05,1.0000000000000004e-05,1.0000000000000004e-05,0.025000000044087152,1.0000000000000018e-05,0.0250000015289629,1.0000000000000014e-05,0.025000000514223058,1.035147199299044e-05,0.02500000131037896,1.0000000000000035e-05,0.02500000017928786,1.0000000000000031e-05,0.025000001883747253,1.0000000000000008e-05
07-10-2021,0.025,0.0250000000560556,0.0249999999926899,0.0250000001187803,0.0250000001187803,0.0250000001095017,0.0250000001198789,1e-05,1.21981787078562e-05,9.6910444603018e-06,1.000000000000002e-05,1.000000000000002e-05,1.0000000000000016e-05,1.0000000000000016e-05,0.025,0.0249949966719581,0.0249999990598581,0.0250000038402882,0.0250000038402882,0.0250000039375215,0.0250000033504941,1e-05,3.418920109521412e-05,9.72856808699636e-06,1.0000000000000018e-05,1.0000000000000018e-05,1.000000000000001e-05,1.000000000000001e-05,0.025,0.0249949347457583,0.0249999999573294,0.0250000018964404,0.0250000018964404,0.0250000018771469,0.0250000018405408,1e-05,2.4358026560343737e-05,8.375683108796661e-06,1.0000000000000016e-05,1.0000000000000014e-05,1.0000000000000013e-05,1.000000000000001e-05,0.025,0.025000035519209,0.0250000317735614,0.0250000010698979,0.0250000000715794,0.025000027466631,0.025000000158552,1e-05,4.182911838209846e-05,2.6304511878016967e-05,1.000000000000002e-05,1.000000000000002e-05,1.9501348652340317e-05,1.0000000000000013e-05,0.025,0.0249979345061749,0.0249999970239361,0.0250000003712853,0.0250000006838084,0.0250000009136463,0.0250000007819179,1e-05,6.564597887332944e-05,1.0117467924786183e-05,1.0000000000000013e-05,1.000000000000001e-05,1.0327991792786512e-05,1.009685676947656e-05,0.025,0.0250000082079574,0.0249999996319679,0.0250000044339012,0.0250000044339012,0.02500000444466,0.0250000046546173,1e-05,7.728473076332714e-05,6.20977990761773e-06,1.000000000000001e-05,1.0000000000000006e-05,1.0000000000000004e-05,1.0000000000000004e-05,0.02500000004956422,1.000000000000002e-05,0.025000000780421354,1.0000000000000028e-05,0.025000000558868828,1.0254498483481788e-05,0.025000000818113242,1.0000000000000031e-05,0.025000000563014532,1.0000000000000025e-05,0.025000001321676638,1.0000000000000006e-05
07-11-2021,0.025,0.025000000059221,0.0249999999817399,0.0250000001187803,0.0250000001187803,0.0250000001195971,0.0250000001196423,1e-05,1.2319275388317034e-05,9.265046784325817e-06,1.0000000000000025e-05,1.000000000000002e-05,1.0000000000000016e-05,1.0000000000000016e-05,0.025,0.0249949698013008,0.02499999843131,0.0250000038402882,0.0250000038402882,0.0250000039577602,0.0250000037446074,1e-05,3.697920460640876e-05,9.429921028380334e-06,1.0000000000000018e-05,1.0000000000000018e-05,1.1054558088576854e-05,1.1026798219948646e-05,0.025,0.024994905162724,0.0249999998362372,0.0250000018964404,0.0250000018964404,0.0250000018227527,0.0250000017927439,1e-05,2.517865322654592e-05,6.535414163399977e-06,1.0000000000000018e-05,1.0000000000000016e-05,1.0000000000000013e-05,1.000000000000001e-05,0.025,0.0250000355311766,0.0250000425985513,0.0250000010698979,0.0250000000715794,0.0250000264515964,0.025000000149915,1e-05,4.179374126219205e-05,3.41584195973077e-05,1.000000000000002e-05,1.000000000000002e-05,1.869995694492247e-05,1.0000000000000013e-05,0.025,0.0249983524659468,0.0249999966014847,0.0250000003712853,0.0250000006838084,0.0250000012218114,0.0250000006235508,1e-05,6.5628025615816e-05,1.0535985584425587e-05,1.0000000000000013e-05,1.0000000000000013e-05,1.031222991704578e-05,1.0299785016869943e-05,0.025,0.0249951808866428,0.0249999995828706,0.0250000044339012,0.0250000044339012,0.0250000040978941,0.025000004628568,1e-05,7.908961894666337e-05,5.50492361028887e-06,1.0000000000000013e-05,1.000000000000001e-05,1.0000000000000004e-05,1.0000000000000004e-05,0.02500000004475053,1.0000000000000018e-05,0.02500000042418561,1.0000000000000089e-05,0.025000000467253668,1.0164163109226915e-05,0.025000000854563387,1.0000000000000035e-05,0.025000000542916907,1.0000000000000031e-05,0.02500000089799724,1.0000000000000006e-05
07-12-2021,0.025,0.0250000000622912,0.0249999999780714,0.0250000001187803,0.0250000001187803,0.0250000001240629,0.0250000001204882,1e-05,1.2436435968849052e-05,9.202585890014927e-06,1.000000000000002e-05,1.000000000000002e-05,1.000000000000002e-05,1.0000000000000016e-05,0.025,0.0249949430700513,0.0249999995662342,0.0250000038402882,0.0250000038402882,0.0250000038939225,0.0250000043465533,1e-05,3.396366830290519e-05,8.693720695816115e-06,1.0000000000000018e-05,1.0000000000000016e-05,1.0105455808857696e-05,1.0000000000000013e-05,0.025,0.0249948757489915,0.0249999997492795,0.0250000018964404,0.0250000018964404,0.0250000019448434,0.0250000017599545,1e-05,2.433809900529551e-05,6.027083039428227e-06,1.0000000000000018e-05,1.0000000000000016e-05,1.0000000000000013e-05,1.0000000000000013e-05,0.025,0.0250000355342097,0.0250000169313109,0.0250000010698979,0.0250000000613192,0.0250000332455196,0.0250000003372093,1e-05,4.177655966007732e-05,2.7906343549766177e-05,1.0000000000000025e-05,1.000000000000002e-05,1.850750151215622e-05,1.0000000000000013e-05,0.025,0.0249990327920582,0.0249999978133707,0.0250000003712853,0.0250000010236628,0.0250000009993805,0.0250000005064105,1e-05,6.554358567197108e-05,1.5431426831469253e-05,1.0000000000000013e-05,1.0000000000000013e-05,1.0250870449543751e-05,1.0169897327301733e-05,0.025,0.0249951516194952,0.025000000330723,0.0250000044339012,0.0250000044339012,0.0250000044820928,0.0250000043369437,1e-05,8.128955372904462e-05,1.220204415552928e-05,1.0000000000000013e-05,1.000000000000001e-05,1.0000000000000004e-05,1.0000000000000004e-05,0.025000000043556746,1.0000000000000018e-05,0.025000001182374724,1.0000000000000016e-05,0.025000000414211316,1.0127894848657267e-05,0.025000000879248942,1.0000000000000035e-05,0.025000000650279807,1.0000000000000031e-05,0.025000001439541807,1.000000000000001e-05
07-13-2021,0.025,0.025000000065267,0.0249999999687463,0.0250000001187803,0.0250000001187803,0.0250000001308245,0.0250000001192929,1e-05,1.2549771403852472e-05,8.802740413825332e-06,1.0000000000000025e-05,1.000000000000002e-05,1.0000000000000016e-05,1.0000000000000016e-05,0.025,0.0249949164769469,0.0250000000580698,0.0250000038402882,0.0250000038402882,0.025000003657933,0.0250000036158417,1e-05,3.0150776929901352e-05,8.484119656088432e-06,1.0000000000000018e-05,1.0000000000000018e-05,1.0021857164618225e-05,1.0000000000000013e-05,0.025,0.024994846502858,0.0249999997264056,0.0250000018964404,0.0250000018964404,0.0250000018961221,0.0250000018674973,1e-05,2.4327796805216127e-05,6.036913987317316e-06,1.0000000000000018e-05,1.0000000000000016e-05,1.0000000000000013e-05,1.000000000000001e-05,0.025,0.0250000355406658,0.025000049520261,0.0250000010698979,0.0250000000495592,0.0250000220465947,0.0250000000749328,1e-05,4.177386025340574e-05,5.25753889450975e-05,1.000000000000002e-05,1.000000000000002e-05,1.832142078615352e-05,1.0000000000000013e-05,0.025,0.0249994431421076,0.0249999919631273,0.0250000003712853,0.0250000004552901,0.0250000007614339,0.0250000006020529,1e-05,6.542898529037073e-05,2.7079448523537053e-05,1.0000000000000013e-05,1.0000000000000013e-05,1.0219514443219274e-05,1.0136144370569598e-05,0.025,0.0249951225159755,0.0250000005608121,0.0250000044339012,0.0250000044339012,0.0250000044062677,0.0250000043806683,1e-05,8.363034066927061e-05,1.4475991239493167e-05,1.0000000000000013e-05,1.0000000000000006e-05,1.0000000000000006e-05,1.0000000000000004e-05,0.025000000039265176,1.0000000000000016e-05,0.025000001397442205,1.0000000000000013e-05,0.025000000402334507,1.0128320844223631e-05,0.02500000081637418,1.0000000000000038e-05,0.025000000367057598,1.0000000000000036e-05,0.025000001600378314,1.0000000000000011e-05
07-14-2021,0.025,0.0250000000681288,0.0249999999887956,0.0250000001187803,0.0250000001187803,0.0250000001147708,0.025000000116933,1e-05,1.2658430426006006e-05,9.570255654805246e-06,1.0000000000000025e-05,1.000000000000002e-05,1.0000000000000016e-05,1.0000000000000014e-05,0.025,0.0249948900207369,0.0250000000094002,0.0250000038402882,0.0250000038402882,0.025000003719286,0.0250000039491633,1e-05,3.0010302860289367e-05,8.734145484863565e-06,1.0000000000000018e-05,1.0000000000000018e-05,1.0011437819538598e-05,1.000000000000001e-05,0.025,0.0249948174226384,0.0249999998037548,0.0250000018964404,0.0250000018964404,0.0250000019496656,0.0250000019282445,1e-05,1.7602944442978852e-05,6.981412879247806e-06,1.0000000000000018e-05,1.0000000000000018e-05,1.000000000000001e-05,1.000000000000001e-05,0.025,0.0250000355516763,0.0250000042114723,0.0250000010698979,0.0250000000540347,0.0250000258094668,0.0250000002168128,1e-05,4.1780329507198257e-05,1.9778634734457512e-05,1.000000000000002e-05,1.000000000000002e-05,1.85995401355233e-05,1.0000000000000014e-05,0.025,0.025000138554267,0.0249999987161506,0.0250000003712853,0.0250000006845657,0.0250000009901317,0.0250000006037038,1e-05,6.527109440309953e-05,1.279510675900042e-05,1.0000000000000013e-05,1.0000000000000004e-05,1.020144805276503e-05,1.0160751626754244e-05,0.025,0.0249950935745354,0.0250000000691275,0.0250000044339012,0.0250000044339012,0.0250000048316801,0.0250000046157164,1e-05,8.607055371676433e-05,9.88726979400667e-06,1.0000000000000013e-05,1.000000000000001e-05,1.0000000000000004e-05,1.0000000000000004e-05,0.025000000049152638,1.000000000000002e-05,0.02500000140202878,1.0000000000000016e-05,0.025000000463314125,1.0107843567530883e-05,0.025000000723603855,1.0000000000000031e-05,0.025000000653784347,1.0000000000000026e-05,0.025000001291480393,1.000000000000001e-05
07-15-2021,0.025,0.0250000000708677,0.024999999994412,0.0250000001187803,0.0250000001187803,0.0250000001195117,0.0250000001210973,1e-05,1.27620288478266e-05,9.81091957676962e-06,1.0000000000000025e-05,1.0000000000000025e-05,1.0000000000000016e-05,1.0000000000000016e-05,0.025,0.024994863700182,0.0249999997442987,0.0250000038402882,0.0250000038402882,0.0250000041569233,0.0250000039273802,1e-05,3.712216256821104e-05,9.088904043514506e-06,1.0000000000000018e-05,1.0000000000000018e-05,1.0013152340207964e-05,1.000000000000001e-05,0.025,0.0249947885066661,0.0249999998561965,0.0250000018964404,0.0250000018964404,0.025000001923419,0.0250000019465992,1e-05,1.7566936826321082e-05,7.76189189261034e-06,1.0000000000000018e-05,1.000000000000002e-05,1.0000000000000013e-05,1.0000000000000013e-05,0.025,0.025000035559872,0.0250000052733081,0.0250000010698979,0.0250000009478341,0.0250000221279213,0.0250000001503917,1e-05,4.178916430151735e-05,1.8162024154833038e-05,1.000000000000002e-05,1.000000000000002e-05,1.870783729671208e-05,1.0000000000000013e-05,0.025,0.0250003031628479,0.0249999987956736,0.0250000003712853,0.025000000715547,0.0250000008206148,0.0250000007319004,1e-05,6.508601429312854e-05,9.526787131619583e-06,1.0000000000000013e-05,1.000000000000001e-05,1.021849967617491e-05,1.018231872923114e-05,0.025,0.0249950647936389,0.0249999998725439,0.0250000044339012,0.0250000044339012,0.0250000045291702,0.0250000044286721,1e-05,8.854237871923882e-05,8.04566084777747e-06,1.0000000000000013e-05,1.0000000000000013e-05,1.0000000000000004e-05,1.0000000000000004e-05,0.025000000053304373,1.0000000000000023e-05,0.025000001273366667,1.0000000000000021e-05,0.025000000497596438,1.0149465287294867e-05,0.02500000091789119,1.000000000000003e-05,0.025000000692771255,1.0000000000000026e-05,0.02500000111367252,1.000000000000001e-05
07-16-2021,0.025,0.0250000000734965,0.0249999999881334,0.0250000001187803,0.0250000001187803,0.0250000001269679,0.0250000001160937,1e-05,1.28611900938127e-05,9.514901372687174e-06,1.0000000000000025e-05,1.000000000000002e-05,1.0000000000000018e-05,1.0000000000000016e-05,0.025,0.0249948375140551,0.0250000000068231,0.0250000038402882,0.0250000038402882,0.0250000039791494,0.0250000036580964,1e-05,3.6757713702753005e-05,8.964466261257228e-06,1.000000000000002e-05,1.0000000000000018e-05,1.0003775557134516e-05,1.0000000000000013e-05,0.025,0.0249951638044646,0.0249999998897146,0.0250000018964404,0.0250000018964404,0.0250000020572503,0.0250000020116936,1e-05,2.373917556798893e-05,7.732174019614568e-06,1.0000000000000018e-05,1.000000000000002e-05,1.0000000000000013e-05,1.0000000000000013e-05,0.025,0.0250000355614702,0.0250000346086503,0.0250000010698979,0.0250000009478341,0.0250000252690766,0.0250000003189452,1e-05,4.179644083558396e-05,3.742898439806908e-05,1.0000000000000025e-05,1.000000000000002e-05,1.8794226715656797e-05,1.0000000000000013e-05,0.025,0.0250005831181812,0.0249999935318189,0.0250000003712853,0.0250000009881989,0.0250000011337049,0.0250000005996161,1e-05,6.489673829270278e-05,1.6058333265789315e-05,1.0000000000000013e-05,1.0000000000000013e-05,1.142717417689032e-05,1.0123686597517852e-05,0.025,0.0249950361717634,0.0250000003510667,0.0250000044339012,0.0250000044339012,0.0250000044553031,0.0250000042790925,1e-05,9.086536711979316e-05,1.2832207961555042e-05,1.0000000000000013e-05,1.0000000000000013e-05,1.0000000000000004e-05,1.0000000000000004e-05,0.025000000050386745,1.000000000000002e-05,0.025000001393736343,1.0000000000000021e-05,0.025000000547383158,1.021331184709458e-05,0.025000001151015472,1.0000000000000036e-05,0.025000000605536404,1.000000000000004e-05,0.025000001439550158,1.0000000000000011e-05
07-17-2021,0.025,0.0250000000760213,0.0249999999771023,0.0250000001187803,0.0250000001187803,0.0250000001292709,0.0250000001180078,1e-05,1.295623131246814e-05,9.129970960732687e-06,1.0000000000000025e-05,1.0000000000000025e-05,1.0000000000000016e-05,1.0000000000000016e-05,0.025,0.0249948114611408,0.0249999991344065,0.0250000038402882,0.0250000038402882,0.0250000037164153,0.0250000038231433,1e-05,3.630121512324504e-05,8.899967914099277e-06,1.000000000000002e-05,1.0000000000000004e-05,1.0337704726858673e-05,1.010267982199487e-05,0.025,0.0249951381459036,0.0249999996756718,0.0250000018964404,0.0250000018964404,0.0250000017973189,0.0250000019564062,1e-05,2.3422791705173405e-05,4.599455664611174e-06,1.0000000000000018e-05,1.0000000000000018e-05,1.0000000000000013e-05,1.0000000000000013e-05,0.025,0.0250000355594727,0.0249999901040248,0.0250000010698979,0.0250000000630629,0.0250000214890187,0.0250000003264317,1e-05,4.180158222187273e-05,1.2801843817022984e-05,1.000000000000002e-05,1.000000000000002e-05,1.888073098050908e-05,1.0000000000000014e-05,0.025,0.0249949552774147,0.0250000017644039,0.0250000003712853,0.0250000005607996,0.0250000011963103,0.0250000007231527,1e-05,6.469595908581792e-05,1.4312254990045403e-05,1.0000000000000013e-05,1.0000000000000013e-05,1.0864435689482367e-05,1.0168364139775274e-05,0.025,0.0249950077073991,0.0250000005264916,0.0250000044339012,0.0250000044339012,0.0250000045859302,0.0250000044798814,1e-05,9.2973122523811e-05,1.4361328898981895e-05,1.0000000000000013e-05,1.0000000000000013e-05,1.0000000000000004e-05,1.0000000000000004e-05,0.02500000004499523,1.000000000000002e-05,0.02500000083701379,1.0000000000000028e-05,0.025000000375447782,1.0041359615795192e-05,0.025000000710995722,1.0000000000000031e-05,0.025000000555386245,1.0000000000000036e-05,0.025000001586720562,1.0000000000000011e-05
07-18-2021,0.025,0.0250000000784335,0.0249999999846689,0.0250000001187803,0.0250000001187803,0.025000000115792,0.0250000001172486,1e-05,1.3046773743382652e-05,9.359309985637002e-06,1.0000000000000025e-05,1.0000000000000025e-05,1.0000000000000016e-05,1.0000000000000016e-05,0.025,0.0249951893070497,0.0249999993170393,0.0250000038402882,0.0250000038402882,0.0250000038974289,0.0250000034528985,1e-05,3.512650399223324e-05,9.461348864708494e-06,1.000000000000002e-05,1.0000000000000018e-05,1.052331238228994e-05,1.0205981493729774e-05,0.025,0.0249951126305404,0.0249999999093341,0.0250000018964404,0.0250000018964404,0.0250000019606685,0.025000001936397,1e-05,2.512657389467772e-05,7.78034741691358e-06,1.000000000000002e-05,1.0000000000000016e-05,1.0000000000000013e-05,1.0000000000000013e-05,0.025,0.0250000355581094,0.0250000620001661,0.0250000010698979,0.0250000009420888,0.0250000212842331,0.0250000002419983,1e-05,4.180530809319048e-05,4.332286484221015e-05,1.000000000000002e-05,1.000000000000002e-05,1.8500685685803217e-05,1.0000000000000014e-05,0.025,0.0249949294375475,0.024999993388566,0.0250000003712853,0.0250000005740196,0.025000001162331,0.0250000005348367,1e-05,6.449295516631692e-05,1.869953029931537e-05,1.0000000000000013e-05,1.0000000000000014e-05,1.0746369882065393e-05,1.01485085208546e-05,0.025,0.0249951530943884,0.0249999991618292,0.0250000044339013,0.0250000044339013,0.0250000046606787,0.0250000045004495,1e-05,9.492450575153992e-05,2.5690569129821483e-06,1.0000000000000014e-05,1.0000000000000013e-05,1.0000000000000004e-05,1.0000000000000006e-05,0.025000000048312026,1.0000000000000021e-05,0.025000000961172435,1.0000000000000047e-05,0.02500000054560797,1.0230613275776574e-05,0.02500000120410134,1.0000000000000038e-05,0.025000000273153432,1.0000000000000038e-05,0.025000000624102216,1.0000000000000008e-05
07-19-2021,0.025,0.0250000000807287,0.0249999999891118,0.0250000001187803,0.0250000001187803,0.0250000001213406,0.025000000122912,1e-05,1.3132608633891184e-05,9.56772156815661e-06,1.0000000000000025e-05,1.0000000000000025e-05,1.0000000000000018e-05,1.0000000000000014e-05,0.025,0.024995166164337,0.0249999997088246,0.0250000038402882,0.0250000038402882,0.0250000041208032,0.0250000037329398,1e-05,2.9257614355302343e-05,9.072974070479384e-06,1.000000000000002e-05,1.0000000000000018e-05,1.01357790074166e-05,1.0062118158090355e-05,0.025,0.024995087256924,0.0249999998202165,0.0250000018964404,0.0250000018964404,0.0250000018878493,0.0250000019759587,1e-05,2.3550315618748205e-05,6.74819382376346e-06,1.0000000000000018e-05,1.0000000000000018e-05,1.0000000000000013e-05,1.0000000000000013e-05,0.025,0.0250000355583461,0.0250000023008748,0.0250000010698979,0.0250000000725497,0.0250000184504025,0.0250000001595922,1e-05,4.1807899965233726e-05,1.3873716012469116e-05,1.000000000000002e-05,1.000000000000002e-05,1.8603886007537836e-05,1.0000000000000013e-05,0.025,0.0249949037265767,0.0250000003931967,0.0250000003712853,0.0250000005464261,0.0250000014850968,0.0250000006453432,1e-05,6.43010777638872e-05,1.0169059654785428e-05,1.0000000000000013e-05,1.0000000000000013e-05,1.0897096376739769e-05,1.0147803120036444e-05,0.025,0.0249952426766739,0.024999999854069,0.0250000044339013,0.0250000044339013,0.0250000045586984,0.0250000044548454,1e-05,9.67495655712416e-05,8.38629167487781e-06,1.0000000000000013e-05,1.0000000000000013e-05,1.0000000000000008e-05,1.0000000000000004e-05,0.025000000051949366,1.0000000000000021e-05,0.02500000125168212,1.0000000000000028e-05,0.025000000481346433,1.0158347852746907e-05,0.02500000065687944,1.000000000000003e-05,0.025000000505676263,1.0000000000000033e-05,0.025000001117665153,1.000000000000001e-05
07-20-2021,0.025,0.0250000000829155,0.0249999999837856,0.0250000001187803,0.0250000001187803,0.0250000001188499,0.0250000001179584,1e-05,1.3214157258105723e-05,9.369298267084164e-06,1.0000000000000025e-05,1.0000000000000025e-05,1.0000000000000016e-05,1.0000000000000016e-05,0.025,0.0249951431381037,0.0250000002001926,0.0250000038402882,0.0250000038402882,0.0250000038039124,0.0250000038356381,1e-05,3.089397410672929e-05,8.921440829767063e-06,1.000000000000002e-05,1.0000000000000018e-05,1.0249847676001232e-05,1.0048251977803416e-05,0.025,0.0249950620236209,0.024999999790521,0.0250000018964404,0.0250000018964404,0.0250000017950985,0.0250000020333302,1e-05,2.472881096312249e-05,6.768721578426229e-06,1.0000000000000018e-05,1.0000000000000018e-05,1.0000000000000013e-05,1.000000000000001e-05,0.025,0.0250000355587567,0.0250000135794831,0.0250000010698979,0.0250000009675713,0.0250000184967115,0.0250000001664233,1e-05,4.180933053110585e-05,2.6385482670310267e-05,1.000000000000002e-05,1.000000000000002e-05,1.8732284104054023e-05,1.0000000000000014e-05,0.025,0.024994878143381,0.0249999975158131,0.0250000003712853,0.0250000006843184,0.0250000011851316,0.025000000584192,1e-05,6.411457482263596e-05,1.686571708958695e-05,1.0000000000000016e-05,1.0000000000000013e-05,1.096668062898564e-05,1.0149846064934974e-05,0.025,0.0249953353535837,0.025000000171967,0.0250000044339013,0.0250000044339013,0.0250000038997878,0.0250000045472714,1e-05,9.845893675853088e-05,1.1096600006421651e-05,1.0000000000000016e-05,1.0000000000000013e-05,1.0000000000000004e-05,1.0000000000000006e-05,0.02500000004870291,1.0000000000000021e-05,0.025000001537167457,1.0000000000000028e-05,0.025000000457459343,1.0171951634494625e-05,0.025000000952083507,1.0000000000000033e-05,0.02500000042934176,1.0000000000000041e-05,0.025000001313079796,1.0000000000000013e-05
07-21-2021,0.025,0.025000000085,0.0249999999916939,0.0250000001187803,0.0250000001187803,0.0250000001242861,0.0250000001152558,1e-05,1.32917185076307e-05,9.709713235394896e-06,1.0000000000000025e-05,1.0000000000000025e-05,1.0000000000000016e-05,1.0000000000000016e-05,0.025,0.0249951202272866,0.0249999999900701,0.0250000038402882,0.0250000038402882,0.0250000040994452,0.0250000038429616,1e-05,2.973469387672892e-05,8.84836995492834e-06,1.000000000000002e-05,1.000000000000002e-05,1.0240815515057562e-05,1.0036993967289e-05,0.025,0.0249950369292156,0.0249999997762146,0.0250000018964404,0.0250000018964404,0.0250000017999628,0.0250000018189529,1e-05,2.3972280489968258e-05,6.297655825715509e-06,1.000000000000002e-05,1.0000000000000018e-05,1.0000000000000013e-05,1.0000000000000013e-05,0.025,0.0250000355583899,0.0249999802192873,0.0250000010698979,0.0250000009367127,0.0250000316763828,0.0250000000721388,1e-05,4.1809779721404e-05,3.605800122485903e-06,1.0000000000000025e-05,1.000000000000002e-05,1.8704790274353643e-05,1.0000000000000014e-05,0.025,0.0249948526868489,0.0250000025171884,0.0250000003712853,0.0250000006843184,0.0250000015042607,0.0250000007211144,1e-05,6.393815218980051e-05,9.312324742438705e-06,1.0000000000000016e-05,1.0000000000000016e-05,1.1020381861881072e-05,1.0165122633403015e-05,0.025,0.0249949003725205,0.0250000000867201,0.0250000044339013,0.0250000044339013,0.0250000042967418,0.0250000042341066,1e-05,0.0001000692928509,1.0496137710092056e-05,1.0000000000000013e-05,1.0000000000000014e-05,1.000000000000001e-05,1.0000000000000004e-05,0.025000000053526192,1.0000000000000023e-05,0.02500000143250804,1.0000000000000025e-05,0.025000000430433458,1.0138574200951733e-05,0.025000000804921374,1.000000000000003e-05,0.025000000618089102,1.0000000000000036e-05,0.02500000122514042,1.0000000000000011e-05
07-22-2021,0.025,0.0250000000869805,0.0249999999916159,0.0250000001187803,0.0250000001187803,0.0250000001281705,0.0250000001107133,1e-05,1.3365207107603975e-05,9.685096191891854e-06,1.0000000000000025e-05,1.0000000000000025e-05,1.0000000000000016e-05,1.0000000000000014e-05,0.025,0.0249950974308343,0.0249999998626047,0.0250000038402882,0.0250000038402882,0.025000003800761,0.0250000039336401,1e-05,3.0390113723389157e-05,9.425232401470002e-06,1.000000000000002e-05,1.0000000000000018e-05,1.023962160412011e-05,1.0010918451883074e-05,0.025,0.02499501197231,0.0249999998629231,0.0250000018964404,0.0250000018964404,0.025000002006516,0.0250000018617539,1e-05,2.529094107098941e-05,7.818879489029928e-06,1.0000000000000018e-05,1.0000000000000018e-05,1.0000000000000013e-05,1.0000000000000013e-05,0.025,0.0250000355576746,0.0250000184526513,0.0250000010698979,0.025000000099494,0.0250000184494636,0.0250000002536361,1e-05,4.180969884096627e-05,2.5095262256691345e-05,1.0000000000000025e-05,1.000000000000002e-05,1.8777975501106152e-05,1.0000000000000014e-05,0.025,0.024994827355879,0.0249999973396645,0.0250000003712853,0.0250000007139215,0.0250000009913496,0.0250000007088891,1e-05,6.377907352121193e-05,1.387510575234785e-05,1.0000000000000014e-05,1.0000000000000013e-05,1.113167930980476e-05,1.0147238090176709e-05,0.025,0.0249948726782459,0.0249999998415973,0.0250000044339013,0.0250000044339013,0.0250000040519779,0.0250000044171124,1e-05,0.0001015990238915,8.278104340231351e-06,1.0000000000000014e-05,1.0000000000000013e-05,1.0000000000000004e-05,1.0000000000000006e-05,0.02500000005367934,1.0000000000000023e-05,0.02500000133158645,1.000000000000003e-05,0.025000000508736932,1.0234426938463667e-05,0.025000000785963608,1.0000000000000035e-05,0.02500000045077793,1.0000000000000038e-05,0.025000001042628,1.0000000000000011e-05
07-23-2021,0.025,0.0250000000888554,0.0249999999913806,0.0250000001187803,0.0250000001187803,0.0250000001107022,0.0250000001284466,1e-05,1.3434540536218769e-05,9.66058862922445e-06,1.0000000000000025e-05,1.0000000000000025e-05,1.0000000000000016e-05,1.0000000000000016e-05,0.025,0.024995074747707,0.0250000000829649,0.0250000038402882,0.0250000038402882,0.0250000037366694,0.0250000037366858,1e-05,3.025302148314512e-05,9.574974405218012e-06,1.000000000000002e-05,1.000000000000002e-05,1.0390392557171132e-05,1.0025695140298044e-05,0.025,0.0249949871515236,0.0249999999132526,0.0250000018964404,0.0250000018964404,0.0250000018888274,0.0250000019344955,1e-05,2.4399565925699987e-05,7.982829655944768e-06,1.0000000000000018e-05,1.0000000000000018e-05,1.0000000000000013e-05,1.0000000000000013e-05,0.025,0.0250000355573402,0.0250000170333001,0.0250000010698979,0.025000000099494,0.0250000179453859,0.0250000001607656,1e-05,4.180946544740929e-05,2.2090850320566343e-05,1.0000000000000025e-05,1.000000000000002e-05,1.874577719683583e-05,1.0000000000000014e-05,0.025,0.02499480214938,0.0249999975396235,0.0250000003712853,0.0250000005980481,0.0250000011010817,0.0250000004362573,1e-05,6.363241440258328e-05,1.3482452333235528e-05,1.0000000000000014e-05,1.0000000000000014e-05,1.092857168709204e-05,1.0198403219390145e-05,0.025,0.0249948451325967,0.0250000000006435,0.0250000044339013,0.0250000044339013,0.0250000045212778,0.0250000045246726,1e-05,0.0001030642221044,1.0188294157220668e-05,1.0000000000000014e-05,1.0000000000000014e-05,1.0000000000000006e-05,1.0000000000000008e-05,0.025000000053828193,1.0000000000000023e-05,0.025000001443275913,1.0000000000000036e-05,0.02500000053868509,1.0233799510017802e-05,0.025000000724828404,1.0000000000000035e-05,0.02500000036606375,1.0000000000000036e-05,0.02500000119540441,1.0000000000000013e-05
07-24-2021,0.025,0.0250000000906308,0.0249999999849674,0.0250000001187803,0.0250000001187803,0.025000000115203,0.0250000001182359,1e-05,1.3499997889347472e-05,9.434703250703336e-06,1.0000000000000025e-05,1.0000000000000025e-05,1.0000000000000018e-05,1.0000000000000016e-05,0.025,0.0249950521768764,0.0249999993609347,0.0250000038402882,0.0250000038402882,0.0250000039655462,0.0250000037262487,1e-05,3.02440786095959e-05,9.895695756465678e-06,1.000000000000002e-05,1.000000000000002e-05,1.0431597976084782e-05,1.0616389856839207e-05,0.025,0.0249949624654929,0.0249999998331603,0.0250000018964404,0.0250000018964404,0.02500000189625,0.0250000018853487,1e-05,2.5490760323600576e-05,6.934527044727412e-06,1.000000000000002e-05,1.000000000000002e-05,1.0000000000000013e-05,1.0000000000000013e-05,0.025,0.0250000355574694,0.0250000139888303,0.0250000010698979,0.0250000000852049,0.0250000245236762,0.0250000003302317,1e-05,4.180923039893139e-05,2.074440067856287e-05,1.000000000000002e-05,1.000000000000002e-05,1.8669641731530874e-05,1.0000000000000014e-05,0.025,0.0249947770662706,0.0249999993418925,0.0250000003712853,0.0250000004158708,0.0250000011517647,0.0250000008087101,1e-05,6.349999013501209e-05,1.378741703028652e-05,1.0000000000000014e-05,1.0000000000000016e-05,1.0856496182690654e-05,1.018228562997129e-05,0.025,0.0249948177341656,0.0249999998685717,0.0250000044339013,0.0250000044339013,0.0250000047559724,0.0250000043028855,1e-05,0.0001044773477118,8.743896824370267e-06,1.0000000000000014e-05,1.0000000000000013e-05,1.0000000000000006e-05,1.0000000000000006e-05,0.025000000050066567,1.0000000000000023e-05,0.025000001010592052,1.0000000000000062e-05,0.025000000480020268,1.0188952324351788e-05,0.0250000008326429,1.0000000000000031e-05,0.02500000046163136,1.0000000000000036e-05,0.02500000109941742,1.0000000000000011e-05
07-25-2021,0.025,0.0250000000923125,0.024999999989362,0.0250000001187803,0.0250000001187803,0.025000000122592,0.025000000119129,1e-05,1.3561858687937166e-05,9.548746515766586e-06,1.0000000000000025e-05,1.0000000000000025e-05,1.0000000000000016e-05,1.0000000000000018e-05,0.025,0.0249950297173258,0.0249999993175721,0.0250000038402882,0.0250000038402882,0.0250000037500555,0.0250000039715092,1e-05,3.0403833509498184e-05,9.854280484519404e-06,1.000000000000002e-05,1.000000000000002e-05,1.0234475329161638e-05,1.0403206099726724e-05,0.025,0.0249949379128719,0.0249999998642957,0.0250000018964404,0.0250000018964404,0.0250000018243898,0.0250000019994093,1e-05,2.480531905696446e-05,7.314830106408543e-06,1.0000000000000018e-05,1.0000000000000018e-05,1.0000000000000013e-05,1.0000000000000013e-05,0.025,0.0250000355576725,0.025000027040373,0.0250000010698979,0.0250000009210236,0.0250000183238408,0.0250000002436108,1e-05,4.180900607889704e-05,2.494299483490892e-05,1.000000000000002e-05,1.000000000000002e-05,1.846450924078179e-05,1.0000000000000013e-05,0.025,0.0249947521054798,0.0249999981354117,0.0250000003712853,0.0250000006822607,0.0250000008103766,0.0250000007924823,1e-05,6.338529012712976e-05,1.1237344635262048e-05,1.0000000000000014e-05,1.0000000000000014e-05,1.081520435118554e-05,1.020536415128366e-05,0.025,0.0249947904815593,0.0249999993226444,0.0250000044339013,0.0250000044339013,0.0250000044680197,0.0250000043830985,1e-05,0.0001058425103955,3.793312646660496e-06,1.0000000000000014e-05,1.0000000000000013e-05,1.0000000000000008e-05,1.0000000000000006e-05,0.025000000053359415,1.0000000000000023e-05,0.025000000984567807,1.000000000000005e-05,0.025000000503796683,1.0202151315707677e-05,0.025000001039471646,1.0000000000000031e-05,0.025000000474170062,1.0000000000000035e-05,0.025000000690594,1.000000000000001e-05
07-26-2021,0.025,0.0250000000939022,0.0249999999820339,0.0250000001187803,0.0250000001187803,0.0250000001156131,0.0250000001129718,1e-05,1.3620179142014126e-05,9.318942089734262e-06,1.0000000000000025e-05,1.0000000000000025e-05,1.0000000000000018e-05,1.0000000000000016e-05,0.025,0.0249950073680498,0.0249999999334859,0.0250000038402882,0.0250000038402882,0.0250000034992347,0.0250000037128943,1e-05,3.517708550716931e-05,9.346191519819457e-06,1.000000000000002e-05,1.000000000000002e-05,1.0258378684116915e-05,1.0231072327132845e-05,0.025,0.0249949134923312,0.0249999997792616,0.0250000018964404,0.0250000018964404,0.025000001832166,0.0250000019234663,1e-05,2.5880771901869693e-05,6.554719573420576e-06,1.0000000000000018e-05,1.0000000000000018e-05,1.0000000000000013e-05,1.0000000000000013e-05,0.025,0.0250000355576954,0.0250000184180675,0.0250000010698979,0.0250000000984524,0.0250000197299182,0.025000000401959,1e-05,4.180880399067676e-05,2.739495406300918e-05,1.0000000000000025e-05,1.000000000000002e-05,1.861387077488553e-05,1.0000000000000014e-05,0.025,0.0249951313063926,0.0249999976637479,0.0250000003712853,0.0250000005974434,0.0250000008136339,0.0250000007307445,1e-05,6.328409721626692e-05,1.7345663916756848e-05,1.0000000000000014e-05,1.0000000000000016e-05,1.1008832309793508e-05,1.0182296205416775e-05,0.025,0.0249951672848243,0.0250000000810398,0.0250000044339013,0.0250000044339013,0.0250000045528618,0.0250000045066117,1e-05,0.0001071571200642,1.0684873773314507e-05,1.0000000000000014e-05,1.0000000000000004e-05,1.0000000000000008e-05,1.0000000000000008e-05,0.02500000004847957,1.0000000000000021e-05,0.02500000132035621,1.0000000000000041e-05,0.02500000043968602,1.0172650566398841e-05,0.025000000875628533,1.0000000000000035e-05,0.02500000043870114,1.0000000000000041e-05,0.02500000127828308,1.0000000000000011e-05
07-27-2021,0.025,0.0250000000954004,0.0249999999685015,0.0250000001187803,0.0250000001187803,0.0250000001163422,0.0250000001220248,1e-05,1.3674964874716004e-05,8.804573145237927e-06,1.0000000000000025e-05,1.0000000000000025e-05,1.0000000000000018e-05,1.0000000000000016e-05,0.025,0.0249949851280543,0.025000000481038,0.0250000038402882,0.0250000038402882,0.0250000036340084,0.0250000036635282,1e-05,-3.942675654589919e-05,9.25300331484219e-06,1.000000000000002e-05,1.000000000000002e-05,1.0244925428395128e-05,1.0294723274925691e-05,0.025,0.0249948892025586,0.0249999997383189,0.0250000018964404,0.0250000018964404,0.0250000018895929,0.0250000018706855,1e-05,2.5856849633376567e-05,6.323679859254749e-06,1.000000000000002e-05,1.0000000000000018e-05,1.0000000000000013e-05,1.0000000000000013e-05,0.025,0.0250000355576109,0.0250000495438636,0.0250000010698979,0.0250000009159771,0.0250000227364443,0.0250000002475422,1e-05,4.180865436121444e-05,5.1665338251627446e-05,1.000000000000002e-05,1.000000000000002e-05,1.8683279673451312e-05,1.0000000000000013e-05,0.025,0.0249951091239268,0.0249999921783773,0.0250000003712853,0.0250000006817306,0.0250000009041106,0.0250000008738027,1e-05,6.319659548223277e-05,3.02027262755189e-05,1.0000000000000014e-05,1.0000000000000014e-05,1.106375039898549e-05,1.018481009610224e-05,0.025,0.0249951430871904,0.0250000003925442,0.0250000044339013,0.0250000044339013,0.0250000043248555,0.0250000042987425,1e-05,0.0001084169538122,1.3843670260804686e-05,1.0000000000000016e-05,1.0000000000000013e-05,1.0000000000000008e-05,1.000000000000001e-05,0.025000000042038055,1.0000000000000018e-05,0.025000001669180084,1.0000000000000014e-05,0.025000000411448862,1.0159957458469226e-05,0.025000001153796608,1.0000000000000038e-05,0.025000000341771217,1.0000000000000048e-05,0.025000001469550948,1.0000000000000016e-05
07-28-2021,0.025,0.0250000000968117,0.0249999999928031,0.0250000001187803,0.0250000001187803,0.0250000001178785,0.025000000112203,1e-05,1.3726416628868392e-05,9.763212892439444e-06,1.0000000000000025e-05,1.0000000000000025e-05,1.0000000000000018e-05,1.0000000000000018e-05,0.025,0.0249949629963564,0.0250000001265167,0.0250000038402882,0.0250000038402882,0.0250000033551183,0.0250000037922423,1e-05,-1.954723636168772e-05,9.742733960135808e-06,1.000000000000002e-05,1.000000000000002e-05,1.024645306784554e-05,1.0260202722684068e-05,0.025,0.0249948650422583,0.0249999998068775,0.0250000018964404,0.0250000018964404,0.025000001965471,0.0250000019208555,1e-05,2.586498544191271e-05,6.808740643404754e-06,1.000000000000002e-05,1.000000000000002e-05,1.0000000000000013e-05,1.0000000000000013e-05,0.025,0.0250000355575776,0.0249999729799511,0.0250000010698979,0.0250000009159771,0.0250000088271354,0.0250000000774297,1e-05,4.180857103451782e-05,-1.69913516323561e-06,1.0000000000000025e-05,1.000000000000002e-05,1.8730068638472685e-05,1.0000000000000014e-05,0.025,0.0249950870485414,0.0250000038548714,0.0250000003712853,0.0250000006252433,0.0250000007377013,0.0250000004818681,1e-05,6.312411968629197e-05,6.414494114537206e-06,1.0000000000000018e-05,1.0000000000000014e-05,1.1071373863095595e-05,1.0180536262404316e-05,0.025,0.0249951190169091,0.0249999998586849,0.0250000044339013,0.0250000044339013,0.0250000043059551,0.0250000043740374,1e-05,0.0001096170111341,8.840011839872375e-06,1.0000000000000016e-05,1.0000000000000013e-05,1.0000000000000004e-05,1.000000000000001e-05,0.025000000054880303,1.0000000000000026e-05,0.025000001431698605,1.0000000000000025e-05,0.025000000467523927,1.0186138053885652e-05,0.025000000675309605,1.000000000000003e-05,0.025000000556970076,1.0000000000000035e-05,0.02500000108821381,1.0000000000000013e-05
07-29-2021,0.025,0.0250000000981414,0.0249999999731039,0.0250000001187803,0.0250000001187803,0.0250000001201395,0.025000000120916,1e-05,1.3774772826951704e-05,8.97431675550564e-06,1.0000000000000025e-05,1.0000000000000025e-05,1.0000000000000016e-05,1.0000000000000016e-05,0.025,0.0249949409719845,0.0250000003623267,0.0250000038402882,0.0250000038402882,0.0250000038213554,0.0250000039004424,1e-05,-2.219680190310649e-05,9.73621010521078e-06,1.000000000000002e-05,1.000000000000002e-05,1.0244329350019535e-05,1.0265271824915349e-05,0.025,0.024994841010151,0.024999999770377,0.0250000018964404,0.0250000018964404,0.0250000017429079,0.0250000019311294,1e-05,2.589518976592988e-05,6.993263845317399e-06,1.000000000000002e-05,1.0000000000000018e-05,1.0000000000000013e-05,1.0000000000000013e-05,0.025,0.0250000355576233,0.0250000519356686,0.0250000010698979,0.0250000000999034,0.0250000130483699,0.0250000005655606,1e-05,4.180853715353073e-05,5.383832778926845e-05,1.000000000000002e-05,1.000000000000002e-05,1.8723291764917826e-05,1.0000000000000014e-05,0.025,0.0249950650792981,0.024999991318547,0.0250000003712853,0.0250000006387527,0.0250000011964732,0.0250000007235606,1e-05,6.306318683399711e-05,2.8219044079236252e-05,1.0000000000000016e-05,1.0000000000000014e-05,1.0898162342783002e-05,1.0185440201063674e-05,0.025,0.0249950950727639,0.0250000003881976,0.0250000044339013,0.0250000044339013,0.0250000044736963,0.0250000045683341,1e-05,0.0001107515418473,1.3812246149935705e-05,1.0000000000000014e-05,1.0000000000000014e-05,1.000000000000001e-05,1.0000000000000004e-05,0.025000000045129214,1.000000000000002e-05,0.025000001631497883,1.0000000000000025e-05,0.025000000424956592,1.0196402185320087e-05,0.025000001082454825,1.0000000000000038e-05,0.025000000282471162,1.0000000000000045e-05,0.025000001492258346,1.0000000000000014e-05
07-30-2021,0.025,0.0250000000993923,0.0249999999981173,0.0250000001187803,0.0250000001187803,0.0250000001151614,0.0250000001140133,1e-05,1.38201492412233e-05,9.927517138877797e-06,1.0000000000000025e-05,1.0000000000000025e-05,1.0000000000000018e-05,1.0000000000000018e-05,0.025,0.0249949190539778,0.0250000002500728,0.0250000038402882,0.0250000038402882,0.0250000039355354,0.0250000038886015,1e-05,-1.501067640329494e-05,1.0339389160765948e-05,1.000000000000002e-05,1.000000000000002e-05,1.0375405586307073e-05,1.0357201945468204e-05,0.025,0.0249948171049738,0.0249999999463947,0.0250000018964404,0.0250000018964404,0.0250000019237011,0.0250000018492191,1e-05,2.6284835346707047e-05,8.643991043250088e-06,1.000000000000002e-05,1.000000000000002e-05,1.0000000000000013e-05,1.0000000000000013e-05,0.025,0.0250000355576728,0.0250000064885209,0.0250000010698979,0.0250000001144607,0.0250000161755888,0.0250000003354255,1e-05,4.180852783702e-05,1.4817270695299811e-05,1.0000000000000025e-05,1.000000000000002e-05,1.8695939680763925e-05,1.0000000000000016e-05,0.025,0.0249950432152681,0.0249999987079362,0.0250000003712853,0.025000000709327,0.0250000011081238,0.0250000006697036,1e-05,6.301321853044414e-05,1.0479653788308951e-05,1.0000000000000018e-05,1.0000000000000014e-05,1.0854645265386907e-05,1.0182727798689869e-05,0.025,0.0249950712535527,0.0249999998269413,0.0250000044339013,0.0250000044339013,0.0250000046983909,0.0250000045246638,1e-05,0.0001118157541121,9.145695422319022e-06,1.0000000000000018e-05,1.0000000000000013e-05,1.000000000000001e-05,1.000000000000001e-05,0.025000000058055773,1.0000000000000026e-05,0.025000001569288183,1.0000000000000041e-05,0.025000000552329187,1.0289361486303563e-05,0.02500000077671241,1.0000000000000035e-05,0.025000000492528988,1.0000000000000036e-05,0.025000001100053095,1.0000000000000014e-05
07-31-2021,0.025,0.0250000001005662,0.0249999999894605,0.0250000001187803,0.0250000001187803,0.0250000001216813,0.0250000001172076,1e-05,1.3862603172862674e-05,9.609882917997444e-06,1.0000000000000025e-05,1.0000000000000025e-05,1.000000000000002e-05,1.0000000000000016e-05,0.025,0.0249948972413868,0.024999999548798,0.0250000038402882,0.0250000038402882,0.0250000040000728,0.0250000036891295,1e-05,-2.2793675723395888e-05,1.0619550597344532e-05,1.000000000000002e-05,1.000000000000002e-05,1.0391291509383624e-05,1.0338526562483288e-05,0.025,0.0249947933254798,0.0249999998316037,0.0250000018964404,0.0250000018964404,0.025000001868908,0.0250000019721872,1e-05,2.665042438280784e-05,6.998970618732336e-06,1.000000000000002e-05,1.000000000000002e-05,1.0000000000000013e-05,1.0000000000000013e-05,0.025,0.0250000355576769,0.0249999944863111,0.0250000010698979,0.0250000009062909,0.0250000173893703,0.0250000003256232,1e-05,4.180852882662034e-05,7.107856085486475e-06,1.0000000000000025e-05,1.000000000000002e-05,1.85002860720439e-05,1.0000000000000016e-05,0.025,0.024995021455533,0.0250000023857742,0.0250000003712853,0.0250000001820373,0.0250000011013974,0.025000000760299,1e-05,6.297445684649172e-05,1.1340048398977842e-05,1.0000000000000018e-05,1.000000000000002e-05,1.0836395184701709e-05,1.0209077006195818e-05,0.025,0.0249950475580872,0.0249999997088625,0.0250000044339013,0.0250000044339013,0.0250000043788415,0.0250000047149766,1e-05,0.0001128066456733,8.129792255395785e-06,1.0000000000000018e-05,1.0000000000000014e-05,1.000000000000001e-05,1.000000000000001e-05,0.025000000054237793,1.0000000000000025e-05,0.025000001116501133,1.0000000000000041e-05,0.025000000478616467,1.020470533828015e-05,0.025000000941156984,1.0000000000000031e-05,0.02500000048400472,1.000000000000004e-05,0.025000001004331,1.0000000000000013e-05
08-01-2021,0.025,0.025000000101667,0.0249999999801945,0.0250000001187803,0.0250000001187803,0.0250000001214859,0.0250000001173287,1e-05,1.3902289742221687e-05,9.23342786487806e-06,1.0000000000000025e-05,1.0000000000000025e-05,1.000000000000002e-05,1.0000000000000018e-05,0.025,0.0249948755332723,0.024999999600179,0.0250000038402882,0.0250000038402882,0.0250000034748312,0.0250000039179089,1e-05,-1.803124215732404e-05,1.0492883080916518e-05,1.000000000000002e-05,1.000000000000002e-05,1.0274943791330553e-05,1.0241261327905192e-05,0.025,0.0249947696704382,0.0249999998215063,0.0250000018964404,0.0250000018964404,0.0250000019758497,0.0250000018396317,1e-05,2.6776125732404505e-05,7.076243132425608e-06,1.000000000000002e-05,1.000000000000002e-05,1.0000000000000013e-05,1.0000000000000013e-05,0.025,0.0250000355576545,0.0250000444486681,0.0250000010698979,0.0250000001143695,0.025000017320467,0.0250000004681769,1e-05,4.180853641723108e-05,3.802507058248139e-05,1.0000000000000025e-05,1.000000000000002e-05,1.771680137102443e-05,1.0000000000000014e-05,0.025,0.024994999799184,0.0249999953835336,0.0250000003712853,0.0250000006480877,0.0250000010313299,0.0250000006988121,1e-05,6.294412259726685e-05,2.027540316085208e-05,1.0000000000000016e-05,1.0000000000000016e-05,1.1013912642884476e-05,1.0180199487096015e-05,0.025,0.024995023985193,0.0249999995048943,0.0250000044339013,0.0250000044339013,0.0250000043616877,0.0250000042212784,1e-05,0.0001137223404848,6.40718413835728e-06,1.0000000000000016e-05,1.0000000000000016e-05,1.0000000000000013e-05,1.0000000000000006e-05,0.02500000004928741,1.0000000000000023e-05,0.025000001119173183,1.0000000000000036e-05,0.02500000046912011,1.0210203773665446e-05,0.025000001017275984,1.0000000000000038e-05,0.025000000384338732,1.0000000000000043e-05,0.02500000082016049,1.0000000000000014e-05
