date,Tennessee-jh_beta_7_truth,Tennessee-jh_beta_7_ARIMA_predications,Tennessee-jh_beta_7_OLS_predications,Tennessee-jh_beta_7_DT_predications,Tennessee-jh_beta_7_RF_predications,Tennessee-jh_beta_7_Bagged_DT_predications,Tennessee-jh_beta_7_Bagged_RT_predications,Tennessee-jh_gamma_7_truth,Tennessee-jh_gamma_7_ARIMA_predications,Tennessee-jh_gamma_7_OLS_predications,Tennessee-jh_gamma_7_DT_predications,Tennessee-jh_gamma_7_RF_predications,Tennessee-jh_gamma_7_Bagged_DT_predications,Tennessee-jh_gamma_7_Bagged_RT_predications,Tennessee-jh_beta_14_truth,Tennessee-jh_beta_14_ARIMA_predications,Tennessee-jh_beta_14_OLS_predications,Tennessee-jh_beta_14_DT_predications,Tennessee-jh_beta_14_RF_predications,Tennessee-jh_beta_14_Bagged_DT_predications,Tennessee-jh_beta_14_Bagged_RT_predications,Tennessee-jh_gamma_14_truth,Tennessee-jh_gamma_14_ARIMA_predications,Tennessee-jh_gamma_14_OLS_predications,Tennessee-jh_gamma_14_DT_predications,Tennessee-jh_gamma_14_RF_predications,Tennessee-jh_gamma_14_Bagged_DT_predications,Tennessee-jh_gamma_14_Bagged_RT_predications,Tennessee-jh_beta_30_truth,Tennessee-jh_beta_30_ARIMA_predications,Tennessee-jh_beta_30_OLS_predications,Tennessee-jh_beta_30_DT_predications,Tennessee-jh_beta_30_RF_predications,Tennessee-jh_beta_30_Bagged_DT_predications,Tennessee-jh_beta_30_Bagged_RT_predications,Tennessee-jh_gamma_30_truth,Tennessee-jh_gamma_30_ARIMA_predications,Tennessee-jh_gamma_30_OLS_predications,Tennessee-jh_gamma_30_DT_predications,Tennessee-jh_gamma_30_RF_predications,Tennessee-jh_gamma_30_Bagged_DT_predications,Tennessee-jh_gamma_30_Bagged_RT_predications,Tennessee-cdc_beta_7_truth,Tennessee-cdc_beta_7_ARIMA_predications,Tennessee-cdc_beta_7_OLS_predications,Tennessee-cdc_beta_7_DT_predications,Tennessee-cdc_beta_7_RF_predications,Tennessee-cdc_beta_7_Bagged_DT_predications,Tennessee-cdc_beta_7_Bagged_RT_predications,Tennessee-cdc_gamma_7_truth,Tennessee-cdc_gamma_7_ARIMA_predications,Tennessee-cdc_gamma_7_OLS_predications,Tennessee-cdc_gamma_7_DT_predications,Tennessee-cdc_gamma_7_RF_predications,Tennessee-cdc_gamma_7_Bagged_DT_predications,Tennessee-cdc_gamma_7_Bagged_RT_predications,Tennessee-cdc_beta_14_truth,Tennessee-cdc_beta_14_ARIMA_predications,Tennessee-cdc_beta_14_OLS_predications,Tennessee-cdc_beta_14_DT_predications,Tennessee-cdc_beta_14_RF_predications,Tennessee-cdc_beta_14_Bagged_DT_predications,Tennessee-cdc_beta_14_Bagged_RT_predications,Tennessee-cdc_gamma_14_truth,Tennessee-cdc_gamma_14_ARIMA_predications,Tennessee-cdc_gamma_14_OLS_predications,Tennessee-cdc_gamma_14_DT_predications,Tennessee-cdc_gamma_14_RF_predications,Tennessee-cdc_gamma_14_Bagged_DT_predications,Tennessee-cdc_gamma_14_Bagged_RT_predications,Tennessee-cdc_beta_30_truth,Tennessee-cdc_beta_30_ARIMA_predications,Tennessee-cdc_beta_30_OLS_predications,Tennessee-cdc_beta_30_DT_predications,Tennessee-cdc_beta_30_RF_predications,Tennessee-cdc_beta_30_Bagged_DT_predications,Tennessee-cdc_beta_30_Bagged_RT_predications,Tennessee-cdc_gamma_30_truth,Tennessee-cdc_gamma_30_ARIMA_predications,Tennessee-cdc_gamma_30_OLS_predications,Tennessee-cdc_gamma_30_DT_predications,Tennessee-cdc_gamma_30_RF_predications,Tennessee-cdc_gamma_30_Bagged_DT_predications,Tennessee-cdc_gamma_30_Bagged_RT_predications,Tennessee-jh_beta_7_ensemble,Tennessee-jh_gamma_7_ensemble,Tennessee-jh_beta_14_ensemble,Tennessee-jh_gamma_14_ensemble,Tennessee-jh_beta_30_ensemble,Tennessee-jh_gamma_30_ensemble,Tennessee-cdc_beta_7_ensemble,Tennessee-cdc_gamma_7_ensemble,Tennessee-cdc_beta_14_ensemble,Tennessee-cdc_gamma_14_ensemble,Tennessee-cdc_beta_30_ensemble,Tennessee-cdc_gamma_30_ensemble
07-02-2021,0.025,0.025000001508804,0.0250000001275281,0.0250000022978747,0.0250000022978747,0.0250000024591739,0.025000002424724,1e-05,1.7288844178031658e-05,1.1603153541983602e-05,1.000000000000002e-05,1.000000000000002e-05,1.0000000000000014e-05,1.0000000000000013e-05,0.025,0.0249951695365168,0.0249999974320868,0.0250000005447998,0.0250000005447998,0.0249999985749838,0.0249999971324588,1e-05,2.014199738138732e-05,1.6971246017158208e-05,1.000000000000002e-05,1.000000000000002e-05,1.0000000000000013e-05,1.0000000000000013e-05,0.025,0.0250000018561613,0.0250000000614479,0.0250000021582323,0.0250000021582323,0.025000002123694,0.0250000021085146,1e-05,2.6968975250762742e-05,1.0951600354372997e-05,1.000000000000002e-05,1.000000000000002e-05,1.0000000000000013e-05,1.0000000000000013e-05,0.025,0.0250000000522913,0.0249999999989414,0.0250000002275447,0.0250000002275447,0.025000000240751,0.0250000002343108,1e-05,1.2107849320008695e-05,9.982114054192105e-06,1.000000000000002e-05,1.000000000000002e-05,1.0000000000000014e-05,1.0000000000000013e-05,0.025,0.0249999962656395,0.0250000008147664,0.0249999966489342,0.0249999966489342,0.0249999965986928,0.0249999964912153,1e-05,2.2558533052364967e-05,1.083089288053706e-05,1.000000000000002e-05,1.000000000000002e-05,1.0000000000000013e-05,1.0000000000000013e-05,0.025,0.0250000005563443,0.0249999999987268,0.0250000014882123,0.0250000014882123,0.0250000013753193,0.0250000015042256,1e-05,1.5845780503109173e-05,1.010400599913005e-05,1.000000000000002e-05,1.000000000000002e-05,1.0000000000000013e-05,1.0000000000000013e-05,0.02500000233067608,1.0749490716516158e-05,0.024999998910199283,1.1011169080874385e-05,0.025000000722792015,1.1170686321051946e-05,0.025000000114969004,1.0000000000000023e-05,0.02499999783906379,1.152588564591051e-05,0.025000001156822865,1.1822669958426233e-05
07-03-2021,0.025,0.0250000016690165,0.0250000037697157,0.0250000022978747,0.0250000022978747,0.0250000023840016,0.0250000021888398,1e-05,1.8228088322325743e-05,2.565273555177328e-05,1.000000000000002e-05,1.000000000000002e-05,1.0000000000000013e-05,1.0000000000000013e-05,0.025,0.024994449385173,0.0249999974117465,0.0250000005447998,0.0250000005100651,0.0249999995723057,0.024999997918078,1e-05,2.085163417012406e-05,1.5089561745530982e-05,1.000000000000002e-05,1.000000000000002e-05,1.0000000000000013e-05,1.0000000000000013e-05,0.025,0.0250000019078321,0.024999999865078,0.0250000021582323,0.0250000021582323,0.0250000021371385,0.0250000022192245,1e-05,2.742368254943588e-05,9.388082100367207e-06,1.000000000000002e-05,1.000000000000002e-05,1.0000000000000013e-05,1.0000000000000013e-05,0.025,0.0250000000600063,0.0249999999790683,0.0250000002275447,0.0250000002275447,0.0250000002236141,0.0250000002093436,1e-05,1.2414767376225643e-05,9.239355028083264e-06,1.000000000000002e-05,1.000000000000002e-05,1.0000000000000014e-05,1.0000000000000013e-05,0.025,0.0249999962640446,0.0250000037774068,0.0249999966489342,0.0249999966489342,0.0249999966921471,0.0249999967166694,1e-05,2.315479716769412e-05,5.822847262802072e-06,1.000000000000002e-05,1.000000000000002e-05,1.0000000000000013e-05,1.0000000000000013e-05,0.025,0.0250000005864911,0.0249999998775714,0.0250000014882123,0.0250000014882123,0.0250000015132811,0.025000001487683,1e-05,1.6149575874889e-05,8.69223021183346e-06,1.000000000000002e-05,1.000000000000002e-05,1.0000000000000013e-05,1.0000000000000013e-05,0.025000002700248374,1.1299462127341932e-05,0.024999999212937753,1.0947679138539141e-05,0.025000000585415755,1.0713693009373071e-05,0.02500000010236032,1.0000000000000021e-05,0.024999998394929814,1.0897916972344094e-05,0.025000001135484822,1.1533896533973653e-05
07-04-2021,0.025,0.0250000018218563,0.0250000076546177,0.0250000022978747,0.0250000022978747,0.0250000021236257,0.0250000021824164,1e-05,1.9124880314320167e-05,3.6468525621558e-05,1.000000000000002e-05,1.000000000000002e-05,1.0000000000000014e-05,1.0000000000000014e-05,0.025,0.0249944346564032,0.0249999999957318,0.0250000005447998,0.025000000473855,0.0249999989642255,0.0249999998426441,1e-05,2.1521080416706568e-05,9.837563378137172e-06,1.000000000000002e-05,1.000000000000002e-05,1.0000000000000013e-05,1.0000000000000013e-05,0.025,0.025000001953694,0.024999999495664,0.0250000021582323,0.0250000021582323,0.0250000022007212,0.025000001971877,1e-05,2.781873632601143e-05,6.588945498213765e-06,1.000000000000002e-05,1.000000000000002e-05,1.0000000000000013e-05,1.0000000000000013e-05,0.025,0.0250000000677883,0.0249999999272672,0.0250000002275447,0.0250000002275447,0.0250000002202834,0.0250000002390119,1e-05,1.2722291765179058e-05,7.302270038649176e-06,1.000000000000002e-05,1.000000000000002e-05,1.0000000000000014e-05,1.0000000000000014e-05,0.025,0.0249999962725222,0.0250000086384162,0.0249999966489342,0.0249999966489342,0.0249999970238926,0.0249999970795153,1e-05,2.3722238910707587e-05,-1.287540401653537e-06,1.000000000000002e-05,1e-05,1.0000000000000013e-05,1.0000000000000014e-05,0.025,0.0250000006167661,0.0249999991119295,0.0250000014882123,0.0250000014882123,0.0250000013879793,0.0250000014784659,1e-05,1.645435454946912e-05,1.6590842860737722e-06,1.000000000000002e-05,1.000000000000002e-05,1.0000000000000013e-05,1.0000000000000013e-05,0.02500000310352334,1.1728391621593434e-05,0.02499999988998916,1.0738794648555541e-05,0.02500000029980147,9.886050371297841e-06,0.025000000080644263,1.0000000000000013e-05,0.024999999337405352,9.994745854161959e-06,0.02500000085157038,9.992690847622465e-06
07-05-2021,0.025,0.0250000019223889,0.0250000050259738,0.0250000022978747,0.0250000022978747,0.0250000024358594,0.0250000022676695,1e-05,1.9806361743612827e-05,2.8341263796249905e-05,1.000000000000002e-05,1.000000000000002e-05,1.0000000000000014e-05,1.0000000000000014e-05,0.025,0.0249950781554832,0.0250000002946353,0.0250000005447998,0.0250000003426594,0.0250000001524366,0.024999999240526,1e-05,2.2162360899728e-05,1.9257290790618756e-05,1.000000000000002e-05,1.000000000000002e-05,1.0000000000000013e-05,1.0000000000000013e-05,0.025,0.0250000019958738,0.0250000001011228,0.0250000021582323,0.0250000021582323,0.0250000020420806,0.0250000021479324,1e-05,2.8180590541391708e-05,1.1744416283365988e-05,1.000000000000002e-05,1.000000000000002e-05,1.0000000000000013e-05,1.0000000000000013e-05,0.025,0.0250000000754981,0.0249999999902754,0.0250000002275447,0.0250000002275447,0.0250000002346303,0.0250000002165864,1e-05,1.302647667983483e-05,9.610609105191372e-06,1.000000000000002e-05,1.000000000000002e-05,1.0000000000000014e-05,1.107023254554361e-05,0.025,0.0249999962807816,0.0250000004770506,0.0249999966489342,0.0249999966489342,0.0249999965638298,0.0249999967687166,1e-05,2.425973209115619e-05,2.753568452420205e-06,1.000000000000002e-05,1.000000000000002e-05,1.0000000000000013e-05,1.0000000000000013e-05,0.025,0.0250000006466736,0.0250000000892038,0.0250000014882123,0.0250000014882123,0.0250000014278874,0.025000001385312,1e-05,2.116794907775653e-05,1.0371050202619635e-05,1.000000000000002e-05,1.000000000000002e-05,1.0000000000000013e-05,1.0000000000000014e-05,0.025000002906693516,1.1449400194244314e-05,0.025000000078550588,1.1157926441390957e-05,0.025000000749467607,1.143508110483925e-05,0.0250000001116467,1.0000000000000057e-05,0.02499999782503386,1.054372233443896e-05,0.02500000117671752,1.233380747527914e-05
07-06-2021,0.025,0.0250000019902868,0.0250000013914699,0.0250000022978747,0.0250000022978747,0.0250000024081532,0.0250000019754641,1e-05,2.0349441061354223e-05,1.6718220221534352e-05,1.000000000000002e-05,1.000000000000002e-05,1.0000000000000014e-05,1.0000000000000014e-05,0.025,0.0249950505461208,0.0249999977454204,0.0250000005447998,0.0250000002657786,0.0249999985101127,0.0249999988420798,1e-05,2.278063524612589e-05,1.749784498347544e-05,1.000000000000002e-05,1.000000000000002e-05,1.0000000000000014e-05,1.0000000000000013e-05,0.025,0.0250000020344835,0.0249999999573185,0.0250000021582323,0.0250000021582323,0.0250000021986255,0.0250000021703314,1e-05,2.851511384029877e-05,1.0302859439748571e-05,1.000000000000002e-05,1.000000000000002e-05,1.0000000000000013e-05,1.0000000000000013e-05,0.025,0.025000000083194,0.0249999999838768,0.0250000002275447,0.0250000002275447,0.0250000002233467,0.0250000002327041,1e-05,1.3331577865337427e-05,9.464657507287915e-06,1.000000000000002e-05,1.000000000000002e-05,1.0000000000000014e-05,1.0107023254554373e-05,0.025,0.0249999962938643,0.0250000036927827,0.0249999966489342,0.0249999966489342,0.0249999963492486,0.0249999962568794,1e-05,2.476929563029344e-05,9.34795453804186e-06,1.000000000000002e-05,1.000000000000002e-05,1.0000000000000014e-05,1.0000000000000013e-05,0.025,0.0250000006773542,0.0249999997443888,0.0250000014882123,0.0250000014882123,0.0250000014355989,0.0250000015284911,1e-05,2.1056562893930824e-05,7.638435292920656e-06,1.000000000000002e-05,1.000000000000002e-05,1.0000000000000013e-05,1.0000000000000013e-05,0.02500000246743643,1.1036594794128571e-05,0.02499999924054036,1.1097460900216902e-05,0.025000000654549957,1.1011809952615604e-05,0.02500000011004488,1.0000000000000026e-05,0.024999998250541416,1.142427271424517e-05,0.025000001083911053,1.171549136555052e-05
07-07-2021,0.025,0.0250000020248241,0.0250000008193601,0.0250000022978747,0.0250000022978747,0.0250000021384309,0.0250000021449642,1e-05,2.0725141739922387e-05,1.4976479082662308e-05,1.000000000000002e-05,1.000000000000002e-05,1.0000000000000014e-05,1.0000000000000013e-05,0.025,0.0249950230832214,0.0249999979459595,0.0250000005447998,0.0250000004033438,0.0249999975973939,0.024999999265276,1e-05,2.337860560938744e-05,1.6824447290388566e-05,1.000000000000002e-05,1.000000000000002e-05,1.0000000000000013e-05,1.0000000000000013e-05,0.025,0.0250000020711432,0.024999999911677,0.0250000021582323,0.0250000021582323,0.0250000020622498,0.0250000021710704,1e-05,2.8834268830683275e-05,9.842821156336104e-06,1.000000000000002e-05,1.000000000000002e-05,1.0000000000000013e-05,1.0000000000000013e-05,0.025,0.0250000000908678,0.024999999986851,0.0250000002275447,0.0250000002275447,0.0250000002328532,0.0250000002257863,1e-05,1.3634799928569964e-05,9.60209040792379e-06,1.000000000000002e-05,1.000000000000002e-05,1.0000000000000014e-05,1.0021648065775333e-05,0.025,0.0249999963045888,0.0250000037663343,0.0249999966489342,0.0249999966489342,0.0249999968357777,0.0249999964054291,1e-05,2.5253079353441543e-05,9.491564793889643e-06,1.000000000000002e-05,1.000000000000002e-05,1.0000000000000013e-05,1.0000000000000013e-05,0.025,0.0250000007083495,0.024999999678742,0.0250000014882123,0.0250000014882123,0.0250000015288806,0.0250000014940734,1e-05,2.774602300404212e-05,7.125055120595775e-06,1.000000000000002e-05,1.000000000000002e-05,1.0000000000000014e-05,1.0000000000000014e-05,0.02500000239489338,1.0984142242484105e-05,0.024999999201763577,1.1083048629490224e-05,0.025000000611955574,1.0881546031463686e-05,0.025000000112770204,1.0000000000000023e-05,0.02499999837117259,1.1463047699040303e-05,0.02500000107119049,1.216874023371009e-05
07-08-2021,0.025,0.0250000020339419,0.0250000006622129,0.0250000022978747,0.0250000022978747,0.025000002174669,0.0250000021543696,1e-05,2.099207486151889e-05,1.348216537522262e-05,1.000000000000002e-05,1.000000000000002e-05,1.0000000000000013e-05,1.0000000000000014e-05,0.025,0.0249949957654477,0.0249999988684341,0.0250000005447998,0.0250000003711666,0.024999998024036,0.024999999413866,1e-05,2.3954325565516123e-05,1.591350912048719e-05,1.000000000000002e-05,1.000000000000002e-05,1.0000000000000013e-05,1.0000000000000013e-05,0.025,0.0250000021063902,0.0249999998792856,0.0250000021582323,0.0250000021582323,0.0250000021589967,0.0250000022112435,1e-05,2.914153700318352e-05,9.548919388386697e-06,1.000000000000002e-05,1.000000000000002e-05,1.0000000000000013e-05,1.0000000000000013e-05,0.025,0.0250000000984175,0.024999999983723,0.0250000002275447,0.0250000002275447,0.0250000002251227,0.025000000226138,1e-05,1.393234489590954e-05,9.468234869415635e-06,1.000000000000002e-05,1.000000000000002e-05,1.0000000000000016e-05,1.000113852435167e-05,0.025,0.0249999963172267,0.0250000036218988,0.0249999966489342,0.0249999966489342,0.0249999965174214,0.0249999964861799,1e-05,2.571106034006349e-05,8.927170157676297e-06,1.000000000000002e-05,1.000000000000002e-05,1.0000000000000013e-05,1.0000000000000013e-05,0.025,0.0250000007382824,0.0249999996322574,0.0250000014882123,0.0250000014882123,0.0250000015950371,0.0250000014127928,1e-05,2.7528829075690795e-05,6.7303867645154185e-06,1.000000000000002e-05,1.000000000000002e-05,1.0000000000000014e-05,1.0000000000000013e-05,0.025000002387547703,1.0937367954626075e-05,0.024999999454736375,1.1057917222795584e-05,0.02500000059684761,1.0800663042827412e-05,0.02500000011158271,1.0000000000000023e-05,0.024999998308948907,1.1408474115077325e-05,0.02500000105275519,1.2062371813014546e-05
07-09-2021,0.025,0.0250000020532057,0.024999998480096,0.0250000022978747,0.0250000022978747,0.025000002507328,0.0250000024631753,1e-05,2.133193294814948e-05,5.496557523798629e-06,1.000000000000002e-05,1.000000000000002e-05,1.0000000000000014e-05,1.0000000000000014e-05,0.025,0.0249949685914736,0.0249999990249671,0.0250000005447998,0.0250000005057034,0.0249999982718832,0.024999997957891,1e-05,2.4529501445915124e-05,1.4834725287060364e-05,1.000000000000002e-05,1.000000000000002e-05,1.0000000000000013e-05,1.0000000000000013e-05,0.025,0.0249951780024516,0.0249999998713698,0.0250000021582323,0.0250000021582323,0.0250000021917036,0.0250000021623454,1e-05,2.894360562247948e-05,9.350633225479791e-06,1.000000000000002e-05,1.000000000000002e-05,1.0000000000000013e-05,1.0000000000000013e-05,0.025,0.0250000001058286,0.0249999999915433,0.0250000002275446,0.0250000002275446,0.0250000002206147,0.0250000002268089,1e-05,1.4225980341412577e-05,9.767125265022764e-06,1.000000000000002e-05,1.000000000000002e-05,1.0000000000000014e-05,1.010751329202815e-05,0.025,0.0249999963265806,0.0250000039076734,0.0249999966489342,0.0249999966489342,0.0249999968409357,0.0249999967414875,1e-05,2.614328155832817e-05,1.1421501682796391e-05,1.000000000000002e-05,1.000000000000002e-05,1.0000000000000013e-05,1.0000000000000014e-05,0.025,0.0250000007680828,0.0249999996376865,0.0250000014882123,0.0250000014882123,0.0250000014147596,0.0250000015122343,1e-05,3.388035987019065e-05,6.877590080214585e-06,1.000000000000002e-05,1.000000000000002e-05,1.0000000000000014e-05,1.0000000000000013e-05,0.025000002267811423,1.0652688763827426e-05,0.024999999244630932,1.1025579957124756e-05,0.02500000036587421,1.0736917915136189e-05,0.02500000011604836,1.0000000000000026e-05,0.02499999845601937,1.1751470451924407e-05,0.025000001041312336,1.2634121050450215e-05
07-10-2021,0.025,0.0250000020847265,0.0249999981251803,0.0250000022978747,0.0250000022978747,0.0250000022452148,0.0250000021050282,1e-05,2.173300813383796e-05,6.081940329139002e-06,1.000000000000002e-05,1.000000000000002e-05,1.0000000000000014e-05,1.0000000000000016e-05,0.025,0.0249949415599852,0.0249999981655808,0.0250000005447998,0.0250000004037908,0.0249999982602178,0.0249999981811426,1e-05,2.50735625576977e-05,1.4695156897093956e-05,1.000000000000002e-05,1.000000000000002e-05,1.0000000000000013e-05,1.0000000000000013e-05,0.025,0.0249972046462935,0.0249999998452598,0.0250000021582323,0.0250000021582323,0.0250000022237752,0.0250000021751857,1e-05,2.8140188112462613e-05,8.975475650987931e-06,1.000000000000002e-05,1.000000000000002e-05,1.0000000000000013e-05,1.0000000000000013e-05,0.025,0.0250000001131185,0.0249999999907413,0.0250000002275446,0.0250000002275446,0.0250000002257815,0.0250000002288285,1e-05,1.4514592215287176e-05,9.72916033159811e-06,1.000000000000002e-05,1.000000000000002e-05,1.0000000000000014e-05,1.0022248365051735e-05,0.025,0.0249999963367987,0.0250000038253097,0.0249999966489342,0.0249999966489342,0.0249999970630766,0.0249999968264435,1e-05,2.655088985564436e-05,1.1395058010727712e-05,1.000000000000002e-05,1.000000000000002e-05,1.0000000000000014e-05,1.0000000000000013e-05,0.025,0.0249951771693316,0.0249999997199089,0.0250000014882123,0.0250000014882123,0.025000001546989,0.0250000014011178,1e-05,3.592839335409601e-05,7.556211293196732e-06,1.000000000000002e-05,1.000000000000002e-05,1.0000000000000013e-05,1.0000000000000014e-05,0.02500000212501473,1.0687168837686448e-05,0.02499999913278363,1.1032738240896103e-05,0.025000000443571355,1.0606603910808964e-05,0.025000000117320786,1.0000000000000025e-05,0.024999998495152928,1.1764921219073404e-05,0.025000000437493706,1.2959109606036206e-05
07-11-2021,0.025,0.0250000021250395,0.0249999979128855,0.0250000022978747,0.0250000022978747,0.0250000022370221,0.0250000021605929,1e-05,2.219524688723411e-05,6.6442013295642255e-06,1.0000000000000025e-05,1.000000000000002e-05,1.0000000000000014e-05,1.0000000000000014e-05,0.025,0.0249949146696802,0.0249999975516712,0.0250000005447998,0.0250000000681284,0.0249999975225127,0.0249999973881554,1e-05,2.5600006037550185e-05,1.5044448571040528e-05,1.000000000000002e-05,1.000000000000002e-05,1.0000000000000013e-05,1.0000000000000013e-05,0.025,0.024999073960098,0.0249999998714692,0.0250000021582323,0.0250000021582323,0.0250000020831274,0.0250000020958804,1e-05,2.84608106866012e-05,9.163686062561384e-06,1.000000000000002e-05,1.000000000000002e-05,1.0000000000000013e-05,1.0000000000000013e-05,0.025,0.0250000001202196,0.0249999999876927,0.0250000002275446,0.0250000002275446,0.0250000002302723,0.0250000002357892,1e-05,1.479505270790078e-05,9.620820642526487e-06,1.000000000000002e-05,1.000000000000002e-05,1.0000000000000016e-05,1.001404087223141e-05,0.025,0.0249999963437136,0.0250000028400672,0.0249999966489342,0.0249999966489342,0.0249999965198103,0.0249999968867219,1e-05,2.6935929299815677e-05,1.0710454149393694e-05,1.000000000000002e-05,1.000000000000002e-05,1.0000000000000013e-05,1.0000000000000013e-05,0.025,0.0249971221540235,0.0249999996537995,0.0250000014882123,0.0250000014882123,0.0250000014929068,0.0250000014480912,1e-05,2.0062930512204417e-05,6.997316601055933e-06,1.000000000000002e-05,1.000000000000002e-05,1.0000000000000014e-05,1.0000000000000013e-05,0.025000002117945373,1.0722742867184754e-05,0.024999998638105706,1.1060413915670038e-05,0.02500000053552496,1.0670109358193778e-05,0.02500000011787612,1.0000000000000026e-05,0.024999998248292514,1.1691651240850418e-05,0.025000000669935716,1.1488318939381689e-05
07-12-2021,0.025,0.025000002176307,0.0249999997774212,0.0250000022978747,0.0250000022978747,0.0250000023128013,0.0250000021040163,1e-05,2.2719646599181757e-05,1.1316579946907268e-05,1.0000000000000025e-05,1.000000000000002e-05,1.0000000000000016e-05,1.0000000000000016e-05,0.025,0.0249948879192688,0.0249999990970034,0.0250000005447998,0.0250000002113039,0.0249999985486436,0.0249999979154655,1e-05,2.610213971838744e-05,1.585129107569425e-05,1.000000000000002e-05,1.000000000000002e-05,1.0000000000000013e-05,1.0000000000000013e-05,0.025,0.0249993220875451,0.0249999998737701,0.0250000021582323,0.0250000021582323,0.0250000020934335,0.0250000021854838,1e-05,2.8711346765716717e-05,9.423965087571024e-06,1.000000000000002e-05,1.000000000000002e-05,1.0000000000000013e-05,1.0000000000000014e-05,0.025,0.0250000001271123,0.0249999999876105,0.0250000002275446,0.0250000002275446,0.0250000002252422,0.025000000211639,1e-05,1.5068458491948736e-05,9.633444844640908e-06,1.0000000000000025e-05,1.000000000000002e-05,1.0000000000000016e-05,1.0002769227452252e-05,0.025,0.0249999963508786,0.0250000033066225,0.0249999966489342,0.0249999966489342,0.0249999971372861,0.0249999970771676,1e-05,2.7300173328929544e-05,9.194202663271383e-06,1.000000000000002e-05,1.000000000000002e-05,1.0000000000000014e-05,1.0000000000000013e-05,0.025,0.0249956503905855,0.0249999996104265,0.0250000014882123,0.0250000014882123,0.0250000013409118,0.0250000014893422,1e-05,2.094104757892127e-05,6.524184719006415e-06,1.000000000000002e-05,1.000000000000002e-05,1.0000000000000014e-05,1.0000000000000013e-05,0.02500000233296277,1.0912420038243985e-05,0.024999999231595623,1.1107115189028848e-05,0.025000000555253893,1.0753574299030161e-05,0.02500000011601717,1.0000000000000026e-05,0.024999998463997822,1.1509144055011165e-05,0.02500000044297698,1.145741833955291e-05
07-13-2021,0.025,0.0250000022206784,0.0250000001375034,0.0250000022978747,0.0250000022978747,0.0250000025083099,0.0250000021223823,1e-05,2.31663223820478e-05,1.243950146978534e-05,1.0000000000000025e-05,1.000000000000002e-05,1.0000000000000014e-05,1.0000000000000014e-05,0.025,0.0249948613074729,0.0249999989810564,0.0250000005447998,0.0250000004004899,0.0249999980559952,0.0249999985292313,1e-05,2.6582377356422345e-05,1.6012032627329368e-05,1.000000000000002e-05,1.000000000000002e-05,1.0000000000000013e-05,1.0000000000000013e-05,0.025,0.0249996104334941,0.0249999998769863,0.0250000021582323,0.0250000021582323,0.0250000022764899,0.0250000021698324,1e-05,2.891911253909409e-05,9.508632313231644e-06,1.000000000000002e-05,1.000000000000002e-05,1.0000000000000013e-05,1.0000000000000013e-05,0.025,0.0250000001338353,0.0249999999823692,0.0250000002275446,0.0250000002275446,0.0250000002343282,0.0250000002333465,1e-05,1.533586875465215e-05,9.427165019852088e-06,1.0000000000000025e-05,1.000000000000002e-05,1.0000000000000016e-05,1.0032950482298695e-05,0.025,0.0249999963552378,0.0250000040320611,0.0249999966489342,0.0249999966489342,0.0249999960429951,0.0249999970858443,1e-05,2.76448846432216e-05,9.52648468174411e-06,1.000000000000002e-05,1.000000000000002e-05,1.0000000000000014e-05,1.0000000000000014e-05,0.025,0.0249973996135335,0.0249999996180294,0.0250000014882123,0.0250000014882123,0.0250000014289872,0.0250000014295056,1e-05,2.0482693161682608e-05,6.567123258955743e-06,1.000000000000002e-05,1.000000000000002e-05,1.0000000000000014e-05,1.0000000000000014e-05,0.025000002417774305,1.0968252600786654e-05,0.024999999283474836,1.1125602205313811e-05,0.025000000581871566,1.0783585207668604e-05,0.025000000117276485,1.0000000000000026e-05,0.024999998405972827,1.156674302808981e-05,0.025000000680605886,1.1428097607130894e-05
07-14-2021,0.025,0.0250000022495048,0.0250000007985061,0.0250000022978747,0.0250000022978747,0.0250000026026383,0.0250000026078628,1e-05,2.3500765721193e-05,1.4337199349512277e-05,1.000000000000002e-05,1.000000000000002e-05,1.0000000000000016e-05,1.0000000000000014e-05,0.025,0.024994834833027,0.0249999992754343,0.0250000005447998,0.0250000003419577,0.0249999973591974,0.0249999991210575,1e-05,2.7044923313937477e-05,1.6098559063453606e-05,1.000000000000002e-05,1.000000000000002e-05,1.0000000000000013e-05,1.0000000000000013e-05,0.025,0.0250001760763728,0.024999999867524,0.0250000021582323,0.0250000021582323,0.0250000022127129,0.0250000020792227,1e-05,2.9089994967692e-05,9.473535699734432e-06,1.000000000000002e-05,1.000000000000002e-05,1.0000000000000013e-05,1.0000000000000013e-05,0.025,0.0250000001403505,0.0249999999804159,0.0250000002275446,0.0250000002275446,0.0250000002370027,0.0250000002305171,1e-05,1.5594550219143966e-05,9.352887464026354e-06,1.0000000000000025e-05,1.000000000000002e-05,1.0000000000000016e-05,1.001473679844516e-05,0.025,0.024999996359753,0.0250000040541203,0.0249999966489342,0.0249999966489342,0.0249999962346773,0.0249999966759617,1e-05,2.797071721395105e-05,8.924276662714112e-06,1.0000000000000025e-05,1.000000000000002e-05,1.0000000000000014e-05,1.0000000000000013e-05,0.025,0.0249981001453003,0.0249999996049294,0.0250000014882123,0.0250000014882123,0.0250000013945554,0.0250000015228075,1e-05,2.731629099762389e-05,6.45010455167501e-06,1.000000000000002e-05,1.000000000000002e-05,1.0000000000000016e-05,1.0000000000000014e-05,0.025000002598423183,1.1049175011832999e-05,0.024999999296650838,1.1140484405934274e-05,0.025000000591103747,1.0776969652132037e-05,0.02500000011719064,1.0000000000000026e-05,0.024999998373582282,1.1501773345481763e-05,0.025000000778193327,1.1981896308537166e-05
07-15-2021,0.025,0.025000002266461,0.0249999996321781,0.0250000022978747,0.0250000022978747,0.0250000020942006,0.0250000024969565,1e-05,2.374317296802228e-05,1.0095708667279268e-05,1.000000000000002e-05,1.000000000000002e-05,1.0000000000000016e-05,1.0000000000000016e-05,0.025,0.0249948084946778,0.0249999991594308,0.0250000005447998,0.0250000005313098,0.0249999975975121,0.0249999984499554,1e-05,2.7488387575144215e-05,1.647940218513623e-05,1.000000000000002e-05,1.000000000000002e-05,1.0000000000000013e-05,1.0000000000000013e-05,0.025,0.0250003842372048,0.0249999999210379,0.0250000021582323,0.0250000021582323,0.0250000023077071,0.0250000021444683,1e-05,2.921617094216205e-05,9.85523161794194e-06,1.000000000000002e-05,1.000000000000002e-05,1.0000000000000013e-05,1.0000000000000013e-05,0.025,0.0250000001466197,0.024999999987919,0.0250000002275446,0.0250000002275446,0.0250000002233203,0.0250000002285773,1e-05,1.5844061295509524e-05,9.624472907889458e-06,1.000000000000002e-05,1.000000000000002e-05,1.0000000000000016e-05,1.0016573540465682e-05,0.025,0.0249999963620699,0.0250000033111028,0.0249999966489342,0.0249999966489342,0.0249999962113016,0.0249999966548728,1e-05,2.8278564012205557e-05,1.073676995210144e-05,1.000000000000002e-05,1.000000000000002e-05,1.0000000000000014e-05,1.0000000000000014e-05,0.025,0.0249987618814196,0.0249999997032729,0.0250000014882123,0.0250000014882123,0.0250000014348373,0.0250000014742765,1e-05,1.580114444332552e-05,7.421204211561366e-06,1.000000000000002e-05,1.000000000000002e-05,1.0000000000000014e-05,1.0000000000000014e-05,0.02500000236605392,1.08999442831439e-05,0.024999999223567184,1.1167508392010276e-05,0.025000000650811652,1.0893900138454436e-05,0.025000000120243667,1.0000000000000026e-05,0.024999998240446526,1.1750746457817578e-05,0.02500000089756794,1.1221147370961762e-05
07-16-2021,0.025,0.0250000022704393,0.0249999984145234,0.0250000022978747,0.0250000022978747,0.0250000022859627,0.0250000023007632,1e-05,2.387755392768482e-05,2.956203950077452e-06,1.000000000000002e-05,1.000000000000002e-05,1.0000000000000014e-05,1.0000000000000016e-05,0.025,0.0249951858248064,0.0249999917117211,0.0250000005447998,0.0250000000756132,0.0249999989467658,0.0249999979072018,1e-05,2.7914419121440195e-05,2.825892904954907e-05,1.000000000000002e-05,1.000000000000002e-05,1.0000000000000013e-05,1.0000000000000013e-05,0.025,0.0249985282907723,0.0250000003412928,0.0250000021582323,0.0250000021582323,0.0250000020030557,0.025000002218768,1e-05,2.934562565888219e-05,1.4220953572250224e-05,1.000000000000002e-05,1.000000000000002e-05,1.0000000000000013e-05,1.0000000000000013e-05,0.025,0.0250000001526525,0.0250000000322238,0.0250000002275446,0.0250000002275446,0.0250000002450171,0.0250000002219279,1e-05,1.6084829674110105e-05,1.1368215999022966e-05,1.000000000000002e-05,1.000000000000002e-05,1.0000000000000016e-05,1.0015215814605698e-05,0.025,0.0249999963646002,0.0250000041394018,0.0249999966489342,0.0249999966489342,0.0249999971087694,0.0249999964021351,1e-05,2.8569435785001835e-05,2.3779001357775685e-05,1.000000000000002e-05,1.000000000000002e-05,1.0000000000000014e-05,1.0000000000000014e-05,0.025,0.0249990058960323,0.024999999834781,0.0250000014882123,0.0250000014882123,0.0250000015036306,0.0250000014532543,1e-05,2.1195875762799945e-05,9.185265329653526e-06,1.000000000000002e-05,1.000000000000002e-05,1.0000000000000014e-05,1.0000000000000013e-05,0.025000002233001715,1.0640027252574154e-05,0.02499999816906169,1.1682559147533414e-05,0.02500000086100981,1.2201635762220825e-05,0.025000000144072464,1.0000000000000031e-05,0.02499999848912669,1.3462601527768403e-05,0.025000000982544443,1.2072000804636489e-05
07-17-2021,0.025,0.0250000022693164,0.0249999989848603,0.0250000022978747,0.0250000022978747,0.0250000023715973,0.0250000021965314,1e-05,2.3996890716715705e-05,6.38962334420512e-06,1.000000000000002e-05,1.000000000000002e-05,1.0000000000000014e-05,1.0000000000000014e-05,0.025,0.0249951624316466,0.024999991723181,0.0250000005447998,0.0250000004966774,0.0249999976169284,0.024999997555966,1e-05,2.83226922410594e-05,2.943007438040753e-05,1.000000000000002e-05,1.000000000000002e-05,1.0000000000000014e-05,1.0000000000000013e-05,0.025,0.0249951154907822,0.0250000003016918,0.0250000021582323,0.0250000021582323,0.0250000021824547,0.0250000020625141,1e-05,2.9512833721827864e-05,1.3852560340349167e-05,1.000000000000002e-05,1.000000000000002e-05,1.0000000000000013e-05,1.0000000000000013e-05,0.025,0.0250000001584487,0.0250000000377761,0.0250000002275446,0.0250000002275446,0.0250000002291859,0.0250000002226913,1e-05,1.6316015927715453e-05,1.159724017519339e-05,1.000000000000002e-05,1.000000000000002e-05,1.0000000000000016e-05,1.0002164344015678e-05,0.025,0.0249999963654828,0.0250000040062175,0.0249999966489342,0.0249999966489342,0.0249999963236824,0.0249999969390162,1e-05,2.884434433058847e-05,2.232072389307823e-05,1.000000000000002e-05,1.000000000000002e-05,1.0000000000000013e-05,1.0000000000000014e-05,0.025,0.0249995323323962,0.0249999998561845,0.0250000014882123,0.0250000014882123,0.0250000015880619,0.0250000014286923,1e-05,2.087568914685301e-05,9.299275851747417e-06,1.000000000000002e-05,1.000000000000002e-05,1.0000000000000014e-05,1.0000000000000014e-05,0.025000002291012225,1.0770907378349451e-05,0.024999997911589737,1.174260225361536e-05,0.025000000674629846,1.2095319811679885e-05,0.02500000014616533,1.0000000000000035e-05,0.024999998425530936,1.3283943351715713e-05,0.025000001069081762,1.2070235349351105e-05
07-18-2021,0.025,0.0250000022727192,0.0249999974665489,0.0250000022978747,0.0250000022978747,0.0250000022554024,0.025000002119042,1e-05,2.4169234928070692e-05,4.7765589457071655e-06,1.000000000000002e-05,1.0000000000000025e-05,1.0000000000000016e-05,1.0000000000000016e-05,0.025,0.0249951391574476,0.0249999978290989,0.0250000005447998,0.024999999558779,0.0249999981855371,0.0249999981809689,1e-05,2.8713963411726248e-05,1.7101737793093815e-05,1.000000000000002e-05,1.000000000000002e-05,1.0000000000000013e-05,1.0000000000000014e-05,0.025,0.0249950872518186,0.0249999999613978,0.0250000021582323,0.0250000021582323,0.0250000023252725,0.0250000021954275,1e-05,2.9707131534729582e-05,1.00076555299811e-05,1.000000000000002e-05,1.000000000000002e-05,1.0000000000000014e-05,1.0000000000000013e-05,0.025,0.0250000001639938,0.0249999999983319,0.0250000002275446,0.0250000002275446,0.0250000002279041,0.025000000229922,1e-05,1.653757261558435e-05,1.0017253698012113e-05,1.0000000000000025e-05,1.000000000000002e-05,1.0000000000000016e-05,1.0004374597751689e-05,0.025,0.0249999963666954,0.0250000022955312,0.0249999966489342,0.0249999966489342,0.0249999965867099,0.0249999967606859,1e-05,2.9104212531922665e-05,1.2705994871565127e-05,1.000000000000002e-05,1.000000000000002e-05,1.0000000000000014e-05,1.0000000000000014e-05,0.025,0.0249996153752741,0.0249999997653859,0.0250000014882123,0.0250000014882123,0.0250000014411023,0.0250000015396784,1e-05,2.0516346735020576e-05,8.086183513592807e-06,1.000000000000002e-05,1.000000000000002e-05,1.0000000000000014e-05,1.0000000000000014e-05,0.02500000209256763,1.0716704353202024e-05,0.024999998894710534,1.122377264810331e-05,0.025000000439154728,1.0950572429974822e-05,0.025000000128239802,1.0000000000000028e-05,0.024999998149571483,1.2041620170919409e-05,0.025000001043104573,1.1769419588814303e-05
07-19-2021,0.025,0.0250000022807417,0.0249999993599029,0.0250000022978747,0.0250000022978747,0.0250000024333368,0.0250000016543054,1e-05,2.4381697173304343e-05,1.0093029187530078e-05,1.000000000000002e-05,1.000000000000002e-05,1.0000000000000016e-05,1.0000000000000016e-05,0.025,0.0249951160011135,0.0249999982889173,0.0250000005447999,0.0250000003643913,0.0249999989901728,0.024999998575131,1e-05,2.9088865151288686e-05,1.8691415861117506e-05,1.000000000000002e-05,1.000000000000002e-05,1.0000000000000013e-05,1.0000000000000013e-05,0.025,0.0249950591655724,0.0250000000080772,0.0250000021582323,0.0250000021582323,0.025000002110268,0.0250000020743166,1e-05,2.9895377018820485e-05,1.0665276562845278e-05,1.000000000000002e-05,1.000000000000002e-05,1.0000000000000013e-05,1.0000000000000013e-05,0.025,0.0250000001692891,0.0250000000056305,0.0250000002275446,0.0250000002275446,0.0250000002093103,0.0250000002225096,1e-05,1.674987381335791e-05,1.032825676142496e-05,1.0000000000000025e-05,1.000000000000002e-05,1.0000000000000016e-05,1.0006873432359432e-05,0.025,0.024999996366725,0.0250000025726188,0.0249999966489342,0.0249999966489342,0.0249999968383674,0.0249999966633789,1e-05,2.9349845663709052e-05,1.215035955372723e-05,1.000000000000002e-05,1.000000000000002e-05,1.0000000000000014e-05,1.0000000000000014e-05,0.025,0.0249998823551597,0.0249999997788816,0.0250000014882123,0.0250000014882123,0.0250000015261395,0.0250000014216022,1e-05,2.049866341760001e-05,8.138982724012174e-06,1.0000000000000025e-05,1.000000000000002e-05,1.0000000000000014e-05,1.0000000000000014e-05,0.025000002247419734,1.0920252726357793e-05,0.02499999939379408,1.1300947204694044e-05,0.025000000450613215,1.1151382900035252e-05,0.025000000130085003,1.0000000000000031e-05,0.02499999822235239,1.1979394513077417e-05,0.0250000010773468,1.1779693294534602e-05
07-20-2021,0.025,0.0250000022939876,0.0249999994970393,0.0250000022978747,0.0250000022978747,0.025000002293695,0.0250000022681789,1e-05,2.4651785216918425e-05,1.0682613046597568e-05,1.000000000000002e-05,1.0000000000000025e-05,1.0000000000000016e-05,1.0000000000000014e-05,0.025,0.0249950929615606,0.0249999981100689,0.0250000005447998,0.0250000004257383,0.0249999977497736,0.0249999974786389,1e-05,2.944801588373546e-05,1.941771914176066e-05,1.000000000000002e-05,1.000000000000002e-05,1.0000000000000013e-05,1.0000000000000013e-05,0.025,0.0249950312306355,0.0250000000319386,0.0250000021582323,0.0250000021582323,0.0250000022037881,0.0250000021281336,1e-05,3.0059914231207013e-05,1.0932129429519627e-05,1.000000000000002e-05,1.0000000000000025e-05,1.0000000000000014e-05,1.0000000000000013e-05,0.025,0.0250000001743384,0.0250000000048258,0.0250000002275446,0.0250000002275446,0.0250000002470618,0.0250000002221379,1e-05,1.6952409714760284e-05,1.0295864670963582e-05,1.0000000000000025e-05,1.000000000000002e-05,1.0000000000000016e-05,1.0007363591761477e-05,0.025,0.0249999963671614,0.0250000034695804,0.0249999966489342,0.0249999966489342,0.0249999968192234,0.0249999964894371,1e-05,2.9581982159741645e-05,1.3319863271903966e-05,1.000000000000002e-05,1.000000000000002e-05,1.0000000000000014e-05,1.0000000000000014e-05,0.025,0.0249999273728445,0.0249999998402533,0.0250000014882123,0.0250000014882123,0.0250000015584992,0.0250000015366634,1e-05,2.0479815702867497e-05,8.678294803196422e-06,1.000000000000002e-05,1.000000000000002e-05,1.0000000000000016e-05,1.0000000000000014e-05,0.025000002350379812,1.0950704473558576e-05,0.02499999888539209,1.1340744094498502e-05,0.025000000476554127,1.1234865009886219e-05,0.025000000133863224,1.0000000000000031e-05,0.024999998342106925,1.2141440356768781e-05,0.02500000112869792,1.189826326141695e-05
07-21-2021,0.025,0.0250000023104061,0.0249999991289249,0.0250000022978747,0.0250000022978747,0.02500000251407,0.0250000024536825,1e-05,2.493366408310719e-05,9.110107717091864e-06,1.0000000000000025e-05,1.000000000000002e-05,1.0000000000000016e-05,1.0000000000000014e-05,0.025,0.0249950700377171,0.0249999978361387,0.0250000005447998,0.0250000003383478,0.0249999971292525,0.0249999974078319,1e-05,2.979202964688842e-05,1.967351782477839e-05,1.000000000000002e-05,1.000000000000002e-05,1.0000000000000013e-05,1.0000000000000013e-05,0.025,0.0249972342421665,0.025000000071595,0.0250000021582323,0.0250000021582323,0.0250000021734875,0.0250000021224099,1e-05,3.020927033039177e-05,1.1278338418733311e-05,1.000000000000002e-05,1.000000000000002e-05,1.0000000000000014e-05,1.0000000000000013e-05,0.025,0.0250000001791357,0.0250000000065286,0.0250000002275446,0.0250000002275446,0.0250000002390394,0.0250000002267058,1e-05,1.7145060815660768e-05,1.0350591127786322e-05,1.000000000000002e-05,1.000000000000002e-05,1.0000000000000018e-05,1.000328890320613e-05,0.025,0.0249999963667622,0.0250000034421781,0.0249999966489342,0.0249999966489342,0.0249999964729632,0.0249999962946953,1e-05,2.9801335777749136e-05,1.4707526359831352e-05,1.000000000000002e-05,1.000000000000002e-05,1.0000000000000014e-05,1.0000000000000014e-05,0.025,0.0250000500887187,0.0249999998792985,0.0250000014882123,0.0250000014882123,0.0250000014711796,0.0250000014010305,1e-05,2.045988013259593e-05,9.07308030033394e-06,1.000000000000002e-05,1.000000000000002e-05,1.0000000000000014e-05,1.0000000000000014e-05,0.02500000238528885,1.0901516728433995e-05,0.024999998678147433,1.1360014358979649e-05,0.025000000605907874,1.1341720596331723e-05,0.025000000135030634,1.000000000000003e-05,0.024999998246660618,1.2331388503513783e-05,0.025000001121260003,1.1984538765247972e-05
07-22-2021,0.025,0.0250000023236983,0.024999997763881,0.0250000022978747,0.0250000022978747,0.0250000020660754,0.0250000022740839,1e-05,2.5154630665851224e-05,4.074538212606171e-06,1.000000000000002e-05,1.000000000000002e-05,1.0000000000000018e-05,1.0000000000000016e-05,0.025,0.0249950472285233,0.0249999980046737,0.0250000005447999,0.0250000000956324,0.0249999974620658,0.0249999978777458,1e-05,3.0121970013105214e-05,1.938753737215301e-05,1.000000000000002e-05,1.000000000000002e-05,1.0000000000000013e-05,1.0000000000000013e-05,0.025,0.0249972933627975,0.0250000000875915,0.0250000021582323,0.0250000021582323,0.0250000020304077,0.0250000023445882,1e-05,3.0362342765178635e-05,1.132993912338664e-05,1.000000000000002e-05,1.000000000000002e-05,1.0000000000000014e-05,1.0000000000000013e-05,0.025,0.0250000001836819,0.0250000000118309,0.0250000002275446,0.0250000002275446,0.0250000002485676,0.0250000002329034,1e-05,1.732821473523873e-05,1.0548500866288124e-05,1.000000000000002e-05,1.000000000000002e-05,1.0000000000000016e-05,1.000685002886883e-05,0.025,0.0249999963668041,0.0250000032127971,0.0249999966489342,0.0249999966489342,0.0249999970606137,0.0249999964913752,1e-05,3.00086068653026e-05,1.6539546626178877e-05,1.000000000000002e-05,1.000000000000002e-05,1.0000000000000014e-05,1.0000000000000014e-05,0.025,0.0250000688852949,0.024999999907757,0.0250000014882123,0.0250000014882123,0.0250000015823497,0.025000001480569,1e-05,2.0438953603150417e-05,9.436459645797372e-06,1.000000000000002e-05,1.000000000000002e-05,1.0000000000000014e-05,1.0000000000000014e-05,0.025000002128936372,1.0722216448902555e-05,0.02499999881819572,1.1355727040460048e-05,0.02500000062569258,1.1360607469862901e-05,0.025000000139710467,1.0000000000000031e-05,0.02499999833923965,1.2578743313678277e-05,0.02500000116504184,1.2063725782571727e-05
07-23-2021,0.025,0.025000002332113,0.0249999968380249,0.0250000022978747,0.0250000022978747,0.0250000021769046,0.025000002392598,1e-05,2.531499150617973e-05,7.765852707564136e-07,1.000000000000002e-05,1.000000000000002e-05,1.0000000000000016e-05,1.0000000000000016e-05,0.025,0.0249950245329312,0.0249999986586872,0.0250000005447999,0.0249999998011928,0.0249999983756278,0.0249999983274749,1e-05,3.043809692658437e-05,1.8506407343130853e-05,1.000000000000002e-05,1.000000000000002e-05,1.0000000000000014e-05,1.0000000000000014e-05,0.025,0.0249969223709474,0.0250000001200478,0.0250000021582323,0.0250000021582323,0.0250000021576978,0.0250000021324889,1e-05,3.05271332335956e-05,1.145150052443602e-05,1.000000000000002e-05,1.0000000000000025e-05,1.0000000000000014e-05,1.0000000000000013e-05,0.025,0.0250000001879838,0.0250000000241716,0.0250000002275446,0.0250000002275446,0.0250000002285587,0.0250000002437014,1e-05,1.7501755410745642e-05,1.0988500281905716e-05,1.000000000000002e-05,1.000000000000002e-05,1.0000000000000016e-05,1.0004390851316884e-05,0.025,0.0249999963662605,0.0250000021555102,0.0249999966489342,0.0249999966489342,0.0249999969831987,0.0249999969752959,1e-05,3.020446689731222e-05,1.710711830871345e-05,1.000000000000002e-05,1.000000000000002e-05,1.0000000000000014e-05,1.0000000000000014e-05,0.025,0.0250001225598745,0.0250000000787528,0.0250000014882123,0.0250000014882123,0.0250000014066719,0.0250000014821081,1e-05,2.059084858176416e-05,1.0976938685738186e-05,1.000000000000002e-05,1.000000000000002e-05,1.0000000000000016e-05,1.0000000000000013e-05,0.02500000207062859,1.0605287081197442e-05,0.02499999913745992,1.1325604619212453e-05,0.025000000626946517,1.1400669412863124e-05,0.025000000145472726,1.0000000000000031e-05,0.02499999822825054,1.2660832431945444e-05,0.025000001201762632,1.2419847974709257e-05
07-24-2021,0.025,0.0250000023357238,0.0249999962798575,0.0250000022978747,0.0250000022978747,0.0250000021624653,0.0250000022413177,1e-05,2.5407063893930656e-05,8.7340528232005e-07,1.000000000000002e-05,1.000000000000002e-05,1.0000000000000016e-05,1.0000000000000016e-05,0.025,0.024995001949905,0.0249999975717903,0.0250000005447998,0.0250000004196799,0.0249999983525374,0.024999997583834,1e-05,3.074056632451189e-05,2.027754989556861e-05,1.000000000000002e-05,1.000000000000002e-05,1.0000000000000014e-05,1.0000000000000013e-05,0.025,0.0249968613015094,0.0250000001124467,0.0250000021582323,0.0250000021582323,0.0250000020397561,0.0250000021538642,1e-05,3.0695917181446355e-05,1.1350473575431775e-05,1.000000000000002e-05,1.000000000000002e-05,1.0000000000000013e-05,1.0000000000000014e-05,0.025,0.0250000001920425,0.0250000000270702,0.0250000002275446,0.0250000002275446,0.0250000002299547,0.0250000002283069,1e-05,1.766562973062989e-05,1.1112038584549182e-05,1.0000000000000025e-05,1.000000000000002e-05,1.0000000000000016e-05,1.0004103178751732e-05,0.025,0.0249999963661486,0.0250000026065697,0.0249999966489342,0.0249999966489342,0.0249999961085515,0.0249999965011194,1e-05,3.038954473016869e-05,1.786981130136008e-05,1.0000000000000025e-05,1.000000000000002e-05,1.0000000000000014e-05,1.0000000000000014e-05,0.025,0.0250001072380965,0.0250000001545409,0.0250000014882123,0.0250000014882123,0.0250000014309268,0.0250000014452122,1e-05,2.0661555646436557e-05,1.164450603932058e-05,1.000000000000002e-05,1.000000000000002e-05,1.0000000000000014e-05,1.0000000000000014e-05,0.025000001981051293,1.0611814033725907e-05,0.024999998940623876,1.1408803679236305e-05,0.02500000061222934,1.1374298703701657e-05,0.025000000146111024,1.0000000000000035e-05,0.024999998078529238,1.276790829579978e-05,0.02500000122353384,1.2574593154024282e-05
07-25-2021,0.025000000220014,0.025000002334961,0.0249999957431404,0.0250000022978747,0.0250000022978747,0.0250000022163579,0.0250000022744493,2.017088737815996e-05,2.5448375423134547e-05,-2.631497707739072e-06,1.000000000000002e-05,1.000000000000002e-05,1.0000000000000016e-05,1.0000000000000016e-05,0.025,0.0249949794784203,0.0249999977361003,0.0250000005447998,0.0250000004825461,0.0249999973344434,0.0249999977738177,1e-05,3.102997809484407e-05,2.248367022662898e-05,1.000000000000002e-05,1.000000000000002e-05,1.0000000000000014e-05,1.0000000000000013e-05,0.025,0.0249954429203484,0.025000000174474,0.0250000021582322,0.0250000021582322,0.0250000021764433,0.0250000021966144,1e-05,3.0856521988481814e-05,1.188804824799248e-05,1.000000000000002e-05,1.000000000000002e-05,1.0000000000000014e-05,1.0000000000000013e-05,0.025,0.0250000001958603,0.025000000022768,0.0250000002275446,0.0250000002275446,0.0250000002263804,0.0250000002236865,1e-05,1.782019729594246e-05,1.0942946946167695e-05,1.0000000000000025e-05,1.0000000000000025e-05,1.0000000000000014e-05,1.000347972949872e-05,0.025,0.0249999963656189,0.0250000019450538,0.0249999966489342,0.0249999966489342,0.0249999966485281,0.0249999961792789,1e-05,3.056442785361016e-05,1.851066810493185e-05,1.000000000000002e-05,1.000000000000002e-05,1.0000000000000014e-05,1.1165298837200598e-05,0.025,0.025000118244657,0.025000000139858,0.0250000014882123,0.0250000014882123,0.0250000014406275,0.0250000014968437,1e-05,2.07558399510133e-05,1.1652663654533146e-05,1.000000000000002e-05,1.0000000000000025e-05,1.0000000000000014e-05,1.0000000000000014e-05,0.025000001938021682,1.0483426509410673e-05,0.02499999880814896,1.1510328727970585e-05,0.02500000060394185,1.153860553034112e-05,0.02500000014376045,1.0000000000000035e-05,0.024999998002517204,1.3107558433351102e-05,0.025000001230140283,1.2584423137305966e-05
07-26-2021,0.025,0.0250000023334289,0.024999997271001,0.0250000022978747,0.0250000022978747,0.0250000023136839,0.0250000022454937,1e-05,2.550384410541897e-05,4.032934016962031e-06,1.0000000000000025e-05,1.0000000000000025e-05,1.0000000000000016e-05,1.0000000000000016e-05,0.025,0.0249949571174644,0.0249999977643118,0.0250000005447999,0.0250000004507309,0.0249999976124142,0.0249999977924354,1e-05,3.130720690087892e-05,2.158208834520477e-05,1.000000000000002e-05,1.000000000000002e-05,1.0000000000000014e-05,1.0000000000000014e-05,0.025,0.024996532598809,0.0250000001946487,0.0250000021582322,0.0250000021582322,0.0250000022671828,0.0250000020526124,1e-05,3.100461161282747e-05,1.220746390778236e-05,1.0000000000000025e-05,1.000000000000002e-05,1.0000000000000013e-05,1.0000000000000014e-05,0.025,0.0250000001994448,0.0250000000372941,0.0250000002275446,0.0250000002275446,0.0250000002381426,0.0250000002282749,1e-05,1.7965583052863716e-05,1.1539204283474142e-05,1.0000000000000025e-05,1.0000000000000025e-05,1.0000000000000018e-05,1.0003998805137958e-05,0.025,0.024999996365484,0.0250000018347887,0.0249999966489342,0.0249999966489342,0.0249999966480767,0.0249999961618457,1e-05,3.072967052632221e-05,1.7771170715789896e-05,1.000000000000002e-05,1.000000000000002e-05,1.0000000000000016e-05,1.0349589651160188e-05,0.025,0.0250000898787106,0.0250000001113978,0.0250000014882123,0.0250000014882123,0.02500000147181,0.0250000014313546,1e-05,2.219323101255633e-05,1.1276765226270648e-05,1.0000000000000025e-05,1.000000000000002e-05,1.0000000000000014e-05,1.0000000000000014e-05,0.025000002115448203,1.0731840171281487e-05,0.02499999886504513,1.1478390138264044e-05,0.0250000006660003,1.1637421891731513e-05,0.025000000152865496,1.0000000000000038e-05,0.024999997980782795,1.2843819904633448e-05,0.02500000121096356,1.2622635712946221e-05
07-27-2021,0.025,0.0250000023336163,0.0249999969998412,0.0250000022978747,0.0250000022978747,0.025000002171559,0.0250000021780011,1e-05,2.5591005724100165e-05,3.703463391957485e-06,1.000000000000002e-05,1.000000000000002e-05,1.0000000000000016e-05,1.0000000000000016e-05,0.025,0.0249949348660363,0.0249999982054756,0.0249999952777295,0.025000000361288,0.0249999979051544,0.0249999977304756,1e-05,3.15727118370819e-05,2.178904626739251e-05,1.000000000000002e-05,1.000000000000002e-05,1.0000000000000013e-05,1.0000000000000016e-05,0.025,0.0249972481140532,0.0250000002359615,0.0250000021582322,0.0250000021582322,0.0250000020996053,0.0250000021425494,1e-05,3.11451736100076e-05,1.2519476927898114e-05,1.000000000000002e-05,1.000000000000002e-05,1.0000000000000014e-05,1.0000000000000014e-05,0.025,0.0250000002028015,0.0250000000406108,0.0250000002275446,0.0250000002275446,0.025000000211007,0.0250000002181007,1e-05,1.810183721262352e-05,1.1652662374317333e-05,1.0000000000000025e-05,1.0000000000000025e-05,1.0000000000000016e-05,1.0004044426469085e-05,0.025,0.024999996365042,0.0250000019093714,0.0249999966489342,0.0249999966489342,0.0249999964010424,0.0249999967788485,1e-05,3.088579995007186e-05,1.8882217916681455e-05,1.000000000000002e-05,1.000000000000002e-05,1.0000000000000014e-05,1.0116529883720072e-05,0.025,0.0250000831317115,0.0250000002502115,0.0250000014882123,0.0250000014882123,0.0250000015601004,0.025000001420708,1e-05,2.152390048622486e-05,1.2482879691069089e-05,1.000000000000002e-05,1.000000000000002e-05,1.0000000000000016e-05,1.0000000000000014e-05,0.025000002049067924,1.0722433300916086e-05,0.02499999789617757,1.149367122030009e-05,0.025000000724828178,1.1733857666486038e-05,0.025000000151446575,1.0000000000000038e-05,0.024999998055792064,1.2945321311580862e-05,0.025000001270347426,1.2834578124586389e-05
07-28-2021,0.025,0.0250000023358757,0.024999996688096,0.0250000022978747,0.0250000022978747,0.0250000023698206,0.0250000023290251,1e-05,2.5713695529227395e-05,2.819201174730779e-06,1.0000000000000025e-05,1.000000000000002e-05,1.0000000000000016e-05,1.0000000000000016e-05,0.025,0.0249949127231464,0.024999998105212,0.0249999952777295,0.024999995274576,0.0249999978452522,0.0249999985952139,1e-05,3.1826906305687924e-05,2.2792864387990216e-05,1.000000000000002e-05,1.000000000000002e-05,1.0000000000000014e-05,1.0000000000000014e-05,0.025,0.0249971351178803,0.025000000276086,0.0250000021582322,0.0250000021582322,0.0250000020934472,0.0250000020947572,1e-05,3.128492592574197e-05,1.2886521697703089e-05,1.000000000000002e-05,1.000000000000002e-05,1.0000000000000014e-05,1.0000000000000014e-05,0.025,0.0250000002059349,0.0250000000496729,0.0250000002275446,0.0250000002275446,0.025000000225636,0.0250000002253438,1e-05,1.822929141071025e-05,1.2011000633740675e-05,1.0000000000000025e-05,1.0000000000000025e-05,1.0000000000000016e-05,1.0003928727445408e-05,0.025,0.0249999963649426,0.0250000019817663,0.0249999966489342,0.0249999966489342,0.0249999967154011,0.0249999963682191,1e-05,3.10333175293654e-05,2.0416549736251196e-05,1.000000000000002e-05,1.000000000000002e-05,1.0000000000000014e-05,1.0186542553694968e-05,0.025,0.0250000583906738,0.0250000003178227,0.0250000014882123,0.0250000014882123,0.0250000015992023,0.0250000014863021,1e-05,2.1601653243086023e-05,1.315264165123735e-05,1.000000000000002e-05,1.000000000000002e-05,1.0000000000000014e-05,1.0000000000000014e-05,0.02500000207742563,1.069362979546817e-05,0.024999996922783225,1.1542824675211882e-05,0.025000000745792332,1.1846722832658747e-05,0.02500000015834338,1.0000000000000041e-05,0.02499999805162097,1.316635884732456e-05,0.025000001307547596,1.2990409930482377e-05
07-29-2021,0.025,0.0250000023404109,0.0249999959381544,0.0250000022978747,0.0250000022978747,0.0250000025253764,0.0250000022764713,1e-05,2.58719491392824e-05,2.2072208949452943e-08,1.0000000000000025e-05,1.000000000000002e-05,1.0000000000000016e-05,1.0000000000000016e-05,0.025,0.0249948906878165,0.0249999984140705,0.0249999952777295,0.024999995274576,0.0249999970371283,0.0249999984876222,1e-05,3.206981105135872e-05,2.319395822856054e-05,1.000000000000002e-05,1.000000000000002e-05,1.0000000000000016e-05,1.0000000000000014e-05,0.025,0.0249974871811292,0.0250000003432268,0.0250000021582322,0.0250000021582322,0.0250000021318849,0.0250000020926102,1e-05,3.142532377728542e-05,1.3399490609351306e-05,1.000000000000002e-05,1.000000000000002e-05,1.0000000000000014e-05,1.0000000000000013e-05,0.025,0.0250000002088526,0.0250000000641095,0.0250000002275446,0.0250000002275446,0.0250000002301685,0.0250000002105507,1e-05,1.834820285022678e-05,1.255305809778586e-05,1.0000000000000025e-05,1.0000000000000025e-05,1.0000000000000016e-05,1.0004136656258611e-05,0.025,0.0249999963646077,0.0250000009470828,0.0249999966489342,0.0249999966489342,0.0249999964703314,0.0249999969273728,1e-05,3.117269779701635e-05,2.201259999319691e-05,1.000000000000002e-05,1.000000000000002e-05,1.0000000000000016e-05,1.014942327951928e-05,0.025,0.0250000472123927,0.0250000004422493,0.0250000014882123,0.0250000014882123,0.0250000015198637,0.025000001445596,1e-05,2.2575325310840545e-05,1.4349157958671733e-05,1.000000000000002e-05,1.000000000000002e-05,1.0000000000000014e-05,1.0000000000000016e-05,0.02500000201465707,1.059516974113768e-05,0.02499999677813369,1.1565878758505845e-05,0.025000000814227725,1.2003215024808953e-05,0.025000000164805004,1.0000000000000041e-05,0.024999997929084486,1.3372222476014612e-05,0.025000001328727976,1.333962999202973e-05
07-30-2021,0.025,0.025000002345724,0.0249999952908031,0.0250000022978747,0.0250000022978747,0.0250000020422842,0.0250000026045866,1e-05,2.6019799564454498e-05,-3.5108267226746648e-06,1.000000000000002e-05,1.000000000000002e-05,1.0000000000000016e-05,1.0000000000000014e-05,0.025,0.0249948687590794,0.0249999988909691,0.0249999952777295,0.024999995274576,0.0249999976018492,0.0249999968791073,1e-05,3.23020229093676e-05,2.4925562952702327e-05,1.000000000000002e-05,1.000000000000002e-05,1.0000000000000016e-05,1.0000000000000014e-05,0.025,0.0249977530021474,0.0250000004490264,0.0250000021582322,0.0250000021582322,0.0250000021843354,0.0250000020803465,1e-05,3.156252791137152e-05,1.4326681079080664e-05,1.000000000000002e-05,1.000000000000002e-05,1.0000000000000013e-05,1.0000000000000014e-05,0.025,0.0250000002115623,0.0250000000840497,0.0250000002275446,0.0250000002275446,0.0250000002259058,0.0250000002345724,1e-05,1.8458721025232523e-05,1.3285244118738711e-05,1.0000000000000025e-05,1.0000000000000025e-05,1.0000000000000016e-05,1.0003871545229916e-05,0.025,0.024999996364559,0.0249999991970703,0.0249999966489342,0.0249999966489342,0.0249999964609291,0.0249999966552544,1e-05,3.130438838483905e-05,2.3858571763533628e-05,1.0000000000000025e-05,1.000000000000002e-05,1.0000000000000016e-05,1.0262569205377764e-05,0.025,0.0250000263527338,0.0250000006282672,0.0250000014882123,0.0250000014882123,0.0250000015255297,0.0250000014831538,1e-05,2.2320912197434013e-05,1.6173960046637968e-05,1.000000000000002e-05,1.000000000000002e-05,1.0000000000000014e-05,1.0000000000000014e-05,0.025000001919632555,1.0469147725047768e-05,0.024999996620772652,1.1645687007563236e-05,0.02500000090754306,1.2283434402169607e-05,0.025000000176778767,1.0000000000000043e-05,0.024999997584882163,1.3642431836831672e-05,0.02500000139672594,1.3724631272396633e-05
07-31-2021,0.025,0.0250000023498656,0.0249999914805685,0.0250000022978748,0.0250000022978748,0.0250000022431079,0.0250000019925254,1e-05,2.612993454583361e-05,-1.5094213846822411e-05,1.0000000000000025e-05,1.000000000000002e-05,1.0000000000000018e-05,1.0000000000000016e-05,0.0250000002535142,0.0249948469359795,0.0249999986657816,0.0249999952777295,0.024999995274576,0.0249999977508196,0.0249999972242347,1.596005196751437e-05,3.2524116347912643e-05,2.6170842457217324e-05,1.000000000000002e-05,1.000000000000002e-05,1.0000000000000014e-05,1.0000000000000016e-05,0.025,0.0249972374945455,0.0250000004492607,0.0250000021582322,0.0250000021582322,0.0250000020432499,0.0250000021668013,1e-05,3.169236643515188e-05,1.4006423312697017e-05,1.000000000000002e-05,1.000000000000002e-05,1.0000000000000014e-05,1.0000000000000014e-05,0.025,0.0250000002140705,0.0250000001150136,0.0250000002275446,0.0250000002275446,0.0250000002310619,0.0250000002199124,1e-05,1.856115985783248e-05,1.4481859089001029e-05,1.0000000000000025e-05,1.0000000000000025e-05,1.0000000000000016e-05,1.0005142565581946e-05,0.025,0.0249999963643227,0.0249999973841342,0.0249999966489342,0.0249999966489342,0.0249999969561981,0.0249999967688056,1e-05,3.142881171047788e-05,2.703106286871149e-05,1.000000000000002e-05,1.000000000000002e-05,1.0000000000000016e-05,1.0650229077941435e-05,0.025,0.0250000142289456,0.0250000008753746,0.0250000014882123,0.0250000014882123,0.0250000015239957,0.0250000014589282,1e-05,2.2478985421396504e-05,1.8563843170049817e-05,1.000000000000002e-05,1.000000000000002e-05,1.0000000000000016e-05,1.0000000000000014e-05,0.025000001432168854,1.0043981510567607e-05,0.02499999668922759,1.1704411186511804e-05,0.025000000880260356,1.219065918221283e-05,0.02500000019131861,1.000000000000005e-05,0.024999997379354842,1.4143848704009645e-05,0.025000001475308314,1.4270537179127666e-05
08-01-2021,0.025,0.0250000023522855,0.024999989142422,0.0250000022978748,0.0250000022978748,0.0250000024392329,0.0250000025040885,1e-05,2.6200264315607456e-05,-2.080965124484635e-05,1.0000000000000025e-05,1.0000000000000025e-05,1.0000000000000016e-05,1.0000000000000016e-05,0.025000000284765,0.0249948252175717,0.0249999964128909,0.0249999952777295,0.024999995274576,0.0249999970955743,0.0249999979000824,1.680742644236596e-05,3.273718778586471e-05,3.0053791039234704e-05,1.000000000000002e-05,1.000000000000002e-05,1.0000000000000016e-05,1.0000000000000016e-05,0.025,0.0249972433546834,0.0250000006034666,0.0250000021582322,0.0250000021582322,0.0250000021778071,0.0250000021746135,1e-05,3.1814223445326346e-05,1.5299044337763364e-05,1.000000000000002e-05,1.000000000000002e-05,1.0000000000000014e-05,1.0000000000000013e-05,0.025,0.0250000002163848,0.0250000001322952,0.0250000002275446,0.0250000002275446,0.0250000002279941,0.0250000002188363,1e-05,1.8655837954152084e-05,1.5156682263750352e-05,1.0000000000000025e-05,1.0000000000000025e-05,1.0000000000000018e-05,1.0002735612034838e-05,0.025,0.0249999963643189,0.0249999957551209,0.0249999966489342,0.0249999966489342,0.0249999967734364,0.0249999968789525,1e-05,3.15463672322561e-05,3.093655628328134e-05,1.0000000000000025e-05,1.000000000000002e-05,1.0000000000000016e-05,1.0477948648742592e-05,0.025,0.0249999971316281,0.0250000010125547,0.0250000014882123,0.0250000014882123,0.0250000015001334,0.0250000015457286,1e-05,2.3038468049022627e-05,2.001715844651285e-05,1.000000000000002e-05,1.000000000000002e-05,1.0000000000000016e-05,1.0000000000000016e-05,0.025000001304838298,9.834710744875134e-06,0.024999996349766906,1.187594293324332e-05,0.025000001003985757,1.2579749244794939e-05,0.02500000019967657,1.0000000000000053e-05,0.024999997090961727,1.4620930566811524e-05,0.025000001530401904,1.4641833575160905e-05
