date,Wisconsin-jh_beta_7_truth,Wisconsin-jh_beta_7_ARIMA_predications,Wisconsin-jh_beta_7_OLS_predications,Wisconsin-jh_beta_7_DT_predications,Wisconsin-jh_beta_7_RF_predications,Wisconsin-jh_beta_7_Bagged_DT_predications,Wisconsin-jh_beta_7_Bagged_RT_predications,Wisconsin-jh_gamma_7_truth,Wisconsin-jh_gamma_7_ARIMA_predications,Wisconsin-jh_gamma_7_OLS_predications,Wisconsin-jh_gamma_7_DT_predications,Wisconsin-jh_gamma_7_RF_predications,Wisconsin-jh_gamma_7_Bagged_DT_predications,Wisconsin-jh_gamma_7_Bagged_RT_predications,Wisconsin-jh_beta_14_truth,Wisconsin-jh_beta_14_ARIMA_predications,Wisconsin-jh_beta_14_OLS_predications,Wisconsin-jh_beta_14_DT_predications,Wisconsin-jh_beta_14_RF_predications,Wisconsin-jh_beta_14_Bagged_DT_predications,Wisconsin-jh_beta_14_Bagged_RT_predications,Wisconsin-jh_gamma_14_truth,Wisconsin-jh_gamma_14_ARIMA_predications,Wisconsin-jh_gamma_14_OLS_predications,Wisconsin-jh_gamma_14_DT_predications,Wisconsin-jh_gamma_14_RF_predications,Wisconsin-jh_gamma_14_Bagged_DT_predications,Wisconsin-jh_gamma_14_Bagged_RT_predications,Wisconsin-jh_beta_30_truth,Wisconsin-jh_beta_30_ARIMA_predications,Wisconsin-jh_beta_30_OLS_predications,Wisconsin-jh_beta_30_DT_predications,Wisconsin-jh_beta_30_RF_predications,Wisconsin-jh_beta_30_Bagged_DT_predications,Wisconsin-jh_beta_30_Bagged_RT_predications,Wisconsin-jh_gamma_30_truth,Wisconsin-jh_gamma_30_ARIMA_predications,Wisconsin-jh_gamma_30_OLS_predications,Wisconsin-jh_gamma_30_DT_predications,Wisconsin-jh_gamma_30_RF_predications,Wisconsin-jh_gamma_30_Bagged_DT_predications,Wisconsin-jh_gamma_30_Bagged_RT_predications,Wisconsin-cdc_beta_7_truth,Wisconsin-cdc_beta_7_ARIMA_predications,Wisconsin-cdc_beta_7_OLS_predications,Wisconsin-cdc_beta_7_DT_predications,Wisconsin-cdc_beta_7_RF_predications,Wisconsin-cdc_beta_7_Bagged_DT_predications,Wisconsin-cdc_beta_7_Bagged_RT_predications,Wisconsin-cdc_gamma_7_truth,Wisconsin-cdc_gamma_7_ARIMA_predications,Wisconsin-cdc_gamma_7_OLS_predications,Wisconsin-cdc_gamma_7_DT_predications,Wisconsin-cdc_gamma_7_RF_predications,Wisconsin-cdc_gamma_7_Bagged_DT_predications,Wisconsin-cdc_gamma_7_Bagged_RT_predications,Wisconsin-cdc_beta_14_truth,Wisconsin-cdc_beta_14_ARIMA_predications,Wisconsin-cdc_beta_14_OLS_predications,Wisconsin-cdc_beta_14_DT_predications,Wisconsin-cdc_beta_14_RF_predications,Wisconsin-cdc_beta_14_Bagged_DT_predications,Wisconsin-cdc_beta_14_Bagged_RT_predications,Wisconsin-cdc_gamma_14_truth,Wisconsin-cdc_gamma_14_ARIMA_predications,Wisconsin-cdc_gamma_14_OLS_predications,Wisconsin-cdc_gamma_14_DT_predications,Wisconsin-cdc_gamma_14_RF_predications,Wisconsin-cdc_gamma_14_Bagged_DT_predications,Wisconsin-cdc_gamma_14_Bagged_RT_predications,Wisconsin-cdc_beta_30_truth,Wisconsin-cdc_beta_30_ARIMA_predications,Wisconsin-cdc_beta_30_OLS_predications,Wisconsin-cdc_beta_30_DT_predications,Wisconsin-cdc_beta_30_RF_predications,Wisconsin-cdc_beta_30_Bagged_DT_predications,Wisconsin-cdc_beta_30_Bagged_RT_predications,Wisconsin-cdc_gamma_30_truth,Wisconsin-cdc_gamma_30_ARIMA_predications,Wisconsin-cdc_gamma_30_OLS_predications,Wisconsin-cdc_gamma_30_DT_predications,Wisconsin-cdc_gamma_30_RF_predications,Wisconsin-cdc_gamma_30_Bagged_DT_predications,Wisconsin-cdc_gamma_30_Bagged_RT_predications,Wisconsin-jh_beta_7_ensemble,Wisconsin-jh_gamma_7_ensemble,Wisconsin-jh_beta_14_ensemble,Wisconsin-jh_gamma_14_ensemble,Wisconsin-jh_beta_30_ensemble,Wisconsin-jh_gamma_30_ensemble,Wisconsin-cdc_beta_7_ensemble,Wisconsin-cdc_gamma_7_ensemble,Wisconsin-cdc_beta_14_ensemble,Wisconsin-cdc_gamma_14_ensemble,Wisconsin-cdc_beta_30_ensemble,Wisconsin-cdc_gamma_30_ensemble
07-02-2021,0.025,0.0249961584244707,0.025000000070606,0.0250000001096069,0.0250000001096069,0.0250000001082521,0.0250000001048792,1e-05,1.4470884890031342e-05,1.2777446064149e-05,1.000000000000002e-05,1.000000000000002e-05,1.0000000000000013e-05,1.0000000000000013e-05,0.025,0.0250000003622154,0.0249999994496397,0.0250000006517183,0.0250000006517183,0.0250000006799662,0.0250000006193665,1e-05,2.484742220968095e-05,1.0841488613658364e-05,1.0000000000000004e-05,1e-05,1e-05,1e-05,0.025000000030574,0.0250000008600377,0.0250000003601317,0.0250000008973109,0.0250000008973109,0.0250000008962856,0.025000000941645,1.0761306053604647e-05,1.836114853189232e-05,1.3123932466187031e-05,1.0000000000000004e-05,1e-05,1.0626610787308122e-05,1e-05,0.025,0.0249961584457741,0.0250000000706347,0.0250000001096071,0.0250000001096071,0.0250000001075768,0.0250000000992115,1e-05,1.4470895972423588e-05,1.277750677493956e-05,1.000000000000002e-05,1.000000000000002e-05,1.0000000000000014e-05,1.100656286339036e-05,0.025,0.0250000003622029,0.0249999994496357,0.0250000006516791,0.0250000006516791,0.0250000006485259,0.0250000006232988,1e-05,2.5151309095001297e-05,1.0841486773777251e-05,1.0000000000000004e-05,1e-05,1e-05,1e-05,0.0250000000335902,0.0250000008614758,0.0250000003603103,0.0250000008973448,0.0250000008973448,0.0250000008959833,0.0250000008982124,1.0786050069794324e-05,1.837015276349515e-05,1.3118214233172332e-05,1.0000000000000004e-05,1.0000000000000004e-05,1e-05,1e-05,0.025000000106937124,1.1607134554216062e-05,0.025000000494488545,1.0529908593218106e-05,0.025000000992596978,1.0000000000000023e-05,0.025000000107219394,1.1326342185477346e-05,0.025000000494606583,1.0000000000000011e-05,0.025000000997028628,1.0000000000000006e-05
07-03-2021,0.025,0.024995154013423,0.0250000000500249,0.0250000001096069,0.0250000001096069,0.0250000001087789,0.0250000001096889,1e-05,1.4470884890031354e-05,1.2399130925339756e-05,1.000000000000002e-05,1.000000000000002e-05,1.0000000000000014e-05,1.0000000000000014e-05,0.025,0.0250000003793464,0.0249999982000235,0.0250000006517183,0.0250000006517183,0.0250000006863154,0.0250000006472341,1e-05,3.058278454586999e-05,3.954834533361493e-06,1.0000000000000004e-05,1e-05,1.1071067470831091e-05,1.0000000000000004e-05,0.025,0.0250000008709434,0.0249999999552036,0.0250000008973109,0.0250000008973109,0.0250000009358544,0.0250000009324493,1e-05,1.8455196960033747e-05,9.480112115599e-06,1.0000000000000004e-05,1e-05,1.0125322157461624e-05,1.01420050534086e-05,0.025,0.0249951540135404,0.0250000000500218,0.0250000001096071,0.0250000001096071,0.025000000100828,0.0250000001031123,1e-05,1.44708959724236e-05,1.2399273171728904e-05,1.000000000000002e-05,1.000000000000002e-05,1.0000000000000013e-05,1.0704594004373256e-05,0.025,0.025000000379333,0.0249999981999684,0.0250000006516791,0.0250000006516791,0.0250000007256313,0.0250000006276045,1e-05,3.064126314866204e-05,3.953997186764485e-06,1.0000000000000004e-05,1.0000000000000004e-05,1.0805996419073949e-05,1.048933955993854e-05,0.025,0.0250000008723317,0.024999999956105,0.0250000008973448,0.0250000008973448,0.0250000008522039,0.0250000008646669,1e-05,1.8463859764401e-05,9.486720437657838e-06,1.0000000000000004e-05,1.0000000000000004e-05,1.0324277767578244e-05,1e-05,0.025000000100852845,1.1575729925911633e-05,0.02500000030026183,1.0694630992900431e-05,0.02500000095468102,1.0000000000000018e-05,0.025000000099328068,1.1185536199223887e-05,0.025000000303741197,1.000000000000002e-05,0.02500000093970335,1.0000000000000008e-05
07-04-2021,0.025,0.0249951272324149,0.0250000001051576,0.0250000001096069,0.0250000001096069,0.0250000001026224,0.0250000001004142,1e-05,1.4470884890031332e-05,1.354865311608243e-05,1.000000000000002e-05,1.000000000000002e-05,1.0000000000000014e-05,1.0000000000000014e-05,0.025,0.025000000395562,0.0250000002873225,0.0250000006517183,0.0250000006517183,0.0250000006579344,0.0250000006094348,1e-05,3.238505051336444e-05,1.5715985704248606e-05,1.0000000000000004e-05,1e-05,1.1700205467446676e-05,1.066336430153606e-05,0.025,0.0250000008813855,0.0250000004432434,0.0250000008973109,0.0250000008973109,0.0250000009052801,0.0250000008488335,1e-05,1.8545153440044724e-05,1.4070335579641907e-05,1.0000000000000004e-05,1.0000000000000004e-05,1.0497948062252091e-05,1.0156205558749464e-05,0.025,0.0249951272325324,0.0250000001051474,0.0250000001096071,0.0250000001096071,0.0250000001066314,0.0250000001118605,1e-05,1.447089597242358e-05,1.3549280995352271e-05,1.000000000000002e-05,1.000000000000002e-05,1.0000000000000013e-05,1.0312034487651022e-05,0.025,0.0250000003955478,0.0250000002870302,0.0250000006516791,0.0250000006516791,0.0250000007034,0.025000000734813,1e-05,3.2871577954589214e-05,1.571007909703789e-05,1.0000000000000004e-05,1e-05,1.21754203674248e-05,1.009786791198771e-05,0.025,0.0250000008827186,0.0250000004454602,0.0250000008973448,0.0250000008973448,0.0250000009392195,0.0250000009160218,1e-05,1.8553452984971077e-05,1.40902077730631e-05,1.0000000000000004e-05,1e-05,1.0751455931170531e-05,1.0000000000000004e-05,0.02500000010359086,1.1671157595032236e-05,0.025000000632091852,1.1154871869634008e-05,0.02500000099022244,1.0000000000000031e-05,0.025000000108830144,1.1080486838458174e-05,0.02500000066644337,1.0000000000000021e-05,0.025000001021122317,1.0000000000000013e-05
07-05-2021,0.025,0.0249951005885865,0.0250000001058361,0.0250000001096069,0.0250000001096069,0.0250000001050837,0.0250000001095504,1e-05,1.4470884890031364e-05,1.393342132169524e-05,2.006370029765241e-05,2.006370029765241e-05,1.5031850148826214e-05,1.402548011906097e-05,0.025,0.0250000004109029,0.0249999996901383,0.0250000006517183,0.0250000006517183,0.0250000006786194,0.0250000006204869,1e-05,3.001999336120159e-05,1.397992552374782e-05,1.0000000000000004e-05,1e-05,1.1839535552652863e-05,1.0199009290460818e-05,0.025,0.0250000008915,0.0250000005451308,0.0250000008973109,0.0250000008973109,0.0250000009126676,0.0250000009106794,1e-05,1.8631566838163e-05,1.4874200809769644e-05,1.0000000000000006e-05,1.0000000000000006e-05,1.042122354542969e-05,1.0101770288276164e-05,0.025,0.0249951005887041,0.0250000001058493,0.0250000001096071,0.0250000001096071,0.0250000001043658,0.0250000001068592,1e-05,1.4470895972423612e-05,1.393390523991931e-05,2.006562863390348e-05,1.000000000000002e-05,1.603937718034209e-05,1.4228570589102856e-05,0.025,0.0250000004108879,0.0249999996899698,0.0250000006516791,0.0250000006516791,0.025000000650311,0.0250000006293419,1e-05,2.4123653933475525e-05,1.3976957551086128e-05,1.0000000000000004e-05,1e-05,1.1329509109434583e-05,1.188040160286624e-05,0.025,0.0250000008927741,0.0250000005463239,0.0250000008973448,0.0250000008973448,0.0250000008832811,0.0250000009166851,1e-05,1.8639496395652927e-05,1.488682016402912e-05,1.0000000000000006e-05,1.0000000000000004e-05,1.0531461041712636e-05,1e-05,0.025000000106091415,1.6109397877053594e-05,0.025000000543089547,1.0991158261178162e-05,0.02500000101583487,1.0000000000000028e-05,0.02500000010716948,1.442888008923648e-05,0.02500000054527998,1.000000000000003e-05,0.025000001024073355,1.000000000000001e-05
07-06-2021,0.025,0.0249950740807454,0.0249999999322186,0.0250000001096069,0.0250000001096069,0.0250000001063518,0.0250000001103415,1e-05,1.4470884890031355e-05,7.578515143887021e-06,2.006370029765241e-05,1.000000000000002e-05,1.2012740059530492e-05,1.0000000000000013e-05,0.025,0.0250000004254096,0.0249999994264475,0.0250000006517183,0.0250000006517183,0.0250000005905687,0.0250000005587544,1e-05,2.3785830266315724e-05,-2.924306357187517e-07,1.0000000000000006e-05,1.0000000000000006e-05,1.1397175555799808e-05,1.0039801858092165e-05,0.025,0.0250000009014378,0.0249999994673201,0.0250000008973109,0.0250000008973109,0.0250000008220622,0.0250000009117428,1e-05,1.871549083603535e-05,5.0315209916456174e-06,1.0000000000000006e-05,1.0000000000000006e-05,1.0334554967249743e-05,1.0050885144138082e-05,0.025,0.0249950740808631,0.0249999999321805,0.0250000001096071,0.0250000001096071,0.0250000001069489,0.0250000001026782,1e-05,1.4470895972423602e-05,7.578559240332267e-06,2.006562863390348e-05,2.006562863390348e-05,1.1811813154102635e-05,1.0273785098842188e-05,0.025,0.0250000004253938,0.0249999994264936,0.0250000006516791,0.0250000006516791,0.0250000005805437,0.0250000006208768,1e-05,2.860518421772153e-05,-2.9254643048358744e-07,1.0000000000000006e-05,1.0000000000000006e-05,1.1710594179542897e-05,1.0679470847735144e-05,0.025,0.0250000009026478,0.0249999994674075,0.0250000008973448,0.0250000008973448,0.0250000008639528,0.0250000007990979,1e-05,1.872303567617007e-05,5.032579173420461e-06,1.0000000000000006e-05,1e-05,1.0410472242883748e-05,1e-05,0.025000000086630548,1.2428872549633129e-05,0.02500000047902404,1.0597699237975427e-05,0.02500000088105772,1.000000000000002e-05,0.025000000086523595,1.3603598769819403e-05,0.025000000492132666,1.0000000000000021e-05,0.025000000880446047,1.0000000000000008e-05
07-07-2021,0.025,0.0249950477077083,0.0249999998931404,0.0250000001096069,0.0250000001096069,0.0250000001102052,0.0250000001125278,1e-05,1.447088489003133e-05,6.0490640091050325e-06,2.006370029765241e-05,1.000000000000002e-05,1.090573302678873e-05,1.0805096023812204e-05,0.025,0.025000000439146,0.0249999995004227,0.0250000006517183,0.0250000006517183,0.025000000547554,0.0250000006663419,1e-05,2.444839262258246e-05,-1.9581396866110573e-06,1.0000000000000006e-05,1.0000000000000006e-05,1.1217837635198892e-05,1.0025026018566707e-05,0.025,0.0250000009104094,0.0249999992861576,0.0250000008973109,0.0250000008973109,0.0250000008879948,0.0250000009446195,1e-05,1.8792315049224805e-05,3.4103616649615656e-06,1.0000000000000006e-05,1.0000000000000006e-05,1.0230214354941027e-05,1.0068635775814156e-05,0.025,0.0249950477078261,0.0249999998931374,0.0250000001096071,0.0250000001096071,0.0250000001049326,0.0250000001050968,1e-05,1.4470895972423578e-05,6.049057788162435e-06,2.006562863390348e-05,1.000000000000002e-05,1.1087087892461586e-05,1.01827918159917e-05,0.025,0.0250000004391294,0.0249999995004441,0.0250000006516791,0.0250000006516791,0.0250000006189267,0.0250000007121088,1e-05,3.2147783374471075e-05,-1.958153997264414e-06,1.0000000000000006e-05,1.0000000000000006e-05,1.1529674627449106e-05,1.072239050089385e-05,0.025,0.0250000009115662,0.0249999992860628,0.0250000008973448,0.0250000008973448,0.0250000008518992,0.0250000008972469,1e-05,1.8799531283277515e-05,3.4097410425322494e-06,1.0000000000000006e-05,1.0000000000000006e-05,1.0343956106542224e-05,1.0000000000000004e-05,0.025000000083394078,1.2266567244987241e-05,0.02500000050460777,1.05540149064467e-05,0.0250000008801727,1.000000000000002e-05,0.025000000081953033,1.1299236244032139e-05,0.025000000527752805,1.0000000000000021e-05,0.025000000877212998,1.000000000000001e-05
07-08-2021,0.025,0.0249950214683012,0.0249999999362253,0.0250000001096069,0.0250000001096069,0.0250000001146293,0.0250000001092161,1e-05,1.4470884890031364e-05,7.505846478012782e-06,2.006370029765241e-05,1.000000000000002e-05,1.1469300243457265e-05,1.0161019204762448e-05,0.025,0.0250000004521547,0.0249999998294346,0.0250000006517183,0.0250000006517183,0.0250000006822785,0.0250000006184096,1e-05,2.6124975722369846e-05,1.537175164976947e-06,1.0000000000000006e-05,1.0000000000000006e-05,1.1306190788722043e-05,1.0053786333457696e-05,0.025,0.0250000009194332,0.0249999995552078,0.0250000008973109,0.0250000008973109,0.0250000009037429,0.0250000009168946,1e-05,1.8868700925185118e-05,5.802386390600135e-06,1.0000000000000008e-05,1.0000000000000008e-05,1.0288899758709532e-05,1.0108894208455495e-05,0.025,0.0249950214684191,0.0249999999362238,0.0250000001096071,0.0250000001096071,0.0250000001131034,0.0250000001086251,1e-05,1.4470895972423609e-05,7.505928783291694e-06,2.006562863390348e-05,1.000000000000002e-05,1.1304505470953902e-05,1.0192052194334888e-05,0.025,0.0250000004521374,0.0249999998294103,0.0250000006516791,0.0250000006516791,0.0250000007137771,0.0250000006387013,1e-05,2.5332945367290507e-05,1.5368288790135014e-06,1.0000000000000006e-05,1.0000000000000004e-05,1.1203723150157834e-05,1.0581439029084904e-05,0.025,0.0250000009205245,0.024999999555333,0.0250000008973448,0.0250000008973448,0.0250000008698032,0.0250000009230246,1e-05,1.8875532236049814e-05,5.804107169353999e-06,1.0000000000000008e-05,1.0000000000000006e-05,1.0305848184334456e-05,1.0000000000000004e-05,0.025000000088450082,1.2328956897969424e-05,0.025000000574031588,1.0646733579136261e-05,0.025000000909514406,1.0000000000000025e-05,0.025000000089425097,1.1420907019098352e-05,0.02500000058799401,1.0000000000000021e-05,0.02500000091668165,1.000000000000001e-05
07-09-2021,0.025,0.0249949953613595,0.0249999999711483,0.0250000001096069,0.0250000001096069,0.0250000001139497,0.0250000001061605,1e-05,1.4470884890031337e-05,8.720166087707211e-06,2.006370029765241e-05,1.000000000000002e-05,1.129620459833764e-05,1.0177121125238692e-05,0.025,0.0250000004644519,0.0250000004489447,0.0250000006517183,0.0250000006517183,0.0250000006126479,0.0250000006861103,1e-05,2.7819770671284418e-05,4.211022588216946e-06,1.0000000000000008e-05,1.0000000000000006e-05,1.1127028713005849e-05,1.001226517596091e-05,0.025,0.0250000009279978,0.0249999996812289,0.0250000008973109,0.0250000008973109,0.0250000008647793,0.0250000009074044,1e-05,1.894108236290553e-05,6.85775153575624e-06,1.0000000000000008e-05,1.0000000000000008e-05,1.0240113728797254e-05,1.0103732324764094e-05,0.025,0.0249949953614775,0.02499999997111,0.0250000001096071,0.0250000001096071,0.0250000001076771,0.0250000001084386,1e-05,1.4470895972423583e-05,8.720192449699227e-06,2.006562863390348e-05,1.000000000000002e-05,1.111607690292723e-05,1.0328850797888724e-05,0.025,0.0250000004644338,0.0250000004489644,0.0250000006516791,0.0250000006516791,0.025000000672136,0.0250000007121317,1e-05,2.397336182080058e-05,4.211141181372207e-06,1.0000000000000008e-05,1e-05,1.121014266336893e-05,1.0552078655488593e-05,0.025,0.0250000009290294,0.0249999996811074,0.0250000008973448,0.0250000008973448,0.0250000009574578,0.0250000009321237,1e-05,1.894756263225483e-05,6.8585083918193054e-06,1.0000000000000008e-05,1.0000000000000008e-05,1.0331296187858084e-05,1.0000000000000004e-05,0.025000000091481806,1.2388342796100883e-05,0.025000000677278623,1.0668040201110324e-05,0.025000000916267643,1.0000000000000023e-05,0.02500000009210269,1.1492024155403644e-05,0.025000000698288977,1.0000000000000018e-05,0.02500000094965039,1.000000000000001e-05
07-10-2021,0.025,0.0249949693857282,0.0249999999633658,0.0250000001096069,0.0250000001096069,0.0250000001019894,0.0250000001134858,1e-05,1.4470884890031367e-05,8.75370123811078e-06,2.006370029765241e-05,1.000000000000002e-05,1.2071512069268785e-05,1.0103454839059872e-05,0.025,0.0250000004760628,0.0249999997349695,0.0250000006517183,0.0250000006517183,0.0250000006510072,0.0250000005980455,1e-05,2.672824805675188e-05,-2.625734763644916e-08,1.0000000000000008e-05,1.0000000000000006e-05,1.2314590042414368e-05,1.0205862773772826e-05,0.025,0.0250000009363158,0.0249999994630039,0.0250000008973109,0.0250000008973109,0.0250000009152158,0.0250000008671163,1e-05,1.9008289404655827e-05,4.83590561034964e-06,1.0000000000000008e-05,1.0000000000000006e-05,1.0358333861471246e-05,1.0109487848747516e-05,0.025,0.0249949693858463,0.0249999999633426,0.0250000001096071,0.0250000001096071,0.0250000001115301,0.0250000001127057,1e-05,1.447089597242362e-05,8.753566926407962e-06,2.006562863390348e-05,1.000000000000002e-05,1.1321898877233286e-05,1.0621847491062522e-05,0.025,0.025000000476044,0.0249999997349703,0.0250000006516791,0.0250000006516791,0.0250000006730558,0.0250000006566696,1e-05,3.0766536396822606e-05,-2.535430803111624e-08,1.0000000000000008e-05,1.0000000000000008e-05,1.154077473874735e-05,1.0715654481718486e-05,0.025,0.0250000009373194,0.024999999463627,0.0250000008973448,0.0250000008973448,0.0250000008602406,0.0250000009100795,1e-05,1.9014422804523744e-05,4.839978539269117e-06,1.0000000000000008e-05,1.0000000000000006e-05,1.04167135898629e-05,1.0000000000000004e-05,0.025000000089372854,1.2576044079213091e-05,0.025000000555074915,1.0834564498667684e-05,0.025000000895077274,1.0000000000000023e-05,0.02500000009287833,1.1658899947464389e-05,0.025000000573525964,1.0000000000000025e-05,0.025000000905168775,1.000000000000001e-05
07-11-2021,0.025,0.0249949435402621,0.0249999999157965,0.0250000001096069,0.0250000001096069,0.0250000001111848,0.0250000001046689,1e-05,1.4470884890031332e-05,7.062878534762687e-06,2.006370029765241e-05,1.000000000000002e-05,1.1788118268886891e-05,1.017350686873524e-05,0.025,0.0250000004870359,0.0249999995780889,0.0250000006517183,0.0250000006517183,0.0250000006216868,0.0250000006705357,1e-05,2.635976935258653e-05,-3.856455889390039e-06,1.0000000000000008e-05,1.0000000000000006e-05,1.1773501776565636e-05,1.0217522033943956e-05,0.025,0.0250000009428956,0.0249999991632596,0.0250000008973109,0.0250000008973109,0.0250000009058892,0.0250000008871758,1e-05,1.9072174409782403e-05,2.1179458963120623e-06,1.000000000000001e-05,1.0000000000000006e-05,1.027350735949316e-05,1.0084608251768128e-05,0.025,0.0249949435403802,0.0249999999157681,0.0250000001096071,0.0250000001096071,0.025000000110982,0.0250000001047382,1e-05,1.447089597242358e-05,7.062655587130109e-06,2.006562863390348e-05,1.000000000000002e-05,1.133204503089626e-05,1.0689823667363768e-05,0.025,0.0250000004870164,0.0249999995781882,0.0250000006516791,0.0250000006516791,0.0250000006289462,0.0250000006610399,1e-05,2.7872256318042512e-05,-3.8553128349984485e-06,1.0000000000000008e-05,1.0000000000000008e-05,1.186774107546129e-05,1.047297959865086e-05,0.025,0.0250000009438444,0.0249999991645557,0.0250000008973448,0.0250000008973448,0.0250000008877286,0.0250000008599867,1e-05,1.9077992902576656e-05,2.1249742110495545e-06,1.000000000000001e-05,1.0000000000000008e-05,1.0505151457830673e-05,1.0000000000000004e-05,0.02500000008396968,1.2382204395944917e-05,0.025000000538987016,1.0697714686770794e-05,0.0250000008646756,1.0000000000000021e-05,0.0250000000853382,1.1608502703607141e-05,0.02500000054346396,1.0000000000000023e-05,0.025000000868769388,1.000000000000001e-05
07-12-2021,0.025,0.0249949178238257,0.0249999998901526,0.0250000001096069,0.0250000001096069,0.0250000001087758,0.0250000001185874,1e-05,1.4470884890031355e-05,5.740308951667807e-06,2.006370029765241e-05,1.000000000000002e-05,1.1457545841509604e-05,1.0172658161690977e-05,0.025,0.0250000004973937,0.0249999998911361,0.0250000006517183,0.0250000006517183,0.0250000007162748,0.0250000005522178,1e-05,2.612499705302756e-05,-2.173864988561959e-06,1.000000000000001e-05,1.0000000000000008e-05,1.1418192559087858e-05,1.011443217867054e-05,0.025,0.0250000009522701,0.0249999992634395,0.0250000008973109,0.0250000008973109,0.0250000009183072,0.0250000008680761,1e-05,1.913998760240347e-05,3.1361332703920557e-06,1.000000000000001e-05,1.0000000000000006e-05,1.0273188056223632e-05,1.0090026221377078e-05,0.025,0.0249949178239439,0.0249999998901473,0.0250000001096071,0.0250000001096071,0.0250000001093801,0.0250000001136307,1e-05,1.4470895972423604e-05,5.740373959593065e-06,2.006562863390348e-05,1.000000000000002e-05,1.127935577883862e-05,1.0269399101821249e-05,0.025,0.0250000004973735,0.0249999998911254,0.0250000006516791,0.0250000006516791,0.0250000005949601,0.0250000006773254,1e-05,2.2483363092820643e-05,-2.1744138946483416e-06,1.000000000000001e-05,1e-05,1.1274343224481286e-05,1.0563381897062683e-05,0.025,0.0250000009531117,0.0249999992634364,0.0250000008973448,0.0250000008973448,0.0250000008419268,0.0250000008906775,1e-05,1.9145403717569694e-05,3.1367461400949592e-06,1.000000000000001e-05,1e-05,1.0374688895227622e-05,1.0000000000000004e-05,0.02500000008342121,1.218305520511329e-05,0.02500000058740938,1.0632418407492605e-05,0.02500000087619097,1.0000000000000023e-05,0.025000000083859535,1.1362870565538138e-05,0.025000000594616982,1.0000000000000018e-05,0.025000000878615373,1.000000000000001e-05
07-13-2021,0.025,0.0249948922352937,0.0249999999013784,0.0250000001096069,0.0250000001096069,0.0250000001047965,0.0250000001121586,1e-05,1.4470884890031338e-05,6.001981837736384e-06,2.006370029765241e-05,1.000000000000002e-05,1.165581818112054e-05,1.012754683302413e-05,0.025,0.0250000005071776,0.0250000002293887,0.0250000006517183,0.0250000006517183,0.0250000007186769,0.0250000006663163,1e-05,2.680916626341314e-05,-1.1632246257843247e-07,1.000000000000001e-05,1.0000000000000006e-05,1.1375945606805042e-05,1.0080708003092751e-05,0.025,0.0250000009596862,0.024999999401114,0.0250000008973109,0.0250000008973109,0.025000000920589,0.0250000009180301,1e-05,1.9199297126953667e-05,4.390837450514266e-06,1.000000000000001e-05,1.000000000000001e-05,1.0292816514655716e-05,1.0098858160440913e-05,0.025,0.024994892235412,0.0249999999013563,0.0250000001096071,0.0250000001096071,0.025000000105817,0.0250000001076118,1e-05,1.4470895972423588e-05,6.002071531587688e-06,2.006562863390348e-05,1.000000000000002e-05,1.1266120081122754e-05,1.0307977448794672e-05,0.025,0.0250000005071567,0.0250000002293633,0.0250000006516791,0.0250000006516791,0.0250000006932442,0.0250000006453208,1e-05,2.0092076206417645e-05,-1.171811215465793e-07,1.000000000000001e-05,1.000000000000001e-05,1.1279233320367551e-05,1.0525718845029673e-05,0.025,0.0250000009604655,0.0249999994012141,0.0250000008973448,0.0250000008973448,0.0250000009062578,0.0250000008582578,1e-05,1.9204415772248645e-05,4.392641101424316e-06,1.000000000000001e-05,1.000000000000001e-05,1.0352537783427082e-05,1.0000000000000004e-05,0.025000000082272947,1.2243482236781794e-05,0.025000000663421215,1.0653832316038439e-05,0.025000000902265094,1.0000000000000023e-05,0.025000000082908737,1.1388030895092843e-05,0.025000000662933945,1.0000000000000021e-05,0.025000000901016135,1.000000000000001e-05
07-14-2021,0.025,0.0249948667735508,0.0249999998548795,0.0250000001096069,0.0250000001096069,0.0250000001054436,0.0250000001015883,1e-05,1.4470884890031355e-05,4.614676577001896e-06,2.006370029765241e-05,1.000000000000002e-05,1.162412262412442e-05,1.0148868106850802e-05,0.025,0.0250000005164124,0.0249999995029966,0.0250000006517183,0.0250000006517183,0.025000000608776,0.0250000006114059,1e-05,2.6588486572733324e-05,-7.199063198599399e-06,1.000000000000001e-05,1.0000000000000008e-05,1.13624132563674e-05,1.0097436340874784e-05,0.025,0.0250000009661308,0.0249999989352336,0.0250000008973109,0.0250000008973109,0.0250000008630381,0.025000000904191,1e-05,1.9252691811628462e-05,1.023848959355242e-07,1.000000000000001e-05,1.0000000000000008e-05,1.027633713986213e-05,1.0091932755607733e-05,0.025,0.0249948667736691,0.0249999998548883,0.0250000001096071,0.0250000001096071,0.025000000104745,0.0250000001155012,1e-05,1.4470895972423602e-05,4.614738941906803e-06,2.006562863390348e-05,1.000000000000002e-05,1.1277023983936972e-05,1.0288630289234523e-05,0.025,0.0250000005163909,0.0249999995030419,0.0250000006516791,0.0250000006516791,0.025000000675759,0.025000000662096,1e-05,2.366382086479641e-05,-7.198858034077309e-06,1.0000000000000013e-05,1.0000000000000008e-05,1.1367070577879442e-05,1.0600233959468896e-05,0.025,0.0250000009668614,0.0249999989351601,0.0250000008973448,0.0250000008973448,0.025000000922556,0.0250000009129395,1e-05,1.9257563349984045e-05,1.0135367951684406e-07,1.0000000000000013e-05,1.000000000000001e-05,1.0364602147073905e-05,1.0000000000000004e-05,0.02500000007468294,1.2126756177129089e-05,0.025000000520780673,1.0560605255725808e-05,0.025000000838462592,1.0000000000000023e-05,0.025000000078905654,1.131670021659065e-05,0.025000000544336785,1.0000000000000023e-05,0.025000000862836314,1.000000000000001e-05
07-15-2021,0.025,0.0249948414374917,0.024999999923806,0.0250000001096069,0.0250000001096069,0.0250000001052497,0.0250000001169519,1e-05,1.4470884890031354e-05,7.013240127083306e-06,2.0063700297652408e-05,1.000000000000002e-05,1.2216277834483296e-05,1.0229917860352274e-05,0.025,0.0250000005251338,0.0249999996836223,0.0250000006517183,0.0250000006517183,0.025000000629442,0.0250000005489578,1e-05,2.697398863624217e-05,2.990030966527543e-07,1.000000000000001e-05,1.0000000000000013e-05,1.1292567234716473e-05,1.0124026827292634e-05,0.025,0.0250000009721221,0.0249999994945664,0.0250000008973109,0.0250000008973109,0.0250000008796834,0.0250000008944751,1e-05,1.9302575036692683e-05,5.227737811470783e-06,1.0000000000000013e-05,1.0000000000000013e-05,1.0269384871631402e-05,1.00952100670929e-05,0.025,0.0249948414376102,0.0249999999237777,0.0250000001096071,0.0250000001096071,0.0250000001064056,0.025000000110997,1e-05,1.4470895972423604e-05,7.013327293787716e-06,2.006562863390348e-05,1.000000000000002e-05,1.1302555645880575e-05,1.0412998670206984e-05,0.025,0.0250000005251117,0.0249999996836115,0.0250000006516791,0.0250000006516791,0.0250000006669502,0.0250000006599665,1e-05,2.4639764822729935e-05,2.985251046916382e-07,1.000000000000001e-05,1e-05,1.132599183818791e-05,1.0528265793909644e-05,0.025,0.0250000009728157,0.024999999494701,0.0250000008973448,0.0250000008973448,0.0250000009005559,0.0250000009365813,1e-05,1.930722457035103e-05,5.22988987934972e-06,1.0000000000000013e-05,1.0000000000000004e-05,1.0389142379347504e-05,1.0000000000000004e-05,0.025000000085731378,1.2511935128125287e-05,0.025000000544865352,1.066057145632255e-05,0.025000000903127945,1.0000000000000028e-05,0.025000000086148326,1.1486949720589211e-05,0.025000000574250714,1.0000000000000018e-05,0.02500000092663097,1.0000000000000013e-05
07-16-2021,0.025,0.0249948162260215,0.0249999999724874,0.0250000001096069,0.0250000001096069,0.0250000001063472,0.0250000001106088,1e-05,1.4470884890031328e-05,8.823194737845458e-06,2.0063700297652408e-05,1.000000000000002e-05,1.1788539301903502e-05,1.0233353169371406e-05,0.025,0.0250000005333692,0.0250000003134267,0.0250000006517183,0.0250000006517183,0.0250000006650616,0.0250000006664836,1e-05,2.6730385570655542e-05,3.4263071844167423e-06,1.0000000000000013e-05,1.0000000000000008e-05,1.1785456684066087e-05,1.0142965904385574e-05,0.025,0.0250000009776213,0.0249999996725408,0.0250000008973109,0.0250000008973109,0.0250000008891384,0.0250000009582879,1e-05,1.934958275668682e-05,6.738952755979202e-06,1.0000000000000013e-05,1.000000000000001e-05,1.0284834679158905e-05,1.0108402756642545e-05,0.025,0.0249948162261401,0.0249999999724394,0.0250000001096071,0.0250000001096071,0.0250000001121841,0.0250000001161711,1e-05,1.4470895972423568e-05,8.823173518628102e-06,2.006562863390348e-05,1.000000000000002e-05,1.1297125480044724e-05,1.0551903197980556e-05,0.025,0.0250000005333464,0.0250000003134572,0.0250000006516791,0.0250000006516791,0.0250000007531255,0.0250000006214459,1e-05,2.396709636168516e-05,3.426907399369135e-06,1.0000000000000013e-05,1.000000000000001e-05,1.1556369123296867e-05,1.0623920923679842e-05,0.025,0.0250000009782821,0.0249999996724657,0.0250000008973448,0.0250000008973448,0.0250000008687636,0.0250000009184889,1e-05,1.935402296766835e-05,6.739790567979534e-06,1.0000000000000013e-05,1.000000000000001e-05,1.0433747873801904e-05,1.0000000000000004e-05,0.02500000009001754,1.2547976493735165e-05,0.025000000673776945,1.0779782052095888e-05,0.02500000093718739,1.0000000000000028e-05,0.025000000094107338,1.1628205672579753e-05,0.025000000687631814,1.0000000000000026e-05,0.025000000938384243,1.0000000000000013e-05
07-17-2021,0.025,0.0249947911380556,0.0249999999110538,0.0250000001096069,0.0250000001096069,0.0250000001032225,0.0250000001104292,1e-05,1.4470884890031384e-05,6.800704559509208e-06,2.0063700297652408e-05,1.0000000000000014e-05,1.2047948130787564e-05,1.096136564734609e-05,0.025,0.025000000541146,0.0249999992974933,0.0250000006517183,0.0250000006517183,0.0250000007395229,0.0250000006359542,1e-05,2.7211323885094564e-05,-4.501686250225553e-06,1.0000000000000013e-05,1.0000000000000013e-05,1.1820679346895338e-05,1.022853376942604e-05,0.025,0.0250000009828864,0.024999999145604,0.0250000008973109,0.0250000008973109,0.0250000009062425,0.0250000009166512,1e-05,1.939423214056781e-05,1.967447832560386e-06,1.0000000000000013e-05,1.0000000000000013e-05,1.0321025962369456e-05,1.010741919913865e-05,0.025,0.0249947911381742,0.0249999999110768,0.0250000001096071,0.0250000001096071,0.0250000001086189,0.0250000001050035,1e-05,1.4470895972423634e-05,6.800766011030163e-06,2.0065628633903472e-05,1.000000000000002e-05,1.1274142409234366e-05,1.057911619363502e-05,0.025,0.0250000005411226,0.0249999992975484,0.0250000006516791,0.0250000006516791,0.0250000006089551,0.025000000715525,1e-05,2.7072821631631967e-05,-4.501388854640832e-06,1.0000000000000013e-05,1.000000000000001e-05,1.1835044441789896e-05,1.0441064546916523e-05,0.025,0.0250000009835104,0.0249999991468118,0.0250000008973448,0.0250000008973448,0.0250000008505402,0.025000000883305,1e-05,1.939846710608986e-05,1.9751103785114327e-06,1.0000000000000013e-05,1.0000000000000013e-05,1.0501050460090237e-05,1.0000000000000004e-05,0.025000000082148602,1.2687888776384883e-05,0.02500000051687133,1.0712631572570333e-05,0.025000000874781016,1.000000000000003e-05,0.02500000008358959,1.1538058818141405e-05,0.025000000513208043,1.0000000000000026e-05,0.025000000870879103,1.0000000000000014e-05
07-18-2021,0.025,0.0249951699079758,0.0249999999352185,0.0250000001096069,0.0250000001096069,0.02500000011062,0.0250000001165274,1e-05,1.4470884890031316e-05,7.601623626927317e-06,2.0063700297652405e-05,2.006370029765241e-05,1.1709449739750831e-05,1.1115064959542514e-05,0.025,0.0250000005484894,0.024999999850846,0.0250000006517183,0.0250000006517183,0.0250000007243298,0.0250000006759112,1e-05,2.700330841072631e-05,1.823886894521988e-06,1.0000000000000013e-05,1.0000000000000013e-05,1.1759867651167744e-05,1.0150072948634668e-05,0.025,0.0250000009878742,0.0249999994405141,0.0250000008973109,0.0250000008973109,0.0250000009735783,0.0250000008722745,1e-05,1.943606293942906e-05,4.801204652938283e-06,1.0000000000000013e-05,1.0000000000000013e-05,1.0304065551565071e-05,1.0100079823810171e-05,0.025,0.0249951699080898,0.0249999999352013,0.0250000001096071,0.0250000001096071,0.0250000001162596,0.025000000106142,1e-05,1.4470895972423558e-05,7.6014727852166675e-06,2.006562863390348e-05,1.000000000000002e-05,1.1350165787108486e-05,1.0332905022501777e-05,0.025,0.0250000005484654,0.0249999998508249,0.0250000006516791,0.0250000006516791,0.0250000006073482,0.0250000005895215,1e-05,2.801917832449826e-05,1.823478262360026e-06,1.0000000000000013e-05,1.000000000000001e-05,1.1435874368779294e-05,1.0644995683390392e-05,0.025,0.0250000009884639,0.0249999994421211,0.0250000008973448,0.0250000008973448,0.0250000009165168,0.0250000008612707,1e-05,1.944010610682572e-05,4.811794142086691e-06,1.0000000000000013e-05,1.0000000000000006e-05,1.0452996562741384e-05,1.0000000000000004e-05,0.02500000008975583,1.3737425474343287e-05,0.025000000612431933,1.0760993323722147e-05,0.025000000912613066,1.0000000000000028e-05,0.025000000090174942,1.1492976555013393e-05,0.02500000058589018,1.0000000000000028e-05,0.025000000912655543,1.0000000000000013e-05
07-19-2021,0.025,0.024995147614262,0.0249999999012714,0.0250000001096069,0.0250000001096069,0.0250000001028333,0.0250000001056278,1e-05,1.4470884890031393e-05,6.1837594992507e-06,2.0063700297652408e-05,1.000000000000002e-05,1.1625152535161918e-05,1.0441328154979366e-05,0.025,0.0250000005554233,0.0249999996392322,0.0250000006517183,0.0250000006517183,0.0250000006905848,0.0250000005910497,1e-05,2.7446314036685644e-05,-1.77759236520518e-06,1.0000000000000013e-05,1.000000000000001e-05,1.1491138953789256e-05,1.0114817763123803e-05,0.025,0.0250000009924372,0.024999999335557,0.0250000008973109,0.0250000008973109,0.0250000008805737,0.025000000821223,1e-05,1.947505442742957e-05,3.79053728283979e-06,1.0000000000000013e-05,1.0000000000000013e-05,1.0268305106580907e-05,1.009973640527054e-05,0.025,0.024995147614376,0.0249999999012341,0.0250000001096071,0.0250000001096071,0.0250000001069668,0.025000000109145,1e-05,1.4470895972423644e-05,6.183874130142285e-06,2.006562863390348e-05,1.0000000000000025e-05,1.1290007637989964e-05,1.0379770601307408e-05,0.025,0.0250000005553988,0.0249999996392324,0.0250000006516791,0.0250000006516791,0.0250000006736268,0.0250000006202644,1e-05,2.7425115658940083e-05,-1.7783427411844149e-06,1.0000000000000013e-05,1.0000000000000013e-05,1.1306957384931529e-05,1.0588704755624669e-05,0.025,0.0250000009929992,0.0249999993357918,0.0250000008973448,0.0250000008973448,0.0250000008620462,0.025000000871101,1e-05,1.947892145956778e-05,3.79275488895936e-06,1.0000000000000013e-05,1.0000000000000013e-05,1.0374413524492007e-05,1.0000000000000004e-05,0.025000000081638378,1.2352822419360257e-05,0.025000000560129663,1.0669179370445459e-05,0.025000000875641012,1.0000000000000028e-05,0.025000000084727983,1.1431223436695918e-05,0.02500000056755344,1.0000000000000028e-05,0.02500000089345026,1.0000000000000013e-05
07-20-2021,0.025,0.0249951254286458,0.0249999998575889,0.0250000001096069,0.0250000001096069,0.025000000104905,0.025000000112481,1e-05,1.4470884890031325e-05,5.157358400662872e-06,2.0063700297652408e-05,2.006370029765241e-05,1.1729768316472785e-05,1.0638488017243748e-05,0.025,0.0250000005619706,0.0249999981851602,0.0250000006517183,0.0250000006517183,0.0250000007325183,0.0250000006286022,1e-05,2.7218048776577937e-05,-1.627968631166994e-05,1.0000000000000013e-05,1.0000000000000008e-05,1.1896054235305763e-05,1.0169450019721478e-05,0.025,0.0250000009966746,0.0249999986270655,0.0250000008973109,0.0250000008973109,0.0250000008610145,0.0250000008991248,1e-05,1.9511824425239112e-05,-2.9934578320983678e-06,1.0000000000000013e-05,1.0000000000000004e-05,1.0289855818149598e-05,1.0100911145619707e-05,0.025,0.0249951254287599,0.0249999998575859,0.0250000001096071,0.0250000001096071,0.025000000110549,0.0250000001036887,1e-05,1.4470895972423572e-05,5.157629066022788e-06,2.006562863390348e-05,1.000000000000002e-05,1.1248795485007828e-05,1.0527439716000932e-05,0.025,0.0250000005619456,0.0249999981853004,0.0250000006516791,0.0250000006516791,0.0250000006307164,0.0250000006717094,1e-05,2.6813393625295586e-05,-1.627813926432988e-05,1.0000000000000013e-05,1.0000000000000013e-05,1.1764650151269104e-05,1.058137083118384e-05,0.025,0.0250000009972098,0.0249999986279397,0.0250000008973448,0.0250000008973448,0.0250000008792844,0.0250000008851743,1e-05,1.9515523002988847e-05,-2.989874180650727e-06,1.0000000000000014e-05,1.000000000000001e-05,1.043453810868814e-05,1.0000000000000004e-05,0.025000000078515876,1.3384308105650348e-05,0.0250000003377961,1.0554828573870015e-05,0.025000000807876205,1.0000000000000021e-05,0.025000000079135717,1.1433305144760514e-05,0.02500000032941525,1.0000000000000026e-05,0.02500000082072981,1.0000000000000013e-05
07-21-2021,0.025,0.0249951033501769,0.0249999999127653,0.0250000001096069,0.0250000001096069,0.0250000001153411,0.0250000001036493,1e-05,1.447088489003138e-05,6.675939776022016e-06,2.0063700297652408e-05,1.0000000000000014e-05,1.1703172612896036e-05,1.066363157081134e-05,0.025,0.0250000005681527,0.0249999996309202,0.0250000006517183,0.0250000006517183,0.0250000006676752,0.02500000064396,1e-05,2.7652700849010248e-05,-2.971382676061028e-06,1.0000000000000013e-05,1.0000000000000013e-05,1.1806215358635376e-05,1.0157559189084985e-05,0.025,0.0250000010007059,0.0249999993353126,0.0250000008973109,0.0250000008973109,0.0250000009230275,0.0250000009034352,1e-05,1.9546531793405223e-05,3.674052100105865e-06,1.0000000000000014e-05,1.0000000000000013e-05,1.0276598937232992e-05,1.0099264222434225e-05,0.025,0.0249951033502911,0.0249999999127397,0.0250000001096071,0.0250000001096071,0.0250000001090578,0.0250000001053364,1e-05,1.4470895972423622e-05,6.676017083683157e-06,2.006562863390348e-05,1.000000000000002e-05,1.127294866199412e-05,1.0527542633060738e-05,0.025,0.0250000005681271,0.0249999996309512,0.0250000006516791,0.0250000006516791,0.0250000006717387,0.0250000006528909,1e-05,2.7122655457267725e-05,-2.971254848978776e-06,1.0000000000000013e-05,1.000000000000001e-05,1.163887865819371e-05,1.0587375215742302e-05,0.025,0.0250000010012132,0.024999999335335,0.0250000008973448,0.0250000008973448,0.0250000009324934,0.0250000008655615,1e-05,1.9550068711588994e-05,3.674810992683117e-06,1.0000000000000013e-05,1.0000000000000013e-05,1.0411459428662148e-05,1.0000000000000004e-05,0.025000000085119486,1.2487328919964273e-05,0.025000000566338193,1.0717640781293761e-05,0.025000000899551796,1.0000000000000028e-05,0.025000000085467,1.1510889134964295e-05,0.025000000573620455,1.0000000000000026e-05,0.025000000906511086,1.0000000000000013e-05
07-22-2021,0.025,0.0249950813779151,0.0249999999110347,0.0250000001096069,0.0250000001096069,0.0250000001023291,0.0250000001169764,1e-05,1.4470884890031325e-05,6.638696710320295e-06,2.0063700297652405e-05,2.006370029765241e-05,1.1706541399362585e-05,1.0655493817345233e-05,0.025,0.0250000005739899,0.0249999996280575,0.0250000006517183,0.0250000006517183,0.0250000006389502,0.0250000005712091,1e-05,2.742325545306776e-05,-3.2172652244854064e-06,1.0000000000000013e-05,1.0000000000000013e-05,1.1659086972164725e-05,1.0164150934289242e-05,0.025,0.0250000010044707,0.0249999993034363,0.0250000008973109,0.0250000008973109,0.0250000008929296,0.0250000008784473,1e-05,1.957898947864543e-05,3.388945270518112e-06,1.0000000000000013e-05,1.0000000000000013e-05,1.0282302976568268e-05,1.0097896469429907e-05,0.025,0.0249950813780294,0.0249999999110542,0.0250000001096071,0.0250000001096071,0.025000000107933,0.0250000001064554,1e-05,1.4470895972423572e-05,6.638775913932714e-06,2.006562863390348e-05,1.000000000000002e-05,1.1256716120136576e-05,1.050069649747566e-05,0.025,0.0250000005739638,0.0249999996280945,0.0250000006516791,0.0250000006516791,0.0250000007479668,0.0250000006094589,1e-05,2.815005954224538e-05,-3.217041323086249e-06,1.0000000000000013e-05,1.0000000000000013e-05,1.1605679979796331e-05,1.058696088812785e-05,0.025,0.0250000010049533,0.0249999993035608,0.0250000008973448,0.0250000008973448,0.0250000009236508,0.025000000925277,1e-05,1.958237580714552e-05,3.3902299636243485e-06,1.0000000000000013e-05,1.0000000000000013e-05,1.0412098630259272e-05,1.0000000000000006e-05,0.02500000008479534,1.3506569335790592e-05,0.025000000550542054,1.0689773611106025e-05,0.025000000886668948,1.0000000000000028e-05,0.025000000085164086,1.1494567342069902e-05,0.02500000057933824,1.000000000000003e-05,0.025000000912769847,1.0000000000000014e-05
07-23-2021,0.025,0.0249950595109301,0.0249999999558485,0.0250000001096069,0.0250000001096069,0.0250000001079503,0.0250000001110782,1e-05,1.447088489003136e-05,8.346999933073196e-06,2.0063700297652408e-05,2.006370029765241e-05,1.198930457940137e-05,1.0764816438826284e-05,0.025,0.0250000005795013,0.0249999999529383,0.0250000006517183,0.0250000006517183,0.025000000638994,0.0250000006304246,1e-05,2.7843356437812924e-05,1.3317530933995222e-06,1.0000000000000014e-05,1.000000000000001e-05,1.1817935388210822e-05,1.0175538217861045e-05,0.025,0.0250000010079297,0.0249999995299424,0.0250000008973109,0.0250000008973109,0.0250000009273206,0.0250000008599317,1e-05,1.9609381290310816e-05,5.470212098125996e-06,1.0000000000000013e-05,1.0000000000000013e-05,1.0327145986049488e-05,1.00987846473216e-05,0.025,0.0249950595110445,0.0249999999558218,0.0250000001096071,0.0250000001096071,0.0250000001062858,0.0250000001141591,1e-05,1.4470895972423602e-05,8.346988598676233e-06,2.006562863390348e-05,1.000000000000002e-05,1.1290195756044645e-05,1.0561405183804603e-05,0.025,0.0250000005794747,0.0249999999529816,0.0250000006516791,0.0250000006516791,0.0250000006931343,0.0250000005927085,1e-05,2.794414765825335e-05,1.3324478997916306e-06,1.0000000000000013e-05,1.0000000000000013e-05,1.1729765406904196e-05,1.0647120343677452e-05,0.025,0.0250000010083909,0.0249999995299712,0.0250000008973448,0.0250000008973448,0.0250000008714465,0.0250000009022421,1e-05,1.9612626670950895e-05,5.471282650465481e-06,1.0000000000000013e-05,1.0000000000000013e-05,1.0457451804933896e-05,1.0000000000000006e-05,0.02500000008977435,1.3760292349565558e-05,0.02500000061416501,1.0783381906424086e-05,0.025000000915365223,1.000000000000003e-05,0.02500000009160128,1.1607904941854834e-05,0.02500000062294322,1.000000000000003e-05,0.025000000925035373,1.0000000000000014e-05
07-24-2021,0.025,0.0249950377483016,0.0249999999270477,0.0250000001096069,0.0250000001096069,0.025000000112557,0.0250000001108313,1e-05,1.447088489003134e-05,7.428634956510409e-06,2.0063700297652405e-05,2.006370029765241e-05,1.1860554606057394e-05,1.088916204613076e-05,0.025,0.0250000005847051,0.0249999995789171,0.0250000006517183,0.0250000006517183,0.0250000006385099,0.0250000006682774,1e-05,2.760814866098856e-05,7.4648204109722255e-06,1.0000000000000014e-05,1.0000000000000013e-05,1.172791772489009e-05,1.016707112338408e-05,0.025,0.0250000010111648,0.0249999995279886,0.0250000008973109,0.0250000008973109,0.0250000008685721,0.0250000008811594,1e-05,1.963803081872644e-05,6.032161073452752e-06,1.0000000000000013e-05,1.0000000000000014e-05,1.0313680178843591e-05,1.0097622733507937e-05,0.025,0.024995037748416,0.0249999999270331,0.0250000001096071,0.0250000001096071,0.0250000001079217,0.0250000001150525,1e-05,1.447089597242359e-05,7.428667585078659e-06,2.006562863390348e-05,1.000000000000002e-05,1.1327767832490328e-05,1.0502998897972662e-05,0.025,0.025000000584678,0.0249999995788264,0.0250000006516791,0.0250000006516791,0.0250000006710853,0.0250000006915147,1e-05,2.8164509551170182e-05,7.46255213243327e-06,1.0000000000000013e-05,1.0000000000000013e-05,1.164236803352346e-05,1.0581269561701158e-05,0.025,0.0250000010116048,0.0249999995299838,0.0250000008973448,0.0250000008973448,0.0250000009370386,0.0250000009212933,1e-05,1.964114144695112e-05,6.046869116930337e-06,1.0000000000000013e-05,1.0000000000000013e-05,1.051540969104946e-05,1.0000000000000004e-05,0.025000000087370307,1.3690004123864584e-05,0.02500000056051549,1.0843380082043476e-05,0.0250000009089548,1.0000000000000031e-05,0.025000000088715838,1.1548948511830304e-05,0.025000000574335525,1.0000000000000031e-05,0.025000000940879646,1.0000000000000014e-05
07-25-2021,0.025,0.024995016089119,0.0249999999541257,0.0250000001096069,0.0250000001096069,0.0250000001088954,0.0250000001073578,1e-05,1.447088489003136e-05,8.525263799599031e-06,2.0063700297652408e-05,2.006370029765241e-05,1.169701643692864e-05,1.1042798033080087e-05,0.025,0.0250000005896183,0.0249999995327991,0.0250000006517183,0.0250000006517183,0.025000000709988,0.0250000006819388,1e-05,2.801534489724546e-05,1.736997609487305e-05,1.0000000000000013e-05,1.0000000000000013e-05,1.1629389490877737e-05,1.0130707217354807e-05,0.025,0.0250000010142169,0.0249999998604265,0.0250000008973109,0.0250000008973109,0.0250000008605205,0.0250000008604688,1e-05,1.966496714285873e-05,9.5292527936058e-06,1.0000000000000013e-05,1.0000000000000013e-05,1.0283001997464392e-05,1.0102629974035051e-05,0.025,0.0249950160892335,0.0249999999541216,0.0250000001096071,0.0250000001096071,0.0250000001035919,0.0250000001085899,1e-05,1.4470895972423604e-05,8.525420594839885e-06,2.006562863390348e-05,1.000000000000002e-05,1.129363567075952e-05,1.0378335467349716e-05,0.025,0.0250000005895907,0.0249999995325353,0.0250000006516791,0.0250000006516791,0.0250000005734793,0.0250000006416714,1e-05,2.7964454816140945e-05,1.7364728269657e-05,1.0000000000000013e-05,1.0000000000000013e-05,1.151022890266874e-05,1.0594852533924616e-05,0.025,0.0250000010146361,0.0249999998640329,0.0250000008973448,0.0250000008973448,0.0250000008847582,0.025000000901646,1e-05,1.966795001836832e-05,9.55680517219712e-06,1.0000000000000013e-05,1.0000000000000013e-05,1.0495167102067638e-05,1.0000000000000006e-05,0.02500000008876639,1.3787145874979514e-05,0.025000000567502685,1.0953369877554857e-05,0.025000000941366975,1.0000000000000031e-05,0.025000000089359226,1.1542695218097416e-05,0.025000000544283665,1.0000000000000033e-05,0.02500000096570179,1.0000000000000014e-05
07-26-2021,0.025,0.0249949945324819,0.02499999989829,0.0250000001096069,0.0250000001096069,0.0250000001054608,0.0250000001184837,1e-05,1.4470884890031343e-05,6.234638499404317e-06,2.0063700297652405e-05,2.006370029765241e-05,1.1743957285721256e-05,1.0772502049169617e-05,0.025,0.0250000005942572,0.0249999995097572,0.0250000006517183,0.0250000006517183,0.0250000006219367,0.0250000007103199,1e-05,2.7775832330998497e-05,-4.021067707037779e-06,1.0000000000000013e-05,1.0000000000000014e-05,1.1427340671176262e-05,1.0151363110749356e-05,0.025,0.0250000010170477,0.0249999992407273,0.0250000008973109,0.0250000008973109,0.0250000008605162,0.0250000008671699,1e-05,1.969017619558686e-05,2.8557837090923723e-06,1.0000000000000014e-05,1.0000000000000013e-05,1.029891906170936e-05,1.009770992368778e-05,0.025,0.0249949945325964,0.0249999998982889,0.0250000001096071,0.0250000001096071,0.0250000001157447,0.0250000001089723,1e-05,1.4470895972423592e-05,6.234673981767892e-06,2.006562863390348e-05,1.0000000000000025e-05,1.12644323228396e-05,1.047976753927119e-05,0.025,0.0250000005942292,0.0249999995097972,0.0250000006516791,0.0250000006516791,0.0250000006293388,0.0250000006125654,1e-05,2.839874208154441e-05,-4.020666298612183e-06,1.0000000000000013e-05,1.0000000000000013e-05,1.144530885066592e-05,1.0608166609601828e-05,0.025,0.0250000010174487,0.0249999992406926,0.0250000008973448,0.0250000008973448,0.0250000008931643,0.0250000008796148,1e-05,1.969303953703268e-05,2.8554579132688933e-06,1.0000000000000014e-05,1.0000000000000014e-05,1.040381731855585e-05,1.0000000000000004e-05,0.02500000008395389,1.352134801009315e-05,0.025000000555423,1.0644972198641287e-05,0.025000000873881358,1.0000000000000028e-05,0.0250000000855544,1.1468587209715485e-05,0.025000000545552806,1.0000000000000028e-05,0.025000000894067592,1.0000000000000014e-05
07-27-2021,0.025,0.0249949730774991,0.0250000010139696,0.0250000001096069,0.0250000001096069,0.0250000001072462,0.025000000111296,1e-05,1.4470884890031342e-05,4.764523494296159e-05,2.0063700297652405e-05,2.006370029765241e-05,1.166238125889513e-05,1.0702529975113964e-05,0.025,0.025000000598637,0.0249999994572546,0.0250000006517183,0.0250000006517183,0.0250000006279381,0.0250000006730882,1e-05,2.8172540663813447e-05,0.0001062821846685,1.0000000000000014e-05,1.0000000000000016e-05,1.1562454705217208e-05,1.0125692475078014e-05,0.025,0.0250000010196631,0.0250000070965494,0.0250000008973109,0.0250000008973109,0.0250000008984316,0.0250000008795429,1e-05,1.971384020556949e-05,7.565070983679614e-05,1.0000000000000016e-05,1.0000000000000016e-05,1.0297032695094992e-05,1.009845547389598e-05,0.025,0.0249949730776138,0.0250000010141379,0.0250000001096071,0.0250000001096071,0.025000000105663,0.0250000001053705,1e-05,1.4470895972423588e-05,4.764778653040206e-05,2.006562863390348e-05,1.000000000000002e-05,1.1288978211382704e-05,1.046856144779378e-05,0.025,0.0250000005986086,0.0249999994565019,0.0250000006516791,0.0250000006516791,0.0250000006445729,0.0250000006766064,1e-05,2.8176184326858392e-05,0.0001062694540373,1.0000000000000014e-05,1.0000000000000013e-05,1.1411562833037044e-05,1.0578738321016944e-05,0.025,0.0250000010200474,0.0250000070912195,0.0250000008973448,0.0250000008973448,0.025000000922414,0.0250000008957508,1e-05,1.971659064008278e-05,7.5647072648833e-05,1.0000000000000016e-05,1.0000000000000013e-05,1.0402344531029008e-05,1.0000000000000008e-05,0.02500000020985193,1.6913499116061627e-05,0.025000000542626827,1.2103001137798625e-05,0.025000001760223066,1.0000000000000058e-05,0.025000000211953487,1.3436715895619762e-05,0.02500000055029299,1.0000000000000053e-05,0.025000001779784762,1.0000000000000026e-05
07-28-2021,0.025,0.0249949517232897,0.0249999999553297,0.0250000001096069,0.0250000001096069,0.0250000001087112,0.025000000110887,1e-05,1.4470884890031343e-05,8.458556064988142e-06,2.0063700297652405e-05,2.006370029765241e-05,1.165839714646795e-05,1.0757668758917312e-05,0.025,0.0250000006027722,0.0249999993470088,0.0250000006517183,0.0250000006517183,0.0250000006381139,0.0250000006161579,1e-05,2.792763192742663e-05,1.1076751855864514e-06,1.0000000000000014e-05,1.0000000000000008e-05,1.1557863783578005e-05,1.0136287008442744e-05,0.025,0.025000001022114,0.0249999996191355,0.0250000008973109,0.0250000008973109,0.0250000009233743,0.0250000008690359,1e-05,1.9736116163112907e-05,6.370982443298923e-06,1.0000000000000016e-05,1.0000000000000014e-05,1.0280282582821488e-05,1.0099131342916804e-05,0.025,0.0249949517234044,0.0249999999553096,0.0250000001096071,0.0250000001096071,0.0250000001112523,0.0250000001128484,1e-05,1.4470895972423588e-05,8.458680112155646e-06,2.006562863390349e-05,1.000000000000002e-05,1.1276180907279529e-05,1.0467884132660196e-05,0.025,0.0250000006027434,0.0249999993470128,0.0250000006516791,0.0250000006516791,0.025000000667132,0.0250000006563233,1e-05,2.8502154919689777e-05,1.1078446378390283e-06,1.0000000000000016e-05,1.0000000000000013e-05,1.1539835146957162e-05,1.0596618503941504e-05,0.025,0.0250000010224819,0.0249999996188493,0.0250000008973448,0.0250000008973448,0.0250000009094396,0.0250000008768032,1e-05,1.9738759146815807e-05,6.370578963630844e-06,1.0000000000000016e-05,1.0000000000000014e-05,1.0415898557724944e-05,1.0000000000000004e-05,0.025000000089318228,1.367801818814119e-05,0.02500000051772949,1.0730403154505057e-05,0.025000000928624627,1.0000000000000031e-05,0.025000000091830673,1.1572028029011829e-05,0.02500000053322137,1.0000000000000031e-05,0.025000000939591222,1.0000000000000014e-05
07-29-2021,0.025,0.0249949304689818,0.0249999999788793,0.0250000001096069,0.0250000001096069,0.0250000001069205,0.0250000001130576,1e-05,1.4470884890031362e-05,9.320563787831252e-06,2.0063700297652405e-05,2.006370029765241e-05,1.1731956184147865e-05,1.075856973572174e-05,0.025,0.0250000006066765,0.0249999995367926,0.0250000006517183,0.0250000006517183,0.025000000573765,0.0250000006501469,1e-05,2.8308164789344124e-05,3.428986357350162e-06,1.0000000000000014e-05,1.0000000000000014e-05,1.156183612468704e-05,1.0151480334303008e-05,0.025,0.0250000010244098,0.0249999997433216,0.0250000008973109,0.0250000008973109,0.0250000009385834,0.0250000008996911,1e-05,1.975702283197151e-05,7.505824813665708e-06,1.0000000000000016e-05,1.0000000000000014e-05,1.0298528133502031e-05,1.0097328975772132e-05,0.025,0.0249949304690965,0.0249999999788796,0.0250000001096071,0.0250000001096071,0.0250000001173486,0.0250000001088137,1e-05,1.447089597242361e-05,9.320686450812004e-06,2.006562863390349e-05,1.000000000000002e-05,1.127924491813719e-05,1.0476956048132293e-05,0.025,0.0250000006066472,0.0249999995368006,0.0250000006516791,0.0250000006516791,0.0250000006818904,0.0250000006273742,1e-05,2.826378246725413e-05,3.4291058165676364e-06,1.0000000000000016e-05,1.0000000000000013e-05,1.1568048038915107e-05,1.060789711816429e-05,0.025,0.0250000010247622,0.02499999974322,0.0250000008973448,0.0250000008973448,0.0250000009058958,0.025000000925903,1e-05,1.97595644310725e-05,7.506870917635866e-06,1.0000000000000014e-05,1.0000000000000013e-05,1.0424382209089934e-05,1.000000000000001e-05,0.02500000009196953,1.3769685522903163e-05,0.025000000544773245,1.0771222872265493e-05,0.025000000951168916,1.0000000000000031e-05,0.025000000094920618,1.161735124135534e-05,0.02500000056312324,1.0000000000000031e-05,0.025000000962091568,1.0000000000000016e-05
07-30-2021,0.025,0.0249949093137134,0.0250000000123838,0.0250000001096069,0.0250000001096069,0.02500000010755,0.0250000001175427,1e-05,1.4470884890031342e-05,1.0748532402327045e-05,2.0063700297652405e-05,2.006370029765241e-05,1.1884500624908414e-05,1.0845849235341492e-05,0.025,0.0250000006103627,0.0249999996127945,0.0250000006517183,0.0250000006517183,0.0250000006856371,0.0250000006552001,1e-05,2.8060430608846204e-05,4.126559272168203e-06,1.0000000000000016e-05,1.0000000000000013e-05,1.1723470879222603e-05,1.0163105046479952e-05,0.025,0.0250000010265348,0.0249999998083158,0.0250000008973109,0.0250000008973109,0.0250000008741557,0.0250000008533841,1e-05,1.977661565188008e-05,8.000578093057614e-06,1.0000000000000014e-05,1.0000000000000016e-05,1.0314225566122922e-05,1.0097412832946171e-05,0.025,0.0249949093138283,0.0250000000123764,0.0250000001096071,0.0250000001096071,0.0250000001078703,0.0250000001073232,1e-05,1.4470895972423592e-05,1.07485409384954e-05,2.006562863390348e-05,1.000000000000002e-05,1.1318464841101042e-05,1.0470976428643132e-05,0.025,0.025000000610333,0.024999999612886,0.0250000006516791,0.0250000006516791,0.0250000006898862,0.0250000005813235,1e-05,2.861456281752658e-05,4.128094074642118e-06,1.0000000000000016e-05,1.0000000000000014e-05,1.1622603329346243e-05,1.0573836997199004e-05,0.025,0.0250000010268735,0.0249999998081578,0.0250000008973448,0.0250000008973448,0.0250000009158744,0.025000000864466,1e-05,1.9779061905023125e-05,8.00049038956178e-06,1.0000000000000014e-05,1.0000000000000014e-05,1.0464493935654756e-05,1.0000000000000008e-05,0.02500000009680759,1.3957832422967653e-05,0.02500000057633198,1.0804967992704822e-05,0.02500000093877188,1.0000000000000033e-05,0.025000000096271752,1.1691526107659886e-05,0.02500000057033648,1.0000000000000033e-05,0.025000000960409823,1.0000000000000016e-05
07-31-2021,0.025,0.024994888256632,0.0249999998455366,0.0250000001096069,0.0250000001096069,0.0250000001107739,0.0250000001209383,1e-05,1.4470884890031355e-05,4.656795741399156e-06,2.0063700297652405e-05,2.006370029765241e-05,1.1728252135929406e-05,1.0923098430219516e-05,0.025,0.025000000613843,0.0249999992577246,0.0250000006517183,0.0250000006517183,0.0250000006332117,0.0250000006368182,1e-05,2.8433347576793112e-05,1.7644336701093909e-06,1.0000000000000014e-05,1.0000000000000013e-05,1.1630846962273826e-05,1.0165253540672191e-05,0.025,0.025000001028507,0.0249999989925417,0.0250000008973109,0.0250000008973109,0.0250000009073822,0.0250000008776998,1e-05,1.9795025582472043e-05,1.2943343083972e-06,1.0000000000000014e-05,1.0000000000000014e-05,1.0292546858781188e-05,1.009838015415829e-05,0.025,0.0249948882567468,0.0249999998455083,0.0250000001096071,0.0250000001096071,0.0250000001095441,0.0250000001022584,1e-05,1.4470895972423604e-05,4.656737314122806e-06,2.006562863390349e-05,1.000000000000002e-05,1.1322606161681609e-05,1.0450200629515478e-05,0.025,0.025000000613813,0.0249999992576523,0.0250000006516791,0.0250000006516791,0.0250000006616741,0.0250000006596506,1e-05,2.8381807805412807e-05,1.7625678515278314e-06,1.0000000000000014e-05,1.0000000000000014e-05,1.1600279579524212e-05,1.0571635181053196e-05,0.025,0.0250000010288326,0.0249999989951955,0.0250000008973448,0.0250000008973448,0.0250000008855619,0.0250000008922253,1e-05,1.979738152720633e-05,1.3111551382459876e-06,1.0000000000000014e-05,1.0000000000000013e-05,1.0469900908435832e-05,1.0000000000000008e-05,0.025000000079156627,1.3435374240821695e-05,0.025000000507995997,1.0765963596344872e-05,0.02500000085844647,1.0000000000000028e-05,0.0250000000760448,1.1394645191393616e-05,0.025000000520268077,1.0000000000000031e-05,0.025000000869441933,1.0000000000000014e-05
08-01-2021,0.025,0.024994867296894,0.0249999996910004,0.0250000001096069,0.0250000001096069,0.0250000000961227,0.0250000001049502,1e-05,1.4470884890031332e-05,-1.180312856465451e-06,2.0063700297652405e-05,2.0063700297652408e-05,1.1748003849136154e-05,1.0860938771866392e-05,0.025,0.0250000006171289,0.0249999993177193,0.0250000006517183,0.0250000006517183,0.0250000007109908,0.0250000006365223,1e-05,2.8187938308943787e-05,-1.2105970018689172e-06,1.0000000000000014e-05,1.0000000000000014e-05,1.1483124950761087e-05,1.0138310307589344e-05,0.025,0.0250000010303533,0.0249999982902098,0.0250000008973109,0.0250000008973109,0.0250000008740504,0.0250000008504707,1e-05,1.9812332988662657e-05,-4.614040382102129e-06,1.0000000000000016e-05,1.0000000000000016e-05,1.029266398492557e-05,1.0098797425125644e-05,0.025,0.024994867297009,0.0249999996909695,0.0250000001096071,0.0250000001096071,0.0250000001066331,0.0250000001137958,1e-05,1.447089597242358e-05,-1.1803502355492608e-06,2.006562863390349e-05,1.0000000000000025e-05,1.1294329214137533e-05,1.0449615782797648e-05,0.025,0.0250000006170985,0.0249999993175407,0.0250000006516791,0.0250000006516791,0.0250000006082965,0.0250000006291756,1e-05,2.871023979489927e-05,-1.215106556280883e-06,1.0000000000000014e-05,1.0000000000000014e-05,1.1344937945002104e-05,1.0591791635522916e-05,0.025,0.0250000010306664,0.0249999982948832,0.0250000008973448,0.0250000008973448,0.0250000008887808,0.0250000009438348,1e-05,1.981460333522337e-05,-4.584777728870178e-06,1.0000000000000014e-05,1.0000000000000016e-05,1.041938407261871e-05,1.0000000000000004e-05,0.025000000054640984,1.2935943179963443e-05,0.025000000530612958,1.0693012500862708e-05,0.025000000769421174,1.0000000000000028e-05,0.025000000059920594,1.111081442063303e-05,0.025000000517549335,1.000000000000003e-05,0.02500000080141021,1.0000000000000013e-05
