date,California-apple-driving,California-apple-walking,California-google-retail_and_recreation,California-google-grocery_and_pharmacy,California-google-parks,California-google-transit_stations,California-google-workplaces,California-google-residential,California-jh_beta_7,California-jh_gamma_7,California-cdc_beta_7,California-cdc_gamma_7,California-jh_beta_14,California-jh_gamma_14,California-cdc_beta_14,California-cdc_gamma_14,California-jh_beta_30,California-jh_gamma_30,California-cdc_beta_30,California-cdc_gamma_30,California-census_pop,California-jh_confirmed,California-jh_death,California-cdc_confirmed,California-cdc_death,California-jh_confirmed_ratio,California-jh_death_ratio,California-cdc_confirmed_ratio,California-cdc_death_ratio
01-01-2021,71.23,72.51,-52.0,-36.0,-11.0,-68.0,-78.0,28.0,0.0250000003226549,2.123981183417989e-05,0.0250000002904643,2.0460717125353797e-05,0.0250000020912631,4.80070086260522e-05,0.0250000019421727,4.561765259974877e-05,0.0249999951594221,0.0001068639216961,0.0250000129014611,0.000113521318096,39512223,2437084,26168,2292568,25802,0.0616792429016205,0.0006622760759373,0.0580217417784871,0.0006530131195098
01-02-2021,88.31,85.95,-38.0,-18.0,-32.0,-47.0,-30.0,13.0,0.025000000400306,2.4123529992616057e-05,0.0250000003141386,2.0949588084058195e-05,0.0250000022221639,5.000938192507867e-05,0.0250000020479989,4.716534718472046e-05,0.0249999903273835,0.0001093858645088,0.0250000136450247,0.0001194351714946,39512223,2483471,26444,2345909,26236,0.0628532340486132,0.000669261256194,0.059371729097601,0.0006639970623773
01-03-2021,76.53,73.68,-37.0,-20.0,-25.0,-44.0,-23.0,10.0,0.0250000004392954,2.5706676740743347e-05,0.0250000003799027,2.3309627308112505e-05,0.0250000023669539,5.2480420484584576e-05,0.0250000021779182,4.9153931303360895e-05,0.0249999850602819,0.0001099349987346,0.0249999980546138,0.0001134953853549,39512223,2514874,26515,2391261,26494,0.0636480007718118,0.0006710581685064,0.0605195258186308,0.0006705266873999
01-04-2021,85.2,85.87,-31.0,-15.0,-34.0,-50.0,-45.0,16.0,0.0250000004977328,2.857110044353836e-05,0.0250000004273814,2.5244751211286116e-05,0.0250000025691551,5.658869467818502e-05,0.0250000023370653,5.1943118700421285e-05,0.0249999781448887,0.0001110891864646,0.0249999934100212,0.0001136573601468,39512223,2552002,26783,2409703,26480,0.0645876593680897,0.0006778408797702,0.0609862674646273,0.0006701723666623
01-05-2021,87.3,88.13,-32.0,-12.0,-24.0,-50.0,-45.0,16.0,0.0250000005370591,3.061723159616238e-05,0.0250000004737815,2.76813830607399e-05,0.0250000027885371,6.115388978391892e-05,0.0250000025018734,5.537527667056266e-05,0.024999969836203,0.0001123071045272,0.0249999866788733,0.0001150875151701,39512223,2587338,27196,2452334,26807,0.0654819649099469,0.0006882933415313,0.0620651994194302,0.0006784482867491
01-06-2021,84.54,86.32,-35.0,-16.0,-30.0,-52.0,-44.0,17.0,0.0250000005129604,2.9708209427394976e-05,0.0250000005143513,2.9741923484319484e-05,0.0250000028813277,6.296276741554822e-05,0.0250000027039073,5.958211727813711e-05,0.0249999612180331,0.0001149414161438,0.0249999782810897,0.0001163294936534,39512223,2626574,27769,2482226,27222,0.066474974085867,0.0007027951831512,0.0628217248115855,0.0006889513657583
01-07-2021,86.08,86.59,-36.0,-16.0,-30.0,-52.0,-45.0,18.0,0.025000000454487,2.692436939534252e-05,0.0250000004887293,2.874178512007276e-05,0.0250000422875548,0.0001231056052526,0.025000002790452,6.125661074846048e-05,0.0249999500153779,0.0001188735784006,0.0249999698128287,0.0001189310927862,39512223,2678332,28312,2518611,27811,0.067784897853001,0.0007165377660477,0.0637425791001432,0.0007038581453642
01-08-2021,97.7,98.35,-36.0,-17.0,-31.0,-52.0,-42.0,18.0,0.0250000004690007,2.701064538048381e-05,0.0250000004319685,2.6007463838491755e-05,0.0250000410493477,0.0001228003434416,0.0250000029110171,6.334055164228895e-05,0.0249999393291388,0.0001197931101254,0.0249999595688999,0.0001232052664874,39512223,2731098,28946,2568641,28366,0.0691203327132467,0.0007325834337389,0.0650087695648002,0.0007179044317501
01-09-2021,94.57,99.49,-36.0,-15.0,-25.0,-47.0,-21.0,11.0,0.0250000005133011,2.8239160345672868e-05,0.0250000004528406,2.6332226934957145e-05,0.0250000471888034,0.0001334926271084,0.0250000470686968,0.0001274333463674,0.0249999290227536,0.0001207499000844,0.0249999493067524,0.0001244563363394,39512223,2779882,29459,2621277,28996,0.0703549886322518,0.0007455667579118,0.0663409143039104,0.0007338488649449
01-10-2021,76.78,77.47,-35.0,-16.0,-19.0,-48.0,-22.0,9.0,0.0250000005963012,3.1327307895631815e-05,0.0250000004903333,2.7273843357698355e-05,0.0250000481374663,0.0001377840961108,0.0250000525450223,0.0001361780799322,0.0249999148476607,0.0001223543730568,0.0249999393456889,0.0001255109674211,39512223,2818812,29855,2670962,29496,0.0713402533691916,0.0007555889730628,0.0675983732932465,0.0007465031770042
01-11-2021,84.19,84.82,-34.0,-17.0,-26.0,-52.0,-43.0,16.0,0.0250000007240983,3.670648271346559e-05,0.025000000575325,3.0470972714139855e-05,0.0250000549018175,0.0001509467138531,0.0250000551175039,0.0001423622093587,0.0249999006966006,0.000123525201695,0.0249999264378836,0.0001268239003389,39512223,2857027,30068,2710801,29911,0.0723074224398865,0.0007609797100001,0.0686066435695101,0.0007570062560134
01-12-2021,84.25,83.65,-35.0,-15.0,-25.0,-51.0,-44.0,16.0,0.0250000007691976,3.906290052387196e-05,0.0250000007207337,3.6586947990900005e-05,0.0250000578199705,0.0001595734580939,0.0250000629222681,0.0001555541869924,0.0249998865554049,0.0001251748363099,0.0249999116855206,0.0001286085878992,39512223,2896018,30655,2747288,30105,0.0732942310028975,0.0007758358723577,0.0695300793377279,0.0007619161290925
01-13-2021,86.33,86.49,-36.0,-18.0,-24.0,-52.0,-44.0,16.0,0.0250000007891433,4.005269969441283e-05,0.0250000007489437,3.823691398946381e-05,0.0250000545055971,0.0001577147875603,0.025000067866931,0.0001655211537244,0.024999866176128,0.0001291717129035,0.0249998979818489,0.0001302191968617,39512223,2933344,31187,2781039,30685,0.0742389007067509,0.0007893000603889,0.0703842707103571,0.0007765951310813
01-14-2021,89.56,88.95,-36.0,-18.0,-24.0,-52.0,-45.0,16.0,0.0250000007705637,3.923323741254527e-05,0.0250000007651706,3.9084642184835386e-05,0.0250000489438102,0.0001494388845721,0.0250000646738225,0.0001636471353625,0.0250000150073844,0.0001325965318657,0.024999877427089,0.0001340058506284,39512223,2976247,31636,2816969,31222,0.0753247166073141,0.0008006636326181,0.0712936095749409,0.000790185862233
01-15-2021,104.78,103.08,-37.0,-18.0,-24.0,-51.0,-43.0,16.0,0.0250000007608081,3.875837401275206e-05,0.0250000007419265,3.807219362191183e-05,0.0250000441731191,0.000146454291538,0.025000058728473,0.0001553279662227,0.0250000148820764,0.0001317651323087,0.0249998543961149,0.0001381174325594,39512223,3017788,32225,2859624,31647,0.0763760621618277,0.000815570412224,0.0723731489367227,0.0008009420274834
01-16-2021,100.2,108.3,-37.0,-16.0,-14.0,-46.0,-22.0,10.0,0.0250000007362796,3.745372759759584e-05,0.0250000007263642,3.737821427959995e-05,0.0250000413784746,0.000146200839538,0.0250000531185128,0.0001522085649772,0.0250000144520753,0.0001280242824883,0.0250000155271524,0.0001367779259114,39512223,3059181,32769,2900246,32250,0.0774236620399717,0.0008293383037446,0.0734012358656712,0.000816203127827
01-17-2021,85.48,90.22,-35.0,-18.0,0.0,-47.0,-23.0,8.0,0.0250000007526921,3.7890253659607016e-05,0.0250000007038464,3.615759351970056e-05,0.0250000409914095,0.0001513598015861,0.0250000491319293,0.0001504664986064,0.0250000144494219,0.0001280962087386,0.025000015078883,0.0001328513882464,39512223,3089063,33094,2942475,32813,0.0781799343458858,0.0008375636065832,0.0744699937535784,0.0008304518832058
01-18-2021,92.86,92.42,-30.0,-17.0,3.0,-52.0,-53.0,16.0,0.0250000007822772,3.928283210646877e-05,0.0250000007260189,3.6803272939177945e-05,0.0250000438672697,0.0001638869984391,0.0250000496699539,0.0001565386080396,0.0250000144177584,0.0001280687243093,0.0250000151079405,0.0001331752333608,39512223,3114897,33273,2973174,33139,0.0788337573413675,0.0008420938503004,0.0752469432053974,0.0008387024946685
01-19-2021,85.96,83.49,-37.0,-18.0,-32.0,-52.0,-44.0,16.0,0.0250000008371855,4.21921267070847e-05,0.0250000007509136,3.795833036395455e-05,0.025000041609367,0.0001673706652218,0.0250000571387079,0.0001735914422663,0.0250000143836732,0.0001282315243115,0.0250000150790163,0.0001331612774307,39512223,3139771,33646,2996968,33364,0.0794632840576952,0.0008515339670967,0.075849136607677,0.0008443969350952
01-20-2021,85.37,84.78,-36.0,-20.0,-25.0,-53.0,-44.0,16.0,0.0250000007696171,3.974770020993864e-05,0.0250000008160118,4.1195584221802976e-05,0.0250000373798501,0.000165435115836,0.0250000534364205,0.000174805703528,0.0250000146409589,0.0001310854404484,0.0250000150636627,0.0001335231368072,39512223,3160983,34304,3019371,33690,0.0800001305925004,0.0008681870417667,0.0764161257138076,0.0008526475465579
01-21-2021,89.55,87.92,-35.0,-18.0,-24.0,-52.0,-43.0,16.0,0.0250000007514927,3.881690869019204e-05,0.0250000007515884,3.891585703111516e-05,0.0250000321581819,0.0001588256721117,0.0250000492469894,0.0001729986261575,0.025000014962698,0.0001344596236462,0.0250000152697426,0.0001359326098887,39512223,3184286,34990,3039044,34345,0.0805898974603377,0.0008855487579122,0.0769140222760941,0.0008692246953556
01-22-2021,100.15,95.97,-37.0,-17.0,-39.0,-53.0,-42.0,17.0,0.0250000007908407,3.994766976661257e-05,0.0250000007316001,3.7954987309166215e-05,0.0250000273955359,0.0001537513368562,0.0250000429251682,0.0001656056125056,0.0250000150048654,0.0001351179530332,0.0250000156302014,0.0001396079735442,39512223,3207486,35498,3062068,35029,0.0811770575398908,0.0008984055389644,0.0774967280378023,0.0008865357942528
01-23-2021,91.7,93.79,-40.0,-19.0,-42.0,-52.0,-24.0,12.0,0.0250000007835071,3.917654027506346e-05,0.0250000007764698,3.9370561454894645e-05,0.0250000225053454,0.0001459639676848,0.0250000372509397,0.0001598520392848,0.0250000149985038,0.0001353541108263,0.0250000156594164,0.0001401609735104,39512223,3231856,36188,3085040,35544,0.0817938287096628,0.0009158684896063,0.0780781177510564,0.0008995697356739
01-24-2021,77.24,74.93,-38.0,-20.0,-35.0,-50.0,-24.0,9.0,0.025000000812378,3.983961838564228e-05,0.0250000007649846,3.844860484885962e-05,0.025000019557644,0.0001435607642591,0.0250000312538476,0.0001517836910851,0.0250000149427477,0.0001350990955025,0.0250000157134065,0.000140886436739,39512223,3257767,36418,3109151,36208,0.0824496004692016,0.0009216894731536,0.0786883339871816,0.0009163746620887
01-25-2021,86.03,78.73,-36.0,-22.0,-42.0,-55.0,-43.0,16.0,0.025000000872059,4.262514376992391e-05,0.0250000007840651,3.87427086655548e-05,0.0250000172126666,0.0001443077060669,0.0250000278299227,0.0001494596321612,0.0250000153317218,0.0001390161227487,0.0250000156162379,0.0001402766389619,39512223,3274874,36640,3136158,36448,0.0828825551019997,0.000927307987708,0.0793718439987545,0.0009224487318772
01-26-2021,88.35,82.73,-34.0,-18.0,-32.0,-53.0,-43.0,15.0,0.0250000009480915,4.661231592684466e-05,0.0250000008407667,4.137078874896538e-05,0.0250000147993591,0.0001497267002025,0.0250000251610084,0.0001494237528043,0.0250000152387246,0.0001388715973461,0.0250000158908425,0.0001431714971617,39512223,3293492,37308,3153186,36660,0.083353751065841,0.0009442141486192,0.0798027992502471,0.0009278141601903
01-27-2021,85.77,80.44,-36.0,-22.0,-42.0,-55.0,-44.0,17.0,0.0250000009876372,4.848535281530473e-05,0.0250000008967501,4.445621987346488e-05,0.0250000065695274,0.0001361118543925,0.0250000233800575,0.0001556102384172,0.0250000156659912,0.0001433255363142,0.0250000158641226,0.0001436893056551,39512223,3311176,38024,3169914,37326,0.0838013087747556,0.0009623351234882,0.0802261619145042,0.0009446697038534
01-28-2021,87.07,82.08,-36.0,-21.0,-43.0,-55.0,-44.0,17.0,0.025000000956651,4.6814877708946446e-05,0.0250000009489708,4.685220068018912e-05,0.0250000066276059,0.0001368929584004,0.0250000200921502,0.0001502530339813,0.0250000159705671,0.0001465722930098,0.0250000162751129,0.0001480087399955,39512223,3331666,38643,3186610,38070,0.0843198824829471,0.0009780011618176,0.0806487147027895,0.0009634993201977
01-29-2021,99.09,93.36,-38.0,-22.0,-47.0,-56.0,-42.0,18.0,0.0250000009268109,4.505546840641534e-05,0.025000000922425,4.533911529089442e-05,0.0250000068407831,0.00014088800045,0.0250000176859634,0.000147488517892,0.0250000158215084,0.0001454200955995,0.0250000166672872,0.0001519983870938,39512223,3351523,39290,3205947,38667,0.0848224358320715,0.0009943758416224,0.0811381075673722,0.0009786085687965
01-30-2021,104.5,109.73,-32.0,-14.0,-22.0,-46.0,-19.0,9.0,0.0250000009711987,4.645513161766961e-05,0.0250000008937763,4.365628650124334e-05,0.0250000068908347,0.0001412491526465,0.0250000153292591,0.0001484343889934,0.0250000154873981,0.0001422102676508,0.0250000165412926,0.0001510067962962,39512223,3371262,39878,3224374,39323,0.0853220027635499,0.0010092573126042,0.0816044695840069,0.0009952110262183
01-31-2021,86.19,84.8,-31.0,-17.0,-15.0,-46.0,-20.0,7.0,0.0250000009505479,4.5256552963967016e-05,0.0250000009350282,4.492201847120639e-05,0.0250000070142669,0.0001432780276969,0.0250000066803202,0.0001368088058311,0.025000015202359,0.0001399749186472,0.0250000162420019,0.0001480363766692,39512223,3387623,40212,3243348,39913,0.0857360771627554,0.0010177103930598,0.0820846754180345,0.0010101431144484
02-01-2021,87.55,84.42,-31.0,-17.0,-28.0,-51.0,-41.0,14.0,0.0250000010613063,5.038124446015408e-05,0.025000000924975,4.418802726049433e-05,0.0250000073656542,0.0001508610866728,0.0250000067797172,0.0001382988360642,0.0250000150079611,0.0001386228084398,0.025000015919782,0.0001455471441311,39512223,3400759,40407,3258706,40263,0.0860685312491782,0.001022645574763,0.082473365267249,0.0010190011328899
02-02-2021,89.09,86.65,-32.0,-16.0,-24.0,-50.0,-42.0,15.0,0.025000001128652,5.421107600219687e-05,0.0250000010315666,4.90788149284133e-05,0.0249999975840881,0.000149762180415,0.0250000071274009,0.0001457103325865,0.0250000149928549,0.000139112851361,0.0250000156348937,0.0001434054940223,39512223,3412907,40968,3270770,40457,0.0863759804149718,0.0010368437128936,0.0827786885086167,0.0010239110059689
02-03-2021,91.86,88.65,-31.0,-16.0,-25.0,-50.0,-41.0,15.0,0.0250000010496258,5.124198994107342e-05,0.0250000011019771,5.299067192122495e-05,0.0249999949531297,0.0001520783911992,0.0250000075113052,0.0001546388048477,0.0250000153975205,0.0001434379999299,0.025000015646054,0.0001441658079465,39512223,3426866,41586,3281271,41018,0.0867292634990443,0.0010524844425989,0.0830444543704868,0.0010381091440995
02-04-2021,94.82,90.97,-31.0,-16.0,-24.0,-50.0,-42.0,15.0,0.0250000009733297,4.787566752279856e-05,0.0250000010271019,5.0199907370695695e-05,0.0249999944057868,0.0001468179987992,0.0250000077761525,0.000160804960923,0.0250000154817216,0.0001446848039413,0.0250000162934618,0.0001506530517411,39512223,3441507,42353,3294447,41634,0.0870998070647657,0.0010718961572979,0.0833779208018744,0.0010536992565566
02-05-2021,112.61,108.35,-31.0,-15.0,-23.0,-49.0,-39.0,14.0,0.0250000009695599,4.708487212026943e-05,0.0250000009438583,4.656003172596611e-05,0.0249999941835177,0.0001417286794906,0.0250000076072771,0.000157285946066,0.0250000154067113,0.0001442451310207,0.0250000162376819,0.000150649173935,39512223,3455254,42971,3308468,42413,0.087447724720525,0.0010875368870032,0.0837327730206422,0.001073414674745
02-06-2021,110.22,117.39,-30.0,-10.0,-11.0,-43.0,-17.0,8.0,0.025000000962732,4.61788193455432e-05,0.0250000009497335,4.620170108510173e-05,0.0249999928576164,0.0001420629778128,0.025000007478584,0.0001540829750572,0.0250000150946079,0.0001415146183478,0.0250000161905551,0.0001504198311853,39512223,3470334,43406,3320862,43018,0.0878293787722346,0.0010985461384949,0.084046448107969,0.0010887263923368
02-07-2021,79.52,82.58,-35.0,-13.0,-18.0,-47.0,-19.0,7.0,0.0250000009576796,4.581247877698691e-05,0.0250000009393238,4.518850542480847e-05,0.0249999926623849,0.0001368732666619,0.0250000076057626,0.0001563741585319,0.0250000147388043,0.0001385603536701,0.0250000158508815,0.0001474202225708,39512223,3481873,43672,3335926,43456,0.0881214149859399,0.0011052782325104,0.0844276972216926,0.0010998115697008
02-08-2021,90.88,86.44,-31.0,-18.0,-23.0,-49.0,-42.0,13.0,0.0250000010076495,4.849680753752616e-05,0.0250000009336944,4.481230621471552e-05,0.0249999888533432,0.0001434307692655,0.0249999994574215,0.0001429358350022,0.0250000142305494,0.0001342302088658,0.0250000154605204,0.0001441581946712,39512223,3491320,43854,3346340,43735,0.0883605055579889,0.0011098844021,0.0846912612332644,0.0011068726758299
02-09-2021,91.27,86.7,-32.0,-16.0,-25.0,-50.0,-41.0,14.0,0.0250000010682963,5.2125315558058274e-05,0.025000000977711,4.719381355270735e-05,0.0249999851156102,0.0001492170531566,0.0249999961355422,0.0001494432961593,0.0250000138817464,0.0001315262805351,0.0250000149250824,0.0001396196915027,39512223,3501077,44363,3354591,43905,0.0886074418035148,0.0011227664917764,0.0849000826908675,0.0011111751419301
02-10-2021,95.68,91.51,-30.0,-15.0,-21.0,-49.0,-41.0,14.0,0.0250000010060472,4.993393984003074e-05,0.0250000010361225,5.06880157038754e-05,0.0249999855604519,0.0001426857162236,0.0249999927755867,0.0001557333989601,0.0250000137584994,0.0001308846619743,0.0250000145620231,0.0001368463448296,39512223,3510221,44940,3362981,44425,0.0888388638624559,0.0011373695678929,0.0851124220472232,0.0011243356264718
02-11-2021,99.79,92.05,-31.0,-15.0,-32.0,-49.0,-41.0,15.0,0.0250000009451493,4.722424370140061e-05,0.0250000009768327,4.8604728693301945e-05,0.0249999867430498,0.0001352639820586,0.0249999925401965,0.0001491277155329,0.0250000138914975,0.0001327011634359,0.025000014394977,0.0001358218117042,39512223,3521208,45470,3371556,44990,0.0891169297156477,0.0011507831386758,0.0853294434990407,0.0011386349990988
02-12-2021,119.6,114.81,-30.0,-13.0,-27.0,-47.0,-41.0,14.0,0.0250000008398155,4.228835969767637e-05,0.0250000009179579,4.601088858324488e-05,0.0249999870527503,0.0001305873002583,0.0249999931511272,0.0001406463933255,0.0250000135454077,0.0001297857518995,0.0250000145623156,0.0001379783606293,39512223,3530957,45888,3381615,45520,0.0893636634921806,0.0011613621435574,0.0855840229490504,0.0011520485698817
02-13-2021,115.44,128.24,-28.0,-7.0,-23.0,-42.0,-19.0,8.0,0.0250000007847657,3.962960033053867e-05,0.0250000008112749,4.1058170664966255e-05,0.02499998776942,0.0001249823608125,0.0249999928570177,0.000136427427667,0.0250000132771054,0.0001276299070229,0.0250000142336895,0.0001352203545614,39512223,3541271,46401,3391036,45986,0.0896246966413405,0.0011743454677303,0.0858224554968724,0.001163842388721
02-14-2021,103.54,117.55,-23.0,-7.0,-7.0,-40.0,-17.0,6.0,0.0250000008076034,4.036773355599948e-05,0.0250000007686175,3.888127416722338e-05,0.0249999880270311,0.0001211821886456,0.0249999931364955,0.0001305641952743,0.0250000130926517,0.000126332590026,0.0250000139533355,0.0001329551049185,39512223,3548059,46649,3399878,46457,0.0897964915818581,0.0011806220065117,0.0860462343513297,0.0011757627506809
02-15-2021,90.09,85.72,-25.0,-15.0,-14.0,-50.0,-54.0,16.0,0.0250000008631219,4.3099945667494414e-05,0.0250000007884537,3.953008068431806e-05,0.0249999861546412,0.0001234805575392,0.0249999930398501,0.0001265602058507,0.0250000127197641,0.0001232315021071,0.025000013784098,0.0001318484104917,39512223,3553856,46705,3406365,46719,0.089943205675874,0.0011820392894624,0.0862104113959875,0.0011823936102
02-16-2021,93.31,88.9,-31.0,-16.0,-20.0,-48.0,-41.0,14.0,0.0250000009002289,4.5656530946945445e-05,0.0250000008379311,4.198000136060832e-05,0.0249999831169812,0.000128070112468,0.0249999914382472,0.0001285679102946,0.0250000123606216,0.000120392168691,0.0250000133749472,0.0001284298525228,39512223,3559030,47012,3412057,46795,0.090074152497064,0.0011898090370668,0.0863544680844709,0.001184317065633
02-17-2021,95.64,92.01,-30.0,-16.0,-19.0,-49.0,-41.0,14.0,0.0250000008098579,4.2394815059607535e-05,0.0250000008811797,4.473278853820445e-05,0.0249999841307505,0.0001225064158808,0.0249999887390027,0.0001335066266284,0.0250000123087307,0.0001205017955252,0.0250000129678351,0.0001251723645065,39512223,3565488,47472,3416147,47086,0.0902375955916223,0.0012014510041614,0.0864579803571163,0.0011916818752516
02-18-2021,98.11,92.93,-30.0,-16.0,-22.0,-48.0,-41.0,14.0,0.0250000007152017,3.835071528472762e-05,0.025000000789781,4.143830668854916e-05,0.0249999858337676,0.0001155635858238,0.0249999892426942,0.0001278189711709,0.0250000124524135,0.0001224715108347,0.0250000129046829,0.0001252106759801,39512223,3572902,47928,3421720,47537,0.0904252337308381,0.0012129917367595,0.0865990253193296,0.0012030960647291
02-19-2021,114.25,109.96,-31.0,-15.0,-25.0,-47.0,-39.0,14.0,0.0250000006565792,3.5497189586372774e-05,0.0250000007016058,3.772365626253579e-05,0.0249999889371137,0.0001049124793319,0.0249999903108545,0.0001206726140656,0.0250000123757991,0.0001221967286485,0.0250000130047058,0.0001267496736174,39512223,3580606,48396,3428518,47973,0.0906202113710483,0.001224836172847,0.0867710733460883,0.0012141306248448
02-20-2021,112.8,120.06,-29.0,-13.0,-13.0,-41.0,-18.0,8.0,0.0250000006564845,3.499625301253647e-05,0.0250000006412857,3.487026114609709e-05,0.0249999905910891,9.852742162056508e-05,0.0249999926615136,0.0001092026653529,0.0250000119932794,0.0001187886537998,0.0250000129884617,0.000127087334472,39512223,3588173,48807,3435186,48414,0.0908117217297543,0.0012352380173598,0.0869398312517116,0.0012252917280812
02-21-2021,94.16,96.01,-26.0,-15.0,1.0,-38.0,-17.0,6.0,0.0250000006224762,3.311507070233899e-05,0.0250000006169423,3.340079058466818e-05,0.0249999906492446,9.699376921489568e-05,0.0249999937912748,0.0001027731597754,0.0250000115731039,0.0001149930562385,0.0250000125912899,0.0001235805817642,39512223,3593304,49036,3441946,48807,0.0909415802801072,0.001241033692283,0.0871109175507538,0.0012352380173598
02-22-2021,94.88,90.42,-28.0,-15.0,-14.0,-47.0,-40.0,13.0,0.0250000006666903,3.515479338630489e-05,0.0250000005928727,3.202075313059648e-05,0.0249999893973585,9.937056072658933e-05,0.024999993752596,0.0001008524319434,0.0250000113391871,0.0001130929229427,0.0250000121450849,0.0001195919329782,39512223,3597431,49133,3446611,49039,0.091046028971845,0.0012434886288225,0.0872289822822674,0.0012411096181553
02-23-2021,96.34,92.46,-28.0,-14.0,-9.0,-47.0,-40.0,13.0,0.0250000007479075,3.937252445654164e-05,0.0250000006259286,3.355628075898253e-05,0.0249999875195437,0.0001029335372571,0.0249999927779798,0.0001027950341215,0.0250000108625984,0.0001088534346065,0.0250000118835791,0.0001174702611387,39512223,3603514,49482,3450058,49129,0.0911999813323588,0.0012523213386399,0.0873162211096044,0.001243387394326
02-24-2021,99.04,94.87,-28.0,-15.0,-15.0,-48.0,-40.0,14.0,0.025000000738406,3.938240469654992e-05,0.0250000006931392,3.709726740644253e-05,0.0249999887883409,9.79754602802231e-05,0.0249999910953653,0.0001066418370841,0.0250000108976535,0.0001097121492923,0.0250000114074812,0.0001133039241115,39512223,3609554,50656,3455361,49470,0.0913528454220356,0.0012820336633552,0.0874504327433057,0.0012520176351505
02-25-2021,102.31,97.46,-28.0,-14.0,-19.0,-47.0,-40.0,14.0,0.0250000007915111,4.038457173220908e-05,0.0250000006866691,3.719509024340345e-05,0.0249999903159771,9.424325730210233e-05,0.0249999921469067,0.0001010026639248,0.0250000110684503,0.0001115395864285,0.0250000114165158,0.0001139546458664,39512223,3615594,51143,3460326,50648,0.0915057095117123,0.001294358963301,0.0875760900620549,0.0012818311943623
02-26-2021,121.29,116.18,-28.0,-14.0,-18.0,-45.0,-38.0,13.0,0.0250000008407892,4.158177523234722e-05,0.0250000007398345,3.820071056975031e-05,0.0249999912395249,9.195040516769194e-05,0.0249999934237034,9.726784394335222e-05,0.025000010744788,0.0001083901209214,0.0250000115982374,0.0001159023546459,39512223,3621671,51579,3465726,51121,0.0916595100204815,0.0013053935234167,0.0877127566322957,0.0012938021735704
02-27-2021,119.6,129.33,-26.0,-10.0,-9.0,-39.0,-17.0,7.0,0.0250000008718136,4.245660655691282e-05,0.0250000007923311,3.955801175209091e-05,0.0249999911171404,9.264543476749134e-05,0.0249999942924755,9.468260716882288e-05,0.0250000103757893,0.0001047616707992,0.0250000112614196,0.0001126456858218,39512223,3627006,51747,3470877,51505,0.0917945315301546,0.0013096453722687,0.087843121355131,0.001303520685232
02-28-2021,97.38,99.7,-24.0,-12.0,-1.0,-36.0,-17.0,5.0,0.025000000875212,4.303239879029972e-05,0.0250000008236698,4.053936511496986e-05,0.0249999917843902,9.002701374579489e-05,0.0249999946318306,9.37439562961412e-05,0.0250000100759402,0.0001019290044,0.0250000108334573,0.000108477448269,39512223,3630916,51994,3475562,51794,0.0918934882504586,0.001315896602426,0.087961692259127,0.0013108348776023
03-01-2021,97.85,94.49,-25.0,-12.0,-15.0,-45.0,-39.0,12.0,0.0250000009224154,4.593193916782052e-05,0.0250000008439199,4.1651126111855054e-05,0.0249999902467874,9.373975813336395e-05,0.0249999949206983,9.22762995348144e-05,0.0250000097330829,9.87000721462455e-05,0.0250000105505045,0.0001058113021858,39512223,3633975,52105,3479078,52032,0.0919709073316376,0.0013187058597032,0.0880506773815282,0.0013168583301425
03-02-2021,100.52,95.12,-26.0,-11.0,-12.0,-46.0,-40.0,13.0,0.0250000009822663,4.973311252220789e-05,0.0250000008947941,4.458282197325193e-05,0.0249999868655754,0.0001013640775919,0.0249999937811202,9.58477395900569e-05,0.0250000094259658,9.59105596495516e-05,0.0250000101871093,0.0001023815482221,39512223,3638241,52395,3481611,52129,0.0920788739221278,0.0013260453606976,0.0881147841264208,0.001319313266682
03-03-2021,97.6,90.04,-28.0,-14.0,-34.0,-49.0,-41.0,14.0,0.0250000009415889,4.870521678283479e-05,0.0250000009578792,4.845826206277995e-05,0.0249999859358298,0.0001022978967923,0.024999991153096,0.0001032806527968,0.0250000093955779,9.58896207440355e-05,0.0250000098646034,9.945491059249156e-05,39512223,3642625,52771,3484963,52429,0.092189826930264,0.0013355614033662,0.0881996186344666,0.0013269058539176
03-04-2021,105.27,99.78,-25.0,-11.0,-17.0,-45.0,-40.0,13.0,0.0250000005894985,3.3409324803792794e-05,0.0250000009248029,4.774209428974322e-05,0.0249999866416842,9.931225363907911e-05,0.0249999901826414,0.0001047824602535,0.0250000095249101,9.743089371770417e-05,0.0250000098178992,9.92654218337738e-05,39512223,3648085,53161,3488467,52823,0.092328012017952,0.0013454317667725,0.0882883000533784,0.0013368774518204
03-05-2021,124.57,120.39,-26.0,-11.0,-16.0,-44.0,-38.0,13.0,0.0250000005251162,3.0249879377362413e-05,0.0250000005883445,3.3192845278154136e-05,0.0249999873388027,9.646978201089616e-05,0.0249999905662396,0.0001020851925981,0.025000009270887,9.50716882220754e-05,0.0250000099597089,0.0001009087855185,39512223,3653628,53489,3493126,53194,0.0924682977214417,0.0013537329954834,0.0884062129331473,0.0013462669513684
03-06-2021,121.69,132.26,-25.0,-8.0,-8.0,-38.0,-17.0,6.0,0.0250000004842467,2.812665343905112e-05,0.0250000005318501,3.046708899295836e-05,0.0249999882149781,9.31802538540462e-05,0.0249999908603751,9.974468583769928e-05,0.0250000089483161,9.202309732775548e-05,0.0250000096998523,9.849294591287116e-05,39512223,3658424,53788,3497578,53464,0.0925896778827149,0.0013613002740949,0.0885188869277236,0.0013531002798804
03-07-2021,97.56,98.42,-24.0,-12.0,-5.0,-37.0,-17.0,5.0,0.025000000547263,3.0708968300930057e-05,0.025000000504097,2.9085034822477804e-05,0.0249999886178956,9.11225352663281e-05,0.0249999912808588,9.691838255510094e-05,0.0250000084629906,8.733576540738843e-05,0.0250000093604209,9.530906501144704e-05,39512223,3662130,53885,3501394,53722,0.0926834716436987,0.0013637552106344,0.0886154646373604,0.001359629904903
03-08-2021,98.43,93.54,-25.0,-12.0,-20.0,-46.0,-40.0,13.0,0.0250000005471118,3.106184054697985e-05,0.0250000005066616,2.9165618084251928e-05,0.0249999875276966,9.280074501570144e-05,0.0249999914075554,9.499181588569864e-05,0.0250000081122462,8.40689392906243e-05,0.0250000088307408,9.023340836224e-05,39512223,3665167,53941,3504652,53828,0.0927603339351471,0.001365172493585,0.088697920134739,0.0013623126190596
03-09-2021,99.29,93.52,-27.0,-12.0,-22.0,-47.0,-40.0,13.0,0.0250000005713715,3.281408726095754e-05,0.0250000005028337,2.936126179979264e-05,0.0249999853591649,9.681496786679153e-05,0.0249999904459557,9.645344165144786e-05,0.0250000079207787,8.24923391118422e-05,0.0250000084733851,8.693918778775964e-05,39512223,3668603,54227,3507266,53878,0.0928472943676188,0.001372410760083,0.0887640768781852,0.0013635780502656
03-10-2021,96.56,88.48,-29.0,-16.0,-44.0,-51.0,-42.0,16.0,0.0250000005361915,3.160863764332545e-05,0.0250000005260613,3.101308902561373e-05,0.0249999859621922,9.430346547806948e-05,0.0249999884946082,0.0001006136555075,0.0250000079130575,8.273645024377732e-05,0.0250000082606033,8.518872295891598e-05,39512223,3672309,54482,3513678,54320,0.0929410881286026,0.0013788644592332,0.0889263557760341,0.001374764462126
03-11-2021,104.27,96.45,-27.0,-13.0,-29.0,-47.0,-41.0,14.0,0.0250000004726671,2.890044891605417e-05,0.0250000005063352,3.01455194130325e-05,0.0250000044084106,9.841237949655388e-05,0.0249999888192795,9.859015193120122e-05,0.0250000079921487,8.384002457985196e-05,0.0250000082511415,8.537807913649809e-05,39512223,3676188,54755,3516862,54590,0.0930392602815589,0.0013857737136176,0.089006938435228,0.0013815977906381
03-12-2021,104.27,96.45,-27.0,-13.0,-23.0,-44.0,-38.0,13.0,0.0250000004118104,2.608369540842537e-05,0.0250000004540956,2.7727965844024693e-05,0.0250000040079194,8.978851874091753e-05,0.0249999954290397,7.455954170438225e-05,0.0250000077298628,8.147352551977373e-05,0.0250000083608531,8.674584489297187e-05,39512223,3680785,54963,3520333,54878,0.0931556040266324,0.0013910379074343,0.0890947846695439,0.0013888866743842
03-13-2021,123.19,132.29,-24.0,-9.0,-10.0,-37.0,-17.0,6.0,0.0250000003730017,2.42473033310912e-05,0.0250000004163482,2.5843992790335967e-05,0.0250000036782083,8.27435259408506e-05,0.0250000039945297,8.893842479596596e-05,0.0250000073913283,7.833274634909564e-05,0.025000008090064,8.42700008380772e-05,39512223,3682872,55117,3523563,55095,0.0932084231251681,0.0013949354355486,0.0891765315254472,0.001394378645818
03-14-2021,97.6,96.08,-24.0,-14.0,-15.0,-37.0,-17.0,6.0,0.0250000003358373,2.265185076721213e-05,0.0250000004116244,2.55258377501935e-05,0.0250000037612833,8.496434603662443e-05,0.0250000037908346,8.452760430120653e-05,0.0250000070836716,7.553127605628562e-05,0.025000007761867,8.122236408054608e-05,39512223,3685482,55206,3526335,55235,0.0932744786341178,0.0013971879030952,0.0892466870315041,0.0013979218531946
03-15-2021,98.5,91.61,-26.0,-15.0,-37.0,-48.0,-41.0,14.0,0.0250000003624773,2.4106887676614478e-05,0.0250000003960147,2.5002429309615685e-05,0.0250000036678956,8.35292825863682e-05,0.0250000037007764,8.284053308797844e-05,0.025000006875398,7.376405007840633e-05,0.0250000074512522,7.838902940388896e-05,39512223,3687155,55249,3528795,55330,0.0933168199622683,0.0013982761739323,0.089308946246836,0.0014003261724859
03-16-2021,107.04,100.53,-22.0,-9.0,-9.0,-43.0,-40.0,12.0,0.0250000003862209,2.5630899477127448e-05,0.0250000004208849,2.648638302816612e-05,0.0250000037453476,8.609967858592637e-05,0.0250000036453218,8.217781125571134e-05,0.0250000065474896,7.082802705769234e-05,0.0250000071916495,7.610431121151514e-05,39512223,3689754,55453,3530055,55372,0.0933825970763528,0.0014034391332525,0.0893408351132256,0.0014013891346989
03-17-2021,111.19,106.17,-20.0,-9.0,-15.0,-43.0,-39.0,12.0,0.0250000003273627,2.3246619252059452e-05,0.0250000004468814,2.817532920888144e-05,0.0250000035370447,8.20973373353545e-05,0.0250000037582198,8.548818024363299e-05,0.0250000064943295,7.064099452198515e-05,0.0250000069048464,7.359148877452067e-05,39512223,3693118,55670,3532496,55577,0.093467735287888,0.0014089311046862,0.0894026134646992,0.0014065774026432
03-18-2021,113.74,105.27,-22.0,-12.0,-25.0,-43.0,-40.0,13.0,0.0250000002912675,2.159577834067142e-05,0.0250000003304998,2.3331846678463167e-05,0.0250000032000738,7.49719625827117e-05,0.0250000035543398,8.162408175565534e-05,0.0250000066358935,7.2399117803252e-05,0.0250000068424658,7.331230533197396e-05,39512223,3696704,55905,3535534,55795,0.0935584920139775,0.0014148786313541,0.0894795010647717,0.001412094682701
03-19-2021,134.5,128.89,-23.0,-11.0,-17.0,-41.0,-38.0,12.0,0.025,1e-05,0.0250000002901779,2.1513233121278892e-05,0.0250000028591395,6.74957187514887e-05,0.0250000032111204,7.446107247266185e-05,0.0250000065250877,7.155758487686976e-05,0.0250000069765548,7.49874742852034e-05,39512223,3700064,55982,3538821,56027,0.0936435289910162,0.0014168273954112,0.0895626905122498,0.0014179662834966
03-20-2021,132.05,144.5,-21.0,-9.0,-7.0,-34.0,-16.0,5.0,0.025,1e-05,0.025,1e-05,0.0250000025850009,6.166819996230167e-05,0.0250000029196208,6.821964181248261e-05,0.0250000062414137,6.898020440475084e-05,0.0250000068862258,7.436005876123444e-05,39512223,3703493,56038,3541928,56072,0.0937303122631191,0.0014182446783619,0.0896413244073865,0.0014191051715819
03-21-2021,109.29,112.05,-18.0,-11.0,5.0,-31.0,-15.0,4.0,0.025,1e-05,0.025,1e-05,0.0250000023213177,5.626202531585319e-05,0.0250000027422223,6.473773074020783e-05,0.0250000059442492,6.62822165611299e-05,0.0250000066025861,7.181906472641296e-05,39512223,3705632,56448,3545278,56118,0.093784447410109,0.0014286212142505,0.089726108298184,0.0014202693682914
03-22-2021,108.85,105.12,-21.0,-12.0,-8.0,-42.0,-39.0,11.0,0.0250000002771783,2.057272486142867e-05,0.025,1e-05,0.0250000024801348,5.953899228959016e-05,0.0250000025443409,6.098464614946232e-05,0.0250000056576918,6.358459835922333e-05,0.0250000063140693,6.925314652244703e-05,39512223,3707758,56519,3547278,56545,0.0938382535449853,0.001430418126563,0.0897767255464214,0.00143107615079
03-23-2021,111.37,106.94,-22.0,-11.0,-9.0,-43.0,-40.0,12.0,0.0250000003291669,2.28760676502103e-05,0.025,1e-05,0.0250000026686931,6.37433144582533e-05,0.0250000026794433,6.38369819401515e-05,0.0250000054151082,6.134694020957527e-05,0.0250000060464419,6.678000494641943e-05,39512223,3709970,56768,3549101,56596,0.0938942362215358,0.0014367199739685,0.0898228631681897,0.0014323668906201
03-24-2021,115.15,109.22,-21.0,-11.0,-7.0,-43.0,-39.0,12.0,0.0250000003271436,2.266986702031601e-05,0.0250000003070705,2.197427177998992e-05,0.0250000025014066,5.98474604175034e-05,0.0250000028606758,6.795758902927215e-05,0.0250000053652858,6.1010712218662194e-05,0.0250000058121347,6.46665294676386e-05,39512223,3712777,57018,3551056,56850,0.0939652775294369,0.0014430471299982,0.0898723415283417,0.0014387952811462
03-25-2021,117.46,109.79,-22.0,-12.0,-20.0,-43.0,-40.0,12.0,0.0250000003281629,2.251436684620748e-05,0.0250000003033516,2.1676681981051462e-05,0.0250000024093072,5.744277553981443e-05,0.0250000024439699,5.8640000627122846e-05,0.0250000054543834,6.203654415427447e-05,0.0250000057575956,6.430757326008001e-05,39512223,3715646,57275,3553307,57091,0.0940378879720333,0.0014495514463967,0.0899293112412328,0.0014448946595588
03-26-2021,139.16,134.06,-22.0,-10.0,-8.0,-40.0,-38.0,11.0,0.0250000003286713,2.2326493250065408e-05,0.0250000003019602,2.141386596564653e-05,0.0250000023095508,5.475676470894713e-05,0.0250000023224676,5.563383243807008e-05,0.0250000052939841,6.048385695984217e-05,0.0250000058585184,6.546843235715059e-05,39512223,3719203,57521,3555915,57336,0.0941279107480234,0.0014557773679299,0.0899953161329343,0.0014510952724679
03-27-2021,136.31,150.65,-21.0,-8.0,2.0,-33.0,-16.0,4.0,0.0250000003957089,2.512768524762954e-05,0.0250000003007292,2.116686186881054e-05,0.0250000023334168,5.4793707784186216e-05,0.0250000021913448,5.23132500750495e-05,0.0250000043187487,5.060033039087594e-05,0.0250000056976233,6.394417457227342e-05,39512223,3722313,57735,3559193,57551,0.0942066205690325,0.0014611934134913,0.0900782778027953,0.0014565366266534
03-28-2021,115.37,120.76,-18.0,-10.0,13.0,-29.0,-16.0,3.0,0.0250000004678405,2.827071446271924e-05,0.0250000003714411,2.417310858918607e-05,0.0250000024478848,5.6945177925147087e-05,0.0250000021805917,5.167479355699693e-05,0.02500000402966,4.76761171233252e-05,0.0250000046671887,5.359666111762062e-05,39512223,3724747,57814,3562191,57746,0.0942682217601373,0.0014631927947966,0.0901541530579031,0.0014614718083566
03-29-2021,113.41,112.48,-19.0,-10.0,-2.0,-41.0,-40.0,11.0,0.0250000003742437,2.445456330206372e-05,0.02500000043772,2.7094057042722645e-05,0.0250000026259403,6.092583559506647e-05,0.0250000022918682,5.383373566298944e-05,0.0250000037791895,4.5175906500349855e-05,0.0250000043719925,5.066296887797607e-05,39512223,3727034,57838,3564468,57778,0.0943261025834967,0.0014638002017755,0.0902117807950213,0.0014622816843284
03-30-2021,116.2,115.63,-19.0,-8.0,3.0,-41.0,-40.0,11.0,0.0250000003937699,2.5831080957117597e-05,0.0250000003296834,2.2738171973102596e-05,0.0250000028226724,6.575392109171064e-05,0.0250000024204606,5.683856510740109e-05,0.0250000037780166,4.525720607225208e-05,0.0250000041524698,4.853716548855056e-05,39512223,3729198,57975,3566464,57788,0.0943808704460895,0.0014672674832797,0.0902622968087621,0.0014625347705696
03-31-2021,122.17,121.22,-16.0,-7.0,2.0,-41.0,-41.0,11.0,0.0250000003403472,2.385864353744292e-05,0.0250000003465186,2.400025962513292e-05,0.0250000027388511,6.440489561089587e-05,0.0250000025792588,6.0890469979487485e-05,0.0250000036964737,4.4518423162804855e-05,0.0250000040138524,4.7273452932300646e-05,39512223,3731783,58125,3568426,57936,0.0944462932394363,0.0014710637768975,0.090311952329283,0.0014662804469391
04-01-2021,126.52,123.3,-16.0,-5.0,-2.0,-39.0,-41.0,11.0,0.0250000002892322,2.178048589122904e-05,0.0250000002882761,2.1762034492231404e-05,0.0250000026284407,6.243504028237857e-05,0.0250000024739598,5.907552990035844e-05,0.0250000037476947,4.5125202131673066e-05,0.0250000039276616,4.6528512068016095e-05,39512223,3734438,58309,3570660,58090,0.0945134876364713,0.0014757205637354,0.0903684917955641,0.0014701779750534
04-02-2021,142.68,142.76,-18.0,-3.0,-3.0,-39.0,-42.0,11.0,0.025,1e-05,0.025,1e-05,0.0250000024954762,5.985173452302845e-05,0.0250000023487515,5.6742724772684e-05,0.0250000036218735,4.391497929498703e-05,0.0250000039873962,4.72459988531623e-05,39512223,3739330,58458,3573074,58269,0.0946372974256599,0.0014794915487291,0.0904295868141865,0.0014747082187706
04-03-2021,133.28,146.07,-19.0,2.0,-5.0,-33.0,-19.0,4.0,0.025,1e-05,0.025,1e-05,0.0250000026225994,6.300846192091301e-05,0.0250000022103588,5.3995915222650095e-05,0.025000003409214,4.181510419673759e-05,0.025000003837296,4.5821924265941886e-05,39512223,3741139,58542,3577951,58404,0.0946830807266905,0.001481617473155,0.0905530169740133,0.0014781248830267
04-04-2021,97.76,98.09,-33.0,-7.0,6.0,-33.0,-22.0,3.0,0.025,1e-05,0.025,1e-05,0.0250000027596833,6.648092788796319e-05,0.0250000023681612,5.776416152186448e-05,0.0250000031732462,3.94968401253168e-05,0.0250000035869513,4.337844728753669e-05,39512223,3742770,58588,3580351,58513,0.0947243590926281,0.0014827816698645,0.0906137576718981,0.0014808835230556
04-05-2021,115.56,112.26,-17.0,-10.0,-6.0,-40.0,-41.0,11.0,0.025,1e-05,0.025,1e-05,0.0250000022678012,5.613135717351393e-05,0.0250000025117608,6.123184787681502e-05,0.0250000029868525,3.77110082084374e-05,0.0250000033535513,4.1113653851104456e-05,39512223,3746072,58620,3582463,58534,0.0948079281694679,0.0014835915458363,0.0906672094860367,0.0014814150041621
04-06-2021,116.79,115.36,-19.0,-8.0,2.0,-40.0,-40.0,11.0,0.025,1e-05,0.025,1e-05,0.0250000023128017,5.775566176433529e-05,0.0250000019996024,5.041305114129085e-05,0.025000002818031,3.613087568361671e-05,0.0250000032104479,3.979555823367006e-05,39512223,3748519,58709,3583830,58541,0.0948698583726863,0.0014858440133828,0.0907018063752069,0.0014815921645309
04-07-2021,120.15,117.48,-18.0,-8.0,-2.0,-41.0,-41.0,11.0,0.025,1e-05,0.025,1e-05,0.0250000020511164,5.247571144448457e-05,0.0250000020588251,5.230461374393174e-05,0.025000002842783,3.6528597248005006e-05,0.0250000030660518,3.849555384695509e-05,39512223,3750967,58816,3586059,58659,0.0949318138845288,0.0014885520361635,0.0907582192983675,0.0014845785821769
04-08-2021,124.3,121.85,-18.0,-9.0,-2.0,-39.0,-40.0,11.0,0.025,1e-05,0.025,1e-05,0.0250000017887852,4.701716405749218e-05,0.0250000017950784,4.689412386856031e-05,0.0250000029051258,3.730592390368179e-05,0.0250000030769481,3.87569505851355e-05,39512223,3753759,58971,3588152,58788,0.0950024755630681,0.0014924748729019,0.0908111902486478,0.0014878433946882
04-09-2021,143.54,141.79,-20.0,-10.0,-5.0,-38.0,-38.0,10.0,0.025,1e-05,0.025,1e-05,0.0250000015327855,4.144963433114232e-05,0.0250000015619441,4.196299349902873e-05,0.025000002744639,3.579064813302045e-05,0.0250000031457627,3.958831567329024e-05,39512223,3758916,59147,3590758,58943,0.0951329921376481,0.0014969291907468,0.0908771445231011,0.0014917662314266
04-10-2021,139.66,155.02,-20.0,-8.0,2.0,-31.0,-17.0,4.0,0.025,1e-05,0.025,1e-05,0.0250000013187673,3.65834139967546e-05,0.0250000013398465,3.706808281482301e-05,0.0250000026185329,3.46009533386052e-05,0.0250000028108364,3.631308992406797e-05,39512223,3764224,59250,3595224,59113,0.09526733031447,0.001499535979031,0.0909901728384151,0.0014960686975268
04-11-2021,111.76,115.23,-17.0,-10.0,8.0,-29.0,-16.0,3.0,0.025,1e-05,0.025,1e-05,0.0250000011541991,3.283317667837201e-05,0.0250000011867863,3.3520111781859984e-05,0.0250000024715794,3.319948439433726e-05,0.0250000026608163,3.4876808337118727e-05,39512223,3767295,59298,3600178,59218,0.0953450530991384,0.0015007507929887,0.0911155517622989,0.0014987261030592
04-12-2021,110.65,106.97,-20.0,-11.0,-7.0,-40.0,-38.0,10.0,0.025,1e-05,0.025,1e-05,0.025000001194905,3.3796242861078754e-05,0.0250000010623955,3.0643796789328755e-05,0.0250000023787621,3.2369631312428266e-05,0.0250000024894458,3.3223763285052497e-05,39512223,3769111,59315,3602827,59249,0.0953910135605379,0.0015011810395988,0.0911825943075893,0.0014995106704069
04-13-2021,111.17,106.17,-21.0,-10.0,-10.0,-42.0,-39.0,11.0,0.025,1e-05,0.025,1e-05,0.0250000012988208,3.6349897983715646e-05,0.0250000011751789,3.320916612330174e-05,0.0250000023300914,3.200995836312744e-05,0.0250000023806392,3.222821676922415e-05,39512223,3771794,59410,3604395,59258,0.0954589165990483,0.00150358535889,0.0912222782302074,0.001499738448024
04-14-2021,114.24,109.62,-20.0,-11.0,-8.0,-42.0,-39.0,11.0,0.025,1e-05,0.025,1e-05,0.0250000012133197,3.463927534015945e-05,0.0250000012929539,3.6083393858836665e-05,0.0250000023417773,3.2262135818666423e-05,0.0250000023390604,3.194065508702535e-05,39512223,3774132,59539,3606882,59372,0.0955180881622378,0.0015068501714013,0.0912852207783905,0.0015026236311735
04-15-2021,119.79,115.71,-19.0,-10.0,-7.0,-40.0,-39.0,11.0,0.025,1e-05,0.025,1e-05,0.0250000011190301,3.258953702568728e-05,0.025000001194646,3.4079875222308375e-05,0.0250000024004498,3.297416361454139e-05,0.0250000023438688,3.2110083798451206e-05,39512223,3776825,59627,3608898,59508,0.0955862442869893,0.0015090773303238,0.0913362429646137,0.0015060656040537
04-16-2021,139.99,137.71,-20.0,-10.0,-7.0,-38.0,-37.0,10.0,0.025,1e-05,0.025,1e-05,0.0250000009648802,2.9201519203216025e-05,0.0250000011012813,3.2036094768604534e-05,0.0250000022995,3.2051714262507886e-05,0.0250000024064701,3.2842394426307264e-05,39512223,3779913,59731,3611349,59587,0.0956643973182678,0.0015117094272321,0.0913982744023286,0.001508064985359
04-17-2021,138.05,154.48,-20.0,-8.0,3.0,-31.0,-17.0,4.0,0.025,1e-05,0.025,1e-05,0.0250000008734165,2.7172722519999413e-05,0.0250000009613981,2.898619691773257e-05,0.0250000021847013,3.0976419783473833e-05,0.0250000022984431,3.184413631105535e-05,39512223,3782736,59813,3614112,59690,0.0957358435641548,0.0015137847344099,0.0914682021307684,0.0015106717736433
04-18-2021,113.97,120.04,-17.0,-9.0,11.0,-29.0,-15.0,3.0,0.025,1e-05,0.025,1e-05,0.0250000008875286,2.752571361140724e-05,0.025000000896142,2.7556607523804225e-05,0.0250000020498147,2.9690866110803284e-05,0.0250000021761982,3.069069364616826e-05,39512223,3784853,59847,3616779,59768,0.095789421921414,0.0015146452276299,0.0915357002312929,0.0015126458463245
04-19-2021,113.18,108.41,-19.0,-10.0,-4.0,-39.0,-38.0,10.0,0.025,1e-05,0.025,1e-05,0.0250000009457892,2.9003661650463632e-05,0.0250000008675183,2.698302544504418e-05,0.0250000020607775,2.9904055476443003e-05,0.0250000020366887,2.935936494890206e-05,39512223,3786623,59856,3618695,59772,0.095834218186104,0.001514873005247,0.0915841915551043,0.001512747080821
04-20-2021,117.93,113.86,-19.0,-8.0,-1.0,-40.0,-38.0,10.0,0.025,1e-05,0.025,1e-05,0.0250000010020537,3.05888107114537e-05,0.0250000009532508,2.9135715647721823e-05,0.025000002082883,3.0244105738353664e-05,0.0250000020767402,2.9869885758132085e-05,39512223,3789004,59938,3620301,59804,0.0958944780201306,0.0015169483124247,0.0916248372054389,0.0015135569567928
04-21-2021,114.81,109.15,-20.0,-11.0,-11.0,-41.0,-39.0,11.0,0.025,1e-05,0.025,1e-05,0.0250000009648602,3.0012785426898192e-05,0.0250000010461772,3.151441639468522e-05,0.0250000017640182,2.708280943867394e-05,0.0250000021088273,3.0305500526417963e-05,39512223,3791613,60039,3622427,59890,0.0959605082204562,0.0015195044834607,0.0916786433403152,0.001515733498467
04-22-2021,119.06,112.58,-20.0,-10.0,-14.0,-40.0,-38.0,11.0,0.025,1e-05,0.025,1e-05,0.0250000009068864,2.8840728976190625e-05,0.0250000009627179,2.9898607979579507e-05,0.0250000017733392,2.725614235346294e-05,0.0250000017562025,2.681875514838096e-05,39512223,3793681,60133,3624838,59992,0.0960128464551336,0.0015218834941278,0.0917396624330653,0.0015183149781271
04-23-2021,137.95,134.73,-21.0,-10.0,-11.0,-38.0,-36.0,10.0,0.025,1e-05,0.025,1e-05,0.0250000007738494,2.590650390158225e-05,0.0250000008711974,2.796774402209296e-05,0.0250000016117931,2.5667087553592543e-05,0.0250000017860583,2.7194165885275057e-05,39512223,3794748,60201,3626656,60086,0.0960398507570682,0.0015236044805679,0.091785673511713,0.0015206939887943
04-24-2021,134.13,149.46,-20.0,-9.0,-1.0,-32.0,-17.0,4.0,0.025,1e-05,0.025,1e-05,0.0250000006018529,2.210123133387682e-05,0.0250000007435031,2.514778830255809e-05,0.0250000014471154,2.404002300254721e-05,0.0250000016112401,2.547701308334525e-05,39512223,3797096,60260,3627885,60135,0.0960992754064989,0.0015250976893909,0.0918167778107549,0.0015219341113761
04-25-2021,105.54,107.2,-19.0,-13.0,-13.0,-31.0,-16.0,5.0,0.025,1e-05,0.025,1e-05,0.0250000005482851,2.0952849794955865e-05,0.0250000005819991,2.162127113058313e-05,0.0250000012733533,2.231716847799386e-05,0.0250000014455903,2.385405383286779e-05,39512223,3799233,60295,3629624,60188,0.0961533599362405,0.0015259834912351,0.0918607895080972,0.0015232754684544
04-26-2021,109.56,104.96,-20.0,-11.0,-11.0,-40.0,-38.0,11.0,0.025,1e-05,0.025,1e-05,0.0250000005756323,2.168400730799608e-05,0.0250000005203553,2.033083887667802e-05,0.0250000011053256,2.06590492945222e-05,0.0250000012727467,2.215807847552977e-05,39512223,3800973,60294,3631740,60203,0.0961973969422069,0.0015259581826109,0.0919143425567323,0.0015236550978161
04-27-2021,113.58,108.5,-19.0,-9.0,1.0,-40.0,-37.0,10.0,0.025,1e-05,0.025,1e-05,0.0250000006326558,2.320931603444428e-05,0.0250000005622517,2.143839851199501e-05,0.0250000009607484,1.9256792255388077e-05,0.025000001123202,2.071194049892143e-05,39512223,3802798,60341,3633185,60208,0.0962435851812235,0.0015271476879445,0.0919509135185838,0.0015237816409367
04-28-2021,117.27,112.83,-18.0,-9.0,1.0,-40.0,-38.0,10.0,0.025,1e-05,0.025,1e-05,0.0250000005534879,2.1677093343019765e-05,0.0250000006218909,2.30285550611697e-05,0.0250000009437108,1.915807234503338e-05,0.0250000009870277,1.941576691822177e-05,39512223,3804502,60428,3634778,60273,0.0962867110767217,0.0015293495382428,0.0919912301568049,0.0015254267015044
04-29-2021,123.0,116.84,-18.0,-8.0,-3.0,-39.0,-38.0,10.0,0.025,1e-05,0.025,1e-05,0.025,1e-05,0.0250000005136175,2.082066596501523e-05,0.0250000009812326,1.960356655220371e-05,0.0250000010151967,1.9781023729073017e-05,39512223,3806474,60533,3636235,60362,0.0963366196834837,0.0015320069437753,0.0920281048221458,0.001527679169051
04-30-2021,143.82,141.17,-19.0,-7.0,-5.0,-37.0,-36.0,9.0,0.025,1e-05,0.025,1e-05,0.025,1e-05,0.025,1e-05,0.0250000009141887,1.89598634794573e-05,0.0250000010678664,2.037947672303863e-05,39512223,3808749,60686,3638132,60467,0.0963941968033537,0.0015358791632655,0.0920761152820989,0.0015303365745835
05-01-2021,139.54,154.96,-19.0,-6.0,3.0,-29.0,-17.0,3.0,0.025,1e-05,0.025,1e-05,0.025,1e-05,0.025,1e-05,0.0250000008426553,1.823815113264744e-05,0.0250000009855919,1.958640449251682e-05,39512223,3811151,60802,3640226,60625,0.0964549881184867,0.0015388149636632,0.0921291115410034,0.0015343353371942
05-02-2021,111.75,115.89,-16.0,-9.0,5.0,-28.0,-16.0,3.0,0.025,1e-05,0.025,1e-05,0.025,1e-05,0.025,1e-05,0.0250000007425706,1.7208070374821566e-05,0.0250000009063557,1.8788553426464422e-05,39512223,3812784,60847,3642480,60748,0.0964963171016725,0.0015399538517486,0.0921861571797668,0.0015374482979608
05-03-2021,113.14,110.57,-16.0,-6.0,-1.0,-38.0,-37.0,10.0,0.025,1e-05,0.025,1e-05,0.025,1e-05,0.025,1e-05,0.025000000671516,1.648560050702011e-05,0.0250000008068684,1.7765876203461617e-05,39512223,3814256,60847,3643992,60763,0.0965335713963752,0.0015399538517486,0.0922244238194343,0.0015378279273226
05-04-2021,117.63,113.25,-17.0,-5.0,4.0,-39.0,-37.0,10.0,0.025,1e-05,0.025,1e-05,0.0250000005499886,2.0932022349457543e-05,0.025,1e-05,0.0250000006564456,1.635612500156944e-05,0.025000000743587,1.7132442494256248e-05,39512223,3815889,60930,3645341,60765,0.096574900379561,0.0015420544675504,0.0922585651533703,0.0015378785445708
05-05-2021,120.42,118.51,-16.0,-5.0,-3.0,-39.0,-38.0,10.0,0.025,1e-05,0.025,1e-05,0.0250000005293861,2.048250550597324e-05,0.0250000005304708,2.043890705242556e-05,0.0250000006788565,1.6603460495732726e-05,0.025000000700229,1.672086594654796e-05,39512223,3817466,60990,3646729,60862,0.0966148120797961,0.0015435729849975,0.0922936935236471,0.0015403334811103
05-06-2021,123.5,118.55,-18.0,-6.0,-6.0,-38.0,-38.0,10.0,0.025,1e-05,0.025,1e-05,0.025,1e-05,0.025,1e-05,0.0250000007125904,1.6968332644924912e-05,0.0250000007480299,1.7223192620331317e-05,39512223,3820261,61099,3648276,60927,0.0966855496842078,0.0015463316250265,0.0923328459651586,0.0015419785416781
05-07-2021,144.88,143.96,-18.0,-5.0,-5.0,-36.0,-35.0,9.0,0.025,1e-05,0.025,1e-05,0.025,1e-05,0.025,1e-05,0.0250000006962786,1.6804147405247266e-05,0.0250000008095605,1.7862983072646006e-05,39512223,3822406,61230,3650747,61027,0.0967398366829423,0.001549647054786,0.0923953835753559,0.0015445094040899
05-08-2021,144.33,157.07,-17.0,3.0,2.0,-29.0,-17.0,2.0,0.025,1e-05,0.025,1e-05,0.025,1e-05,0.025,1e-05,0.0250000006685912,1.6502321025678512e-05,0.0250000007626919,1.7387280434399076e-05,39512223,3824292,61297,3652692,61167,0.0967875687480302,0.001551342732602,0.0924446088492667,0.0015480526114665
05-09-2021,108.31,108.66,-14.0,0.0,1.0,-26.0,-15.0,1.0,0.025,1e-05,0.025,1e-05,0.025,1e-05,0.025,1e-05,0.0250000005941988,1.572405702652956e-05,0.0250000007120143,1.684721626201991e-05,39512223,3825763,61321,3654545,61228,0.0968247977341087,0.0015519501395808,0.0924915057297586,0.0015495964375378
05-10-2021,114.32,109.8,-17.0,-8.0,-4.0,-38.0,-38.0,9.0,0.025,1e-05,0.025,1e-05,0.0250000005813252,2.145237445902681e-05,0.0250000005378832,2.0292058038601477e-05,0.0250000004938439,1.4696853142125386e-05,0.0250000006335366,1.6028927980871626e-05,39512223,3826975,61326,3655922,61241,0.0968554717865405,0.0015520766827014,0.09252635570517,0.0015499254496513
05-11-2021,117.84,112.73,-18.0,-7.0,2.0,-39.0,-37.0,10.0,0.025,1e-05,0.025,1e-05,0.025000000682902,2.39685780589412e-05,0.0250000006284812,2.241627482766117e-05,0.0250000004562249,1.4332644266336264e-05,0.0250000005328722,1.5006267287745709e-05,39512223,3828410,61370,3656967,61246,0.0968917896621508,0.0015531902621626,0.092552803217374,0.0015500519927719
05-12-2021,119.86,115.32,-18.0,-8.0,-3.0,-39.0,-38.0,10.0,0.025,1e-05,0.025,1e-05,0.0250000006951704,2.4506973050924133e-05,0.0250000007130892,2.4554982495753065e-05,0.0250000004693669,1.4493081339647804e-05,0.025000000490139,1.4593992563959128e-05,39512223,3830018,61414,3658198,61305,0.0969324859297336,0.0015543038416238,0.0925839581336641,0.0015515452015949
05-13-2021,125.36,120.8,-18.0,-7.0,-5.0,-37.0,-38.0,10.0,0.025,1e-05,0.025,1e-05,0.0250000006332355,2.337415852745501e-05,0.0250000006974324,2.444032868949833e-05,0.0250000005102274,1.4941406892935843e-05,0.025000000521395,1.4933956003638345e-05,39512223,3832026,61484,3659641,61351,0.0969833056469639,0.0015560754453122,0.0926204784782673,0.0015527093983044
05-14-2021,145.3,146.06,-18.0,-8.0,-6.0,-35.0,-36.0,9.0,0.025,1e-05,0.025,1e-05,0.0250000005451134,2.1562325563184147e-05,0.0250000006372288,2.3318789063155943e-05,0.0250000004776331,1.4632280525353116e-05,0.0250000005729765,1.548448051858353e-05,39512223,3834042,61509,3661675,61417,0.0970343278331872,0.0015567081609151,0.0926719562197247,0.0015543797674962
05-15-2021,140.78,161.72,-19.0,-7.0,1.0,-28.0,-18.0,3.0,0.025,1e-05,0.025,1e-05,0.025,1e-05,0.0250000005534698,2.1598795657975865e-05,0.0250000004093642,1.396630534671734e-05,0.0250000005200371,1.4968354376468796e-05,39512223,3835574,61566,3663539,61444,0.097073100645337,0.0015581507524899,0.0927191314950819,0.0015550631003474
05-16-2021,111.86,117.46,-17.0,-10.0,-5.0,-26.0,-15.0,4.0,0.025,1e-05,0.025,1e-05,0.025,1e-05,0.025,1e-05,0.0250000003793692,1.3691118743162882e-05,0.0250000004417919,1.420359849920834e-05,39512223,3836654,61586,3664909,61499,0.0971004339593851,0.0015586569249723,0.0927538043101244,0.0015564550746739
05-17-2021,115.2,113.29,-17.0,-8.0,-6.0,-36.0,-37.0,10.0,0.025,1e-05,0.025,1e-05,0.025,1e-05,0.025,1e-05,0.0250000003302903,1.3230256607925855e-05,0.0250000004194086,1.4007053257201471e-05,39512223,3837440,61591,3665904,61510,0.0971203265379424,0.0015587834680928,0.0927789863911225,0.0015567334695392
05-18-2021,118.72,117.01,-18.0,-6.0,5.0,-37.0,-36.0,10.0,0.025,1e-05,0.025,1e-05,0.025,1e-05,0.025,1e-05,0.0250000002970557,1.2944729120337631e-05,0.025000000368116,1.353005126593335e-05,39512223,3838513,61626,3666591,61513,0.0971474826916217,0.001559669269937,0.092796373415892,0.0015568093954116
05-19-2021,122.11,119.38,-17.0,-7.0,0.0,-39.0,-37.0,10.0,0.025,1e-05,0.025,1e-05,0.025,1e-05,0.025,1e-05,0.0250000003075675,1.310921194603916e-05,0.0250000003362436,1.3264967739108807e-05,39512223,3839941,61675,3667550,61555,0.0971836234068632,0.0015609093925188,0.0928206443864218,0.0015578723576246
05-20-2021,126.74,123.4,-17.0,-7.0,-5.0,-38.0,-37.0,10.0,0.025,1e-05,0.025,1e-05,0.025,1e-05,0.025,1e-05,0.0250000003415179,1.3510105227189929e-05,0.0250000003769185,1.373749793444684e-05,39512223,3841742,61729,3668842,61603,0.0972292042389009,0.0015622760582212,0.0928533431287832,0.0015590871715823
05-21-2021,150.11,150.96,-18.0,-7.0,-6.0,-36.0,-35.0,9.0,0.025,1e-05,0.025,1e-05,0.025,1e-05,0.025,1e-05,0.0250000003069708,1.3202414546513736e-05,0.025000000389717,1.392226468795888e-05,39512223,3843105,61793,3670469,61672,0.0972636998935747,0.0015638958101648,0.0928945202602242,0.0015608334666465
05-22-2021,146.6,168.09,-18.0,-6.0,6.0,-30.0,-15.0,3.0,0.025,1e-05,0.025,1e-05,0.025,1e-05,0.025,1e-05,0.0250000002558943,1.2716055996738684e-05,0.0250000003508683,1.3570142473218924e-05,39512223,3844476,61826,3671655,61722,0.0972983980172414,0.0015647309947607,0.092924536288429,0.0015620988978524
05-23-2021,117.35,125.73,-15.0,-9.0,12.0,-28.0,-14.0,3.0,0.025,1e-05,0.025,1e-05,0.025,1e-05,0.025,1e-05,0.0250000002099129,1.2283091011280434e-05,0.0250000002960465,1.3051315618353844e-05,39512223,3845618,61840,3672963,61755,0.0973273004659849,0.0015650853154984,0.0929576399687762,0.0015629340824483
05-24-2021,120.25,119.04,-16.0,-8.0,1.0,-38.0,-36.0,9.0,0.025,1e-05,0.025,1e-05,0.025,1e-05,0.025,1e-05,0.0250000001853072,1.2075866440266965e-05,0.025000000247602,1.2598883340487456e-05,39512223,3846335,61848,3674044,61762,0.097345446749478,0.0015652877844913,0.0929849985914485,0.0015631112428171
05-25-2021,122.85,120.64,-17.0,-6.0,6.0,-38.0,-36.0,9.0,0.025,1e-05,0.025,1e-05,0.025,1e-05,0.025,1e-05,0.0250000001650443,1.1920799229996462e-05,0.025000000239542,1.2567167044717052e-05,39512223,3847667,61898,3674662,61770,0.097379157836804,0.0015665532156973,0.0930006393211538,0.0015633137118101
05-26-2021,128.1,124.59,-15.0,-6.0,2.0,-38.0,-37.0,9.0,0.025,1e-05,0.025,1e-05,0.025,1e-05,0.025,1e-05,0.0250000001680749,1.1997154014436826e-05,0.025000000223528,1.246185694464187e-05,39512223,3849201,61930,3675817,61824,0.0974179812662021,0.0015673630916691,0.0930298707820109,0.0015646803775125
05-27-2021,133.96,130.67,-14.0,-5.0,0.0,-36.0,-36.0,9.0,0.025,1e-05,0.025,1e-05,0.025,1e-05,0.025,1e-05,0.025000000203907,1.240781450535524e-05,0.0250000002460729,1.2739909717478144e-05,39512223,3854402,62083,3677235,61855,0.0975496114202433,0.0015712353111592,0.0930657584110112,0.0015654649448602
05-28-2021,159.17,156.48,-14.0,-3.0,3.0,-34.0,-36.0,8.0,0.025,1e-05,0.025,1e-05,0.025,1e-05,0.025,1e-05,0.0250000002055596,1.2427306416226984e-05,0.0250000002775222,1.3106003033161964e-05,39512223,3855788,62090,3682099,62025,0.0975846891732717,0.0015714124715281,0.0931888595587244,0.0015697674109604
05-29-2021,147.48,168.89,-18.0,-4.0,5.0,-28.0,-18.0,2.0,0.025,1e-05,0.025,1e-05,0.025,1e-05,0.025,1e-05,0.0250000001657202,1.202954886681578e-05,0.0250000002629638,1.29552457603852e-05,39512223,3857069,62108,3683309,61999,0.0976171095207677,0.0015718680267622,0.0932194829939079,0.0015691093867333
05-30-2021,124.46,145.49,-14.0,-6.0,24.0,-28.0,-15.0,1.0,0.025,1e-05,0.025,1e-05,0.025,1e-05,0.025,1e-05,0.0250000001063182,1.1434752620819144e-05,0.0250000002170487,1.2505181721713869e-05,39512223,3857779,62114,3684388,62006,0.097635078643892,0.0015720198785069,0.093246790999332,0.0015692865471021
05-31-2021,118.87,120.24,-13.0,-5.0,37.0,-44.0,-73.0,16.0,0.025,1e-05,0.025,1e-05,0.025,1e-05,0.025,1e-05,0.025,1e-05,0.0250000001514935,1.1861584587624096e-05,39512223,3858262,62121,3685032,62011,0.0976473027093413,0.0015721970388757,0.0932630897532644,0.0015694130902227
06-01-2021,126.75,122.7,-15.0,-3.0,2.0,-35.0,-37.0,9.0,0.025,1e-05,0.025,1e-05,0.025,1e-05,0.025,1e-05,0.025,1e-05,0.025,1e-05,39512223,3858858,62145,3685455,62021,0.097662386649316,0.0015728044458546,0.0932737953012666,0.0015696661764639
06-02-2021,127.72,125.88,-14.0,-4.0,2.0,-37.0,-37.0,9.0,0.025,1e-05,0.025,1e-05,0.025,1e-05,0.025,1e-05,0.025,1e-05,0.025,1e-05,39512223,3859769,62185,3685916,62044,0.0976854428058881,0.0015738167908193,0.0932854625769853,0.0015702482748186
06-03-2021,132.85,131.88,-13.0,-2.0,0.0,-36.0,-36.0,9.0,0.025,1e-05,0.025,1e-05,0.025,1e-05,0.025,1e-05,0.025,1e-05,0.025,1e-05,39512223,3860956,62264,3686689,62092,0.097715484142717,0.0015758161721247,0.093305026143429,0.0015714630887763
06-04-2021,152.65,154.42,-15.0,-4.0,0.0,-35.0,-34.0,8.0,0.025,1e-05,0.025,1e-05,0.025,1e-05,0.025,1e-05,0.025,1e-05,0.025,1e-05,39512223,3862195,62319,3687736,62179,0.097746841528,0.0015772081464512,0.0933315242728813,0.0015736649390746
06-05-2021,147.86,167.17,-17.0,-4.0,7.0,-29.0,-13.0,2.0,0.025,1e-05,0.025,1e-05,0.025,1e-05,0.025,1e-05,0.025,1e-05,0.025,1e-05,39512223,3863398,62550,3688893,62242,0.0977772878028148,0.0015830544386227,0.0933608063509866,0.0015752593823941
06-06-2021,120.11,126.94,-14.0,-7.0,13.0,-26.0,-12.0,2.0,0.025,1e-05,0.025,1e-05,0.025,1e-05,0.025,1e-05,0.025,1e-05,0.025,1e-05,39512223,3864342,62566,3689994,62470,0.0978011791439828,0.0015834593766086,0.0933886711461412,0.0015810297486932
06-07-2021,123.62,123.52,-14.0,-6.0,-1.0,-36.0,-37.0,9.0,0.025,1e-05,0.025,1e-05,0.025,1e-05,0.025,1e-05,0.025,1e-05,0.025,1e-05,39512223,3865215,62568,3690868,62473,0.0978232735728384,0.0015835099938568,0.093410790883621,0.0015811056745655
06-08-2021,127.7,128.11,-13.0,-3.0,10.0,-36.0,-36.0,9.0,0.025,1e-05,0.025,1e-05,0.025,1e-05,0.025,1e-05,0.025,1e-05,0.025,1e-05,39512223,3866239,62578,3691660,62479,0.0978491896039359,0.001583763080098,0.0934308353139229,0.0015812575263102
06-09-2021,131.54,130.29,-13.0,-4.0,5.0,-37.0,-37.0,9.0,0.025,1e-05,0.025,1e-05,0.025,1e-05,0.025,1e-05,0.025,1e-05,0.025,1e-05,39512223,3867200,62622,3692506,62499,0.097873511191714,0.0015848766595592,0.0934522464099273,0.0015817636987926
06-10-2021,138.75,137.94,-12.0,-3.0,5.0,-35.0,-37.0,9.0,0.025,1e-05,0.025,1e-05,0.025,1e-05,0.025,1e-05,0.025,1e-05,0.025,1e-05,39512223,3868438,62652,3693362,62538,0.0979048432683729,0.0015856359182828,0.0934739105921729,0.0015827507351332
06-11-2021,159.78,162.0,-16.0,-4.0,5.0,-34.0,-36.0,8.0,0.025,1e-05,0.025,1e-05,0.025,1e-05,0.025,1e-05,0.025,1e-05,0.025,1e-05,39512223,3869537,62578,3694498,62593,0.0979326574462793,0.001583763080098,0.0935026611891717,0.0015841427094598
06-12-2021,156.07,174.7,-18.0,-4.0,8.0,-28.0,-15.0,2.0,0.025,1e-05,0.025,1e-05,0.025,1e-05,0.025,1e-05,0.025,1e-05,0.025,1e-05,39512223,3870513,62580,3695530,62508,0.0979573586634191,0.0015838136973462,0.0935287796892622,0.0015819914764097
06-13-2021,130.05,135.8,-14.0,-7.0,15.0,-25.0,-13.0,2.0,0.025,1e-05,0.025,1e-05,0.025,1e-05,0.025,1e-05,0.025,1e-05,0.025,1e-05,39512223,3871156,62576,3696472,62512,0.0979736321087274,0.0015837124628497,0.093552620413182,0.0015820927109061
06-14-2021,133.16,133.18,-13.0,-4.0,7.0,-35.0,-38.0,8.0,0.025,1e-05,0.025,1e-05,0.025,1e-05,0.025,1e-05,0.025,1e-05,0.025,1e-05,39512223,3872092,62584,3697299,62505,0.0979973209809025,0.0015839149318427,0.0935735506453281,0.0015819155505373
06-15-2021,136.42,136.08,-13.0,-3.0,12.0,-36.0,-38.0,8.0,0.025,1e-05,0.025,1e-05,0.025,1e-05,0.025,1e-05,0.025,1e-05,0.025,1e-05,39512223,3872901,62601,3697927,62515,0.0980177956578145,0.0015843451784527,0.0935894444612746,0.0015821686367785
06-16-2021,137.5,136.87,-13.0,-4.0,5.0,-36.0,-39.0,9.0,0.025,1e-05,0.025,1e-05,0.025,1e-05,0.025,1e-05,0.025,1e-05,0.025,1e-05,39512223,3873784,62626,3698626,62534,0.0980401431729113,0.0015849778940557,0.0936071351895336,0.0015826495006368
06-17-2021,143.17,143.41,-13.0,-4.0,2.0,-35.0,-39.0,9.0,0.025,1e-05,0.025,1e-05,0.025,1e-05,0.025,1e-05,0.025,1e-05,0.025,1e-05,39512223,3875094,62684,3699455,62565,0.0980732974705067,0.0015864457942546,0.093628116038928,0.0015834340679844
06-18-2021,163.63,167.72,-16.0,-5.0,2.0,-34.0,-38.0,8.0,0.025,1e-05,0.025,1e-05,0.025,1e-05,0.025,1e-05,0.025,1e-05,0.025,1e-05,39512223,3876098,62716,3700750,62622,0.0980987073291219,0.0015872556702264,0.0936608907071616,0.0015848766595592
06-19-2021,158.77,178.6,-17.0,-2.0,6.0,-28.0,-16.0,1.0,0.025,1e-05,0.025,1e-05,0.025,1e-05,0.025,1e-05,0.025,1e-05,0.025,1e-05,39512223,3877258,62751,3701926,62654,0.0981280653330995,0.0015881414720705,0.0936906536491252,0.001585686535531
06-20-2021,120.02,122.14,-14.0,-5.0,5.0,-27.0,-15.0,0.0,0.025,1e-05,0.025,1e-05,0.025,1e-05,0.025,1e-05,0.025,1e-05,0.025,1e-05,39512223,3878368,62759,3702882,62689,0.0981561579058713,0.0015883439410635,0.0937148486937826,0.0015865723373751
06-21-2021,132.89,133.88,-14.0,-8.0,7.0,-35.0,-39.0,8.0,0.025,1e-05,0.025,1e-05,0.025,1e-05,0.025,1e-05,0.025,1e-05,0.025,1e-05,39512223,3879195,62767,3704005,62693,0.0981770881380174,0.0015885464100564,0.0937432702786679,0.0015866735718716
06-22-2021,135.07,136.74,-14.0,-6.0,12.0,-36.0,-39.0,8.0,0.025,1e-05,0.025,1e-05,0.025,1e-05,0.025,1e-05,0.025,1e-05,0.025,1e-05,39512223,3880040,62807,3704640,62701,0.0981984739253977,0.0015895587550211,0.0937593412549833,0.0015868760408646
06-23-2021,138.53,138.99,-14.0,-7.0,8.0,-36.0,-39.0,9.0,0.025,1e-05,0.025,1e-05,0.025,1e-05,0.025,1e-05,0.025,1e-05,0.025,1e-05,39512223,3881554,62876,3705427,62741,0.0982367911823133,0.0015913050500853,0.0937792591421646,0.0015878883858293
06-24-2021,144.4,145.42,-13.0,-7.0,7.0,-35.0,-39.0,8.0,0.025,1e-05,0.025,1e-05,0.025,1e-05,0.025,1e-05,0.025,1e-05,0.025,1e-05,39512223,3883607,62947,3706846,62822,0.098288749787629,0.0015931019623978,0.093815172079789,0.0015899383843829
06-25-2021,164.43,169.84,-16.0,-7.0,5.0,-34.0,-37.0,8.0,0.025,1e-05,0.025,1e-05,0.025,1e-05,0.025,1e-05,0.025,1e-05,0.025,1e-05,39512223,3885412,63005,3708861,62890,0.0983344318541632,0.0015945698625966,0.0938661689573882,0.001591659370823
06-26-2021,159.11,185.28,-18.0,-7.0,8.0,-28.0,-15.0,2.0,0.025,1e-05,0.025,1e-05,0.025,1e-05,0.025,1e-05,0.025,1e-05,0.025,1e-05,39512223,3887641,63044,3710544,62945,0.0983908447773237,0.0015955568989373,0.0939087633717799,0.0015930513451495
06-27-2021,130.53,140.93,-14.0,-10.0,11.0,-26.0,-13.0,2.0,0.025,1e-05,0.025,1e-05,0.025,1e-05,0.025,1e-05,0.025,1e-05,0.025,1e-05,39512223,3888852,63056,3712795,62990,0.0984214935211314,0.0015958606024267,0.093965733084671,0.0015941902332349
06-28-2021,134.0,133.42,-14.0,-8.0,4.0,-36.0,-39.0,4.0,0.025,1e-05,0.025,1e-05,0.025,1e-05,0.025,1e-05,0.025,1e-05,0.025,1e-05,39512223,3889992,63062,3714051,62994,0.0984503453526267,0.0015960124541714,0.093997520716564,0.0015942914677313
06-29-2021,134.74,135.04,-17.0,-10.0,5.0,-39.0,-40.0,7.0,0.025,1e-05,0.025,1e-05,0.025,1e-05,0.025,1e-05,0.025,1e-05,0.025,1e-05,39512223,3886057,63087,3714813,62999,0.0983507559167197,0.0015966451697744,0.0940168058881425,0.0015944180108519
06-30-2021,138.6,136.99,-13.0,-6.0,4.0,-36.0,-39.0,8.0,0.025,1e-05,0.025,1e-05,0.025,1e-05,0.025,1e-05,0.025,1e-05,0.025,1e-05,39512223,3887800,63161,3710454,63023,0.0983948688485585,0.0015985180079592,0.0939064855956092,0.0015950254178308
07-01-2021,146.28,145.08,-11.0,-2.0,4.0,-33.0,-39.0,8.0,0.025,1e-05,0.025,1e-05,0.025,1e-05,0.025,1e-05,0.025,1e-05,0.025,1e-05,39512223,3889598,63201,3712152,63096,0.0984403737547239,0.0015995303529239,0.0939494596393627,0.0015968729473914
07-02-2021,162.92,165.82,-13.0,0.0,4.0,-32.0,-39.0,8.0,0.025,1e-05,0.025,1e-05,0.025,1e-05,0.025,1e-05,0.025,1e-05,0.025,1e-05,39512223,3890385,63210,3713944,63141,0.0984602916419053,0.001599758130541,0.0939948126937833,0.0015980118354768
07-03-2021,147.18,173.43,-16.0,2.0,7.0,-28.0,-19.0,2.0,0.025,1e-05,0.025,1e-05,0.025,1e-05,0.025,1e-05,0.025,1e-05,0.025,1e-05,39512223,3891064,63210,3713944,63141,0.0984774761976819,0.001599758130541,0.0939948126937833,0.0015980118354768
07-04-2021,115.02,152.92,-25.0,-2.0,32.0,-28.0,-23.0,0.0,0.025,1e-05,0.025,1e-05,0.025,1e-05,0.025,1e-05,0.025,1e-05,0.025,1e-05,39512223,3891622,63210,3713944,63141,0.0984915984099401,0.001599758130541,0.0939948126937833,0.0015980118354768
07-05-2021,127.16,131.99,-9.0,-8.0,25.0,-42.0,-70.0,15.0,0.025,1e-05,0.025,1e-05,0.025,1e-05,0.025,1e-05,0.025,1e-05,0.025,1e-05,39512223,3895552,63286,3713944,63141,0.0985910613027265,0.001601681585974,0.0939948126937833,0.0015980118354768
07-06-2021,135.25,137.27,-14.0,-4.0,11.0,-35.0,-39.0,8.0,0.025,1e-05,0.025,1e-05,0.025,1e-05,0.025,1e-05,0.025,1e-05,0.025,1e-05,39512223,3897487,63325,3719674,63238,0.0986400334903961,0.0016026686223146,0.0941398311099833,0.0016004667720163
07-07-2021,139.43,141.34,-14.0,-5.0,8.0,-36.0,-39.0,9.0,0.025,1e-05,0.025,1e-05,0.025,1e-05,0.025,1e-05,0.025,1e-05,0.025,1e-05,39512223,3899311,63376,3721006,63259,0.0986861964207885,0.0016039593621447,0.0941735421973094,0.0016009982531228
07-08-2021,143.0,145.17,-14.0,-4.0,6.0,-35.0,-39.0,9.0,0.025,1e-05,0.025,1e-05,0.025,1e-05,0.025,1e-05,0.025,1e-05,0.025,1e-05,39512223,3901829,63432,3878207,63317,0.0987499235363193,0.0016053766450953,0.0981520832173882,0.0016024661533217
07-09-2021,161.41,167.84,-16.0,-6.0,2.0,-34.0,-37.0,8.0,0.025,1e-05,0.025,1e-05,0.025,1e-05,0.025,1e-05,0.025,1e-05,0.025,1e-05,39512223,3903158,63447,3880618,63376,0.0987835586977731,0.0016057562744571,0.0982131023101383,0.0016039593621447
07-10-2021,154.89,179.12,-18.0,-6.0,2.0,-29.0,-15.0,3.0,0.025,1e-05,0.025,1e-05,0.025,1e-05,0.025,1e-05,0.025,1e-05,0.025,1e-05,39512223,3904446,63447,3880618,63376,0.0988161562056379,0.0016057562744571,0.0982131023101383,0.0016039593621447
07-11-2021,126.49,139.5,-14.0,-9.0,7.0,-27.0,-13.0,2.0,0.025,1e-05,0.025,1e-05,0.025,1e-05,0.025,1e-05,0.025,1e-05,0.025,1e-05,39512223,3910774,63525,3880618,63376,0.0989763091790608,0.0016077303471384,0.0982131023101383,0.0016039593621447
07-12-2021,133.25,135.32,-13.0,-6.0,6.0,-35.0,-39.0,8.0,0.025,1e-05,0.025,1e-05,0.025,1e-05,0.025,1e-05,0.025,1e-05,0.025,1e-05,39512223,3914294,63550,3889528,63472,0.0990653955359585,0.0016083630627413,0.0984386021510356,0.0016063889900601
07-13-2021,134.69,136.88,-13.0,-5.0,11.0,-36.0,-38.0,8.0,0.025,1e-05,0.025,1e-05,0.025,1e-05,0.025,1e-05,0.025,1e-05,0.025,1e-05,39512223,3919094,63571,3892784,63478,0.0991868769317281,0.0016088945438478,0.098521007031166,0.0016065408418048
07-14-2021,139.14,141.43,-13.0,-5.0,9.0,-36.0,-38.0,8.0,0.025,1e-05,0.025,1e-05,0.025,1e-05,0.025,1e-05,0.025,1e-05,0.025,1e-05,39512223,3922874,63596,3895877,63508,0.0992825435308967,0.0016095272594508,0.098599286605565,0.0016073001005283
07-15-2021,145.98,148.11,-12.0,-4.0,8.0,-34.0,-38.0,8.0,0.025,1e-05,0.025,1e-05,0.025,1e-05,0.025,1e-05,0.025,1e-05,0.025,1e-05,39512223,3926110,63667,3899499,63533,0.0993644422385447,0.0016113241717632,0.0986909544421228,0.0016079328161313
07-16-2021,164.13,170.99,-15.0,-6.0,6.0,-33.0,-37.0,8.0,0.025,1e-05,0.025,1e-05,0.025,1e-05,0.025,1e-05,0.025,1e-05,0.025,1e-05,39512223,3929804,63671,3904150,63598,0.0994579322960391,0.0016114254062597,0.0988086648528988,0.001609577876699
07-17-2021,159.45,185.87,-16.0,-6.0,10.0,-28.0,-15.0,2.0,0.025,1e-05,0.025,1e-05,0.025,1e-05,0.025,1e-05,0.025,1e-05,0.025,1e-05,39512223,3931809,63671,3904150,63598,0.099508676087397,0.0016114254062597,0.0988086648528988,0.001609577876699
07-18-2021,128.99,142.18,-13.0,-7.0,13.0,-25.0,-13.0,2.0,0.025,1e-05,0.025,1e-05,0.025,1e-05,0.025,1e-05,0.025,1e-05,0.025,1e-05,39512223,3941770,63704,3904150,63598,0.0997607752922431,0.0016122605908556,0.0988086648528988,0.001609577876699
07-19-2021,135.52,137.91,-12.0,-4.0,7.0,-35.0,-39.0,8.0,0.025,1e-05,0.025,1e-05,0.025,1e-05,0.025,1e-05,0.025,1e-05,0.025,1e-05,39512223,3947412,63725,3918247,63649,0.0999035665495206,0.0016127920719621,0.0991654405270996,0.0016108686165291
07-20-2021,137.07,138.23,-13.0,-3.0,13.0,-35.0,-38.0,8.0,0.025,1e-05,0.025,1e-05,0.025,1e-05,0.025,1e-05,0.025,1e-05,0.025,1e-05,39512223,3954929,63733,3922970,63653,0.1000938114770206,0.001612994540955,0.0992849731588121,0.0016109698510255
07-21-2021,139.5,140.55,-13.0,-4.0,9.0,-36.0,-38.0,8.0,0.025,1e-05,0.025,1e-05,0.025,1e-05,0.025,1e-05,0.025,1e-05,0.025,1e-05,39512223,3961154,63764,3928255,63664,0.1002513576621593,0.0016137791083027,0.0994187292372793,0.0016112482458908
07-22-2021,143.79,144.48,-13.0,-5.0,6.0,-35.0,-39.0,9.0,0.025,1e-05,0.025,1e-05,0.025,1e-05,0.025,1e-05,0.025,1e-05,0.025,1e-05,39512223,3969447,63798,3939217,63695,0.1004612420819754,0.0016146396015227,0.0996961623748681,0.0016120328132385
07-23-2021,160.8,167.92,-15.0,-6.0,5.0,-34.0,-37.0,8.0,0.025,1e-05,0.025,1e-05,0.025,1e-05,0.025,1e-05,0.025,1e-05,0.025,1e-05,39512223,3970513,63820,3947201,63741,0.1004882210752859,0.0016151963912534,0.0998982264298316,0.001613197009948
07-24-2021,153.71,178.89,-17.0,-7.0,5.0,-29.0,-15.0,2.0,0.025,1e-05,0.025,1e-05,0.025,1e-05,0.025,1e-05,0.025,1e-05,0.025,1e-05,39512223,3976272,63821,3947201,63741,0.1006339734415854,0.0016152216998775,0.0998982264298316,0.001613197009948
07-25-2021,127.18,137.49,-13.0,-9.0,9.0,-26.0,-13.0,2.0,0.025,1e-05,0.025,1e-05,0.025,1e-05,0.025,1e-05,0.025,1e-05,0.025,1e-05,39512223,3991397,63863,3947201,63741,0.1010167663813802,0.0016162846620905,0.0998982264298316,0.001613197009948
07-26-2021,130.86,133.38,-13.0,-7.0,3.0,-36.0,-39.0,9.0,0.025,1e-05,0.025,1e-05,0.025,1e-05,0.025,1e-05,0.025,1e-05,0.025,1e-05,39512223,4000683,63882,3969141,63806,0.1012517822649462,0.0016167655259487,0.1004534976429951,0.0016148420705157
07-27-2021,133.64,138.92,-13.0,-5.0,12.0,-36.0,-38.0,9.0,0.025,1e-05,0.025,1e-05,0.025,1e-05,0.025,1e-05,0.025,1e-05,0.025,1e-05,39512223,4008729,63912,3976872,63811,0.101455415454605,0.0016175247846723,0.1006491586160566,0.0016149686136363
07-28-2021,136.96,140.79,-13.0,-6.0,8.0,-36.0,-38.0,9.0,0.025,1e-05,0.025,1e-05,0.025,1e-05,0.025,1e-05,0.025,1e-05,0.025,1e-05,39512223,4016819,63951,3983721,63849,0.101660162223725,0.0016185118210129,0.1008224973826453,0.0016159303413528
07-29-2021,141.89,145.22,-13.0,-6.0,4.0,-35.0,-39.0,9.0,0.025,1e-05,0.025,1e-05,0.025,1e-05,0.025,1e-05,0.025,1e-05,0.025,1e-05,39512223,4027583,63996,3994499,63891,0.1019325842537384,0.0016196507090982,0.1010952737333963,0.0016169933035658
07-30-2021,160.22,167.47,-15.0,-6.0,2.0,-34.0,-37.0,8.0,0.025,1e-05,0.025,1e-05,0.025,1e-05,0.025,1e-05,0.025,1e-05,0.025,1e-05,39512223,4032263,64010,4004855,63935,0.1020510286146137,0.0016200050298359,0.1013573698447693,0.001618106883027
07-31-2021,154.52,181.16,-16.0,-6.0,3.0,-29.0,-15.0,2.0,0.025,1e-05,0.025,1e-05,0.025,1e-05,0.025,1e-05,0.025,1e-05,0.025,1e-05,39512223,4035814,64010,4004855,63935,0.1021408995388591,0.0016200050298359,0.1013573698447693,0.001618106883027
08-01-2021,126.94,141.76,-13.0,-7.0,7.0,-26.0,-13.0,2.0,0.025,1e-05,0.025,1e-05,0.025,1e-05,0.025,1e-05,0.025,1e-05,0.025,1e-05,39512223,4060104,64149,4004855,63935,0.1027556460187016,0.0016235229285884,0.1013573698447693,0.001618106883027
08-02-2021,132.81,137.08,-11.0,-4.0,7.0,-35.0,-39.0,8.0,0.025,1e-05,0.025,1e-05,0.025,1e-05,0.025,1e-05,0.025,1e-05,0.025,1e-05,39512223,4069912,64167,4038262,64085,0.1030038730040575,0.0016239784838225,0.1022028550507016,0.0016219031766448
08-03-2021,134.14,138.42,-12.0,-2.0,12.0,-36.0,-39.0,8.0,0.025,1e-05,0.025,1e-05,0.025,1e-05,0.025,1e-05,0.025,1e-05,0.025,1e-05,39512223,4080030,64210,4045580,64096,0.1032599456628901,0.0016250667546596,0.102388063562002,0.0016221815715101
08-04-2021,137.07,138.87,-12.0,-4.0,6.0,-36.0,-39.0,9.0,0.025,1e-05,0.025,1e-05,0.025,1e-05,0.025,1e-05,0.025,1e-05,0.025,1e-05,39512223,4090300,64267,4054132,64150,0.1035198652325889,0.0016265093462344,0.1026045029154649,0.0016235482372125
08-05-2021,140.44,144.18,-12.0,-4.0,4.0,-36.0,-39.0,9.0,0.025,1e-05,0.025,1e-05,0.025,1e-05,0.025,1e-05,0.025,1e-05,0.025,1e-05,39512223,4105487,64301,4067174,64206,0.1039042273070791,0.0016273698394544,0.1029345779912205,0.0016249655201632
08-06-2021,158.17,166.4,-15.0,-6.0,0.0,-35.0,-37.0,8.0,0.025,1e-05,0.025,1e-05,0.025,1e-05,0.025,1e-05,0.025,1e-05,0.025,1e-05,39512223,4119486,64335,4081576,64243,0.1042585227361163,0.0016282303326745,0.1032990727957776,0.0016259019392556
08-07-2021,149.96,178.36,-17.0,-6.0,0.0,-30.0,-16.0,3.0,0.025,1e-05,0.025,1e-05,0.025,1e-05,0.025,1e-05,0.025,1e-05,0.025,1e-05,39512223,4132239,64373,4094492,64276,0.1045812836195017,0.001629192060391,0.1036259589848943,0.0016267371238515
08-08-2021,124.18,136.94,-13.0,-7.0,6.0,-27.0,-14.0,2.0,0.025,1e-05,0.025,1e-05,0.025,1e-05,0.025,1e-05,0.025,1e-05,0.025,1e-05,39512223,4141871,64388,4107763,64312,0.1048250562870127,0.0016295716897528,0.1039618297355732,0.0016276482343197
08-09-2021,130.64,136.53,-12.0,-4.0,4.0,-36.0,-38.0,8.0,0.025,1e-05,0.025,1e-05,0.025,1e-05,0.025,1e-05,0.025,1e-05,0.025,1e-05,39512223,4154965,64400,4118188,64318,0.1051564474112226,0.0016298753932422,0.1042256721420103,0.0016278000860645
08-10-2021,132.81,138.28,-13.0,-3.0,8.0,-36.0,-38.0,8.0,0.025,1e-05,0.025,1e-05,0.025,1e-05,0.025,1e-05,0.025,1e-05,0.025,1e-05,39512223,4166276,64036,4127813,64328,0.1054427132586288,0.001620663054063,0.1044692676491525,0.0016280531723056
08-11-2021,134.67,139.34,-13.0,-5.0,3.0,-37.0,-38.0,8.0,0.025,1e-05,0.025,1e-05,0.025,1e-05,0.025,1e-05,0.025,1e-05,0.025,1e-05,39512223,4177502,64096,4137738,63976,0.105726827872985,0.0016221815715101,0.1047204557435303,0.0016191445366159
08-12-2021,140.52,144.48,-14.0,-4.0,1.0,-35.0,-38.0,8.0,0.025,1e-05,0.025,1e-05,0.025,1e-05,0.025,1e-05,0.025,1e-05,0.025,1e-05,39512223,4191895,64152,4148188,64037,0.106091094899925,0.0016235988544608,0.1049849308655703,0.0016206883626871
08-13-2021,158.95,168.44,-15.0,-5.0,0.0,-35.0,-36.0,7.0,0.025,1e-05,0.025,1e-05,0.025,1e-05,0.025,1e-05,0.025,1e-05,0.025,1e-05,39512223,4207657,64197,4162287,64098,0.1064900094332834,0.0016247377425461,0.1053417571570194,0.0016222321887584
08-14-2021,153.43,180.32,-16.0,-6.0,1.0,-30.0,-16.0,3.0,0.025,1e-05,0.025,1e-05,0.025,1e-05,0.025,1e-05,0.025,1e-05,0.025,1e-05,39512223,4220828,64236,4176766,64138,0.1068233493215504,0.0016257247788867,0.1057082007256336,0.0016232445337231
08-15-2021,124.83,137.47,-12.0,-7.0,3.0,-28.0,-14.0,2.0,0.025,1e-05,0.025,1e-05,0.025,1e-05,0.025,1e-05,0.025,1e-05,0.025,1e-05,39512223,4231540,64261,4190238,64183,0.1070944553031096,0.0016263574944897,0.1060491585097603,0.0016243834218084
08-16-2021,131.85,139.3,-13.0,-4.0,-1.0,-35.0,-38.0,8.0,0.025,1e-05,0.025,1e-05,0.025,1e-05,0.025,1e-05,0.025,1e-05,0.025,1e-05,39512223,4244915,64272,4201675,64194,0.1074329581506968,0.001626635889355,0.1063386132438056,0.0016246618166737
08-17-2021,134.75,141.64,-14.0,-4.0,5.0,-35.0,-38.0,7.0,0.025,1e-05,0.025,1e-05,0.025,1e-05,0.025,1e-05,0.025,1e-05,0.025,1e-05,39512223,4260352,64348,4211423,64201,0.1078236473812166,0.001628559344788,0.1065853217117143,0.0016248389770426
08-18-2021,135.54,142.15,-15.0,-6.0,-4.0,-36.0,-36.0,8.0,0.025,1e-05,0.025,1e-05,0.025,1e-05,0.025,1e-05,0.025,1e-05,0.025,1e-05,39512223,4274173,64442,4225740,64291,0.1081734378751608,0.0016309383554552,0.1069476652832213,0.0016271167532133
08-19-2021,139.45,148.05,-15.0,-6.0,-2.0,-35.0,-36.0,8.0,0.025,1e-05,0.025,1e-05,0.025,1e-05,0.025,1e-05,0.025,1e-05,0.025,1e-05,39512223,4289560,64562,4248391,64383,0.1085628616744747,0.0016339753903494,0.1075209309281333,0.0016294451466322
08-20-2021,158.62,173.62,-16.0,-7.0,-4.0,-34.0,-35.0,7.0,0.025,1e-05,0.025,1e-05,0.025,1e-05,0.025,1e-05,0.025,1e-05,0.025,1e-05,39512223,4314955,64647,4263107,64503,0.1092055741839683,0.0016361266233995,0.1078933726406636,0.0016324821815264
08-21-2021,149.56,183.73,-17.0,-7.0,-4.0,-31.0,-16.0,3.0,0.025,1e-05,0.025,1e-05,0.025,1e-05,0.025,1e-05,0.025,1e-05,0.025,1e-05,39512223,4328977,64733,4276720,64585,0.1095604517113603,0.0016383031650737,0.108237898940791,0.0016345574887041
08-22-2021,121.69,139.79,-14.0,-8.0,2.0,-28.0,-14.0,3.0,0.025,1e-05,0.025,1e-05,0.025,1e-05,0.025,1e-05,0.025,1e-05,0.025,1e-05,39512223,4338767,64749,4291284,64674,0.109808223141482,0.0016387081030596,0.1086064937424553,0.0016368099562507
08-23-2021,129.52,143.4,-15.0,-6.0,-1.0,-35.0,-36.0,8.0,0.025,1e-05,0.025,1e-05,0.025,1e-05,0.025,1e-05,0.025,1e-05,0.025,1e-05,39512223,4352839,64771,4301558,64677,0.1101643661000799,0.0016392648927902,0.1088665145466505,0.0016368858821231
08-24-2021,133.83,145.29,-15.0,-6.0,4.0,-37.0,-36.0,7.0,0.025,1e-05,0.025,1e-05,0.025,1e-05,0.025,1e-05,0.025,1e-05,0.025,1e-05,39512223,4366090,64865,4311959,64694,0.1104997306782764,0.0016416439034574,0.1091297495461088,0.0016373161287331
08-25-2021,136.01,147.1,-15.0,-6.0,1.0,-36.0,-36.0,8.0,0.025,1e-05,0.025,1e-05,0.025,1e-05,0.025,1e-05,0.025,1e-05,0.025,1e-05,39512223,4379372,64994,4323858,64802,0.1108358798238206,0.0016449087159687,0.1094308968644968,0.0016400494601379
08-26-2021,140.93,151.14,-15.0,-5.0,-2.0,-35.0,-36.0,8.0,0.025,1e-05,0.025,1e-05,0.025,1e-05,0.025,1e-05,0.025,1e-05,0.025,1e-05,39512223,4393946,65097,4341233,64931,0.111204727711726,0.0016475155042529,0.1098706342085587,0.0016433142726492
08-27-2021,162.63,175.15,-16.0,-6.0,-6.0,-35.0,-33.0,7.0,0.025,1e-05,0.025,1e-05,0.025,1e-05,0.025,1e-05,0.025,1e-05,0.025,1e-05,39512223,4410293,65203,4355018,65033,0.1116184477901939,0.0016501982184095,0.1102195135920345,0.0016458957523093
08-28-2021,154.19,184.41,-17.0,-7.0,-5.0,-32.0,-16.0,4.0,0.025,1e-05,0.025,1e-05,0.025,1e-05,0.025,1e-05,0.025,1e-05,0.025,1e-05,39512223,4424676,65313,4370175,65139,0.1119824617308927,0.0016529821670625,0.1106031164078012,0.0016485784664659
08-29-2021,122.2,136.55,-14.0,-8.0,-3.0,-29.0,-15.0,3.0,0.025,1e-05,0.025,1e-05,0.025,1e-05,0.025,1e-05,0.025,1e-05,0.025,1e-05,39512223,4436023,65332,4382003,65243,0.1122696386887672,0.0016534630309208,0.1109024668138768,0.0016512105633742
08-30-2021,128.03,134.83,-14.0,-6.0,-5.0,-36.0,-34.0,8.0,0.025,1e-05,0.025,1e-05,0.0250000002877043,1.5682055486228937e-05,0.025,1e-05,0.025,1e-05,0.025,1e-05,39512223,4448905,65365,4396971,65271,0.1125956643846639,0.0016542982155167,0.111281286299685,0.0016519192048495
08-31-2021,132.76,136.18,-15.0,-5.0,1.0,-36.0,-34.0,8.0,0.025,1e-05,0.025,1e-05,0.0250000003410414,1.696736692985844e-05,0.0250000002953728,1.5836344727370126e-05,0.025,1e-05,0.025,1e-05,39512223,4473173,65490,4406577,65287,0.1132098540747758,0.0016574617935315,0.1115244009429689,0.0016523241428354
