date,Hawaii-apple-driving,Hawaii-apple-walking,Hawaii-google-retail_and_recreation,Hawaii-google-grocery_and_pharmacy,Hawaii-google-parks,Hawaii-google-transit_stations,Hawaii-google-workplaces,Hawaii-google-residential,Hawaii-jh_beta_7,Hawaii-jh_gamma_7,Hawaii-cdc_beta_7,Hawaii-cdc_gamma_7,Hawaii-jh_beta_14,Hawaii-jh_gamma_14,Hawaii-cdc_beta_14,Hawaii-cdc_gamma_14,Hawaii-jh_beta_30,Hawaii-jh_gamma_30,Hawaii-cdc_beta_30,Hawaii-cdc_gamma_30,Hawaii-census_pop,Hawaii-jh_confirmed,Hawaii-jh_death,Hawaii-cdc_confirmed,Hawaii-cdc_death,Hawaii-jh_confirmed_ratio,Hawaii-jh_death_ratio,Hawaii-cdc_confirmed_ratio,Hawaii-cdc_death_ratio
01-01-2021,64.81,69.72,-53.0,-45.0,-38.0,-68.0,-75.0,28.0,0.025,1e-05,0.025,1e-05,0.025,1e-05,0.025,1e-05,0.0250000013374311,2.132003866144992e-05,0.0250000013071817,2.1052922640295545e-05,1415872,22397,289,21258,287,0.0158185203182208,0.0002041144962256,0.0150140690683903,0.0002027019391583
01-02-2021,78.63,72.32,-34.0,-22.0,-33.0,-55.0,-31.0,10.0,0.025,1e-05,0.025,1e-05,0.025,1e-05,0.025,1e-05,0.0250000013738724,2.1689913516399697e-05,0.0250000013423233,2.1409678658057236e-05,1415872,22448,289,21417,287,0.0158545405234371,0.0002041144962256,0.0151263673552411,0.0002027019391583
01-03-2021,65.68,60.39,-34.0,-23.0,-39.0,-51.0,-23.0,8.0,0.025,1e-05,0.025,1e-05,0.025,1e-05,0.025,1e-05,0.025000001329484,2.1342462688102472e-05,0.0250000012993357,2.1073430333399204e-05,1415872,22560,289,21539,287,0.0159336437192062,0.0002041144962256,0.0152125333363467,0.0002027019391583
01-04-2021,73.68,67.52,-30.0,-20.0,-42.0,-49.0,-35.0,12.0,0.025,1e-05,0.025,1e-05,0.025,1e-05,0.025,1e-05,0.025,1e-05,0.025,1e-05,1415872,22602,289,21614,287,0.0159633074176196,0.0002041144962256,0.0152655042263707,0.0002027019391583
01-05-2021,73.7,65.91,-31.0,-16.0,-46.0,-53.0,-34.0,13.0,0.025,1e-05,0.025,1e-05,0.025,1e-05,0.025,1e-05,0.025,1e-05,0.025,1e-05,1415872,22757,289,21721,287,0.0160727805903358,0.0002041144962256,0.0153410760294715,0.0002027019391583
01-06-2021,70.23,63.65,-34.0,-22.0,-42.0,-55.0,-34.0,13.0,0.025,1e-05,0.025,1e-05,0.025,1e-05,0.025,1e-05,0.025,1e-05,0.025,1e-05,1415872,22917,299,21846,297,0.0161857851557202,0.0002111772815621,0.0154293608461781,0.0002097647244948
01-07-2021,71.75,63.19,-35.0,-20.0,-45.0,-54.0,-35.0,14.0,0.025,1e-05,0.025,1e-05,0.025,1e-05,0.025,1e-05,0.025,1e-05,0.025,1e-05,1415872,23400,299,22133,297,0.0165269176874745,0.0002111772815621,0.0156320627853365,0.0002097647244948
01-08-2021,77.03,68.74,-35.0,-21.0,-42.0,-55.0,-31.0,13.0,0.025,1e-05,0.025,1e-05,0.025,1e-05,0.025,1e-05,0.025,1e-05,0.025,1e-05,1415872,23704,303,22372,301,0.016741626361705,0.0002140023956967,0.0158008633548795,0.0002125898386294
01-09-2021,76.06,67.1,-35.0,-21.0,-37.0,-57.0,-26.0,9.0,0.025,1e-05,0.025,1e-05,0.025,1e-05,0.025,1e-05,0.025,1e-05,0.025,1e-05,1415872,23897,308,22600,305,0.0168779381186999,0.000217533788365,0.0159618948605523,0.000215414952764
01-10-2021,62.99,56.53,-36.0,-22.0,-38.0,-59.0,-24.0,8.0,0.025,1e-05,0.025,1e-05,0.025,1e-05,0.025,1e-05,0.025,1e-05,0.025,1e-05,1415872,24045,309,22778,306,0.0169824673416806,0.0002182400668987,0.0160876124395425,0.0002161212312977
01-11-2021,67.87,62.64,-36.0,-25.0,-48.0,-55.0,-33.0,12.0,0.025,1e-05,0.025,1e-05,0.025,1e-05,0.025,1e-05,0.025,1e-05,0.025,1e-05,1415872,24201,309,22940,306,0.0170926467929304,0.0002182400668987,0.0162020295619943,0.0002161212312977
01-12-2021,67.76,60.03,-35.0,-22.0,-46.0,-56.0,-34.0,13.0,0.025,1e-05,0.025,1e-05,0.025,1e-05,0.025,1e-05,0.025,1e-05,0.025,1e-05,1415872,24261,309,23048,306,0.0171350235049496,0.0002182400668987,0.0162783076436288,0.0002161212312977
01-13-2021,68.39,59.31,-37.0,-25.0,-44.0,-57.0,-34.0,13.0,0.025,1e-05,0.025,1e-05,0.025,1e-05,0.025,1e-05,0.025,1e-05,0.025,1e-05,1415872,24352,312,23141,309,0.017199294851512,0.0002203589024996,0.0163439915472585,0.0002182400668987
01-14-2021,69.63,61.19,-37.0,-24.0,-45.0,-56.0,-35.0,13.0,0.025,1e-05,0.025,1e-05,0.025,1e-05,0.025,1e-05,0.025,1e-05,0.025,1e-05,1415872,24598,318,23305,315,0.0173730393707905,0.0002245965737015,0.0164598212267775,0.0002224777381006
01-15-2021,79.34,71.13,-36.0,-23.0,-41.0,-56.0,-34.0,13.0,0.025,1e-05,0.025,1e-05,0.025,1e-05,0.025,1e-05,0.025,1e-05,0.025,1e-05,1415872,24789,318,23448,315,0.0175079385707182,0.0002245965737015,0.0165608190570899,0.0002224777381006
01-16-2021,82.05,69.62,-35.0,-23.0,-29.0,-60.0,-27.0,8.0,0.025,1e-05,0.025,1e-05,0.025,1e-05,0.025,1e-05,0.025,1e-05,0.025,1e-05,1415872,24969,320,23604,317,0.0176350687067757,0.0002260091307688,0.0166709985083397,0.0002238902951679
01-17-2021,63.76,57.24,-37.0,-25.0,-44.0,-63.0,-26.0,8.0,0.025,1e-05,0.025,1e-05,0.025,1e-05,0.025,1e-05,0.025,1e-05,0.025,1e-05,1415872,25064,322,23725,319,0.0177021651674727,0.0002274216878361,0.0167564582109117,0.0002253028522352
01-18-2021,65.0,55.3,-38.0,-30.0,-63.0,-61.0,-58.0,20.0,0.025,1e-05,0.025,1e-05,0.025,1e-05,0.025,1e-05,0.025,1e-05,0.025,1e-05,1415872,25187,322,23840,319,0.017789037427112,0.0002274216878361,0.0168376802422817,0.0002253028522352
01-19-2021,65.48,58.36,-37.0,-25.0,-52.0,-57.0,-35.0,14.0,0.025,1e-05,0.025,1e-05,0.025,1e-05,0.025,1e-05,0.025,1e-05,0.025,1e-05,1415872,25195,324,24483,321,0.0177946876553812,0.0002288342449034,0.0172918173394205,0.0002267154093025
01-20-2021,65.24,57.44,-38.0,-27.0,-46.0,-57.0,-34.0,13.0,0.025,1e-05,0.025,1e-05,0.025,1e-05,0.025,1e-05,0.025,1e-05,0.025,1e-05,1415872,25278,325,24551,322,0.0178533087736744,0.0002295405234371,0.0173398442797089,0.0002274216878361
01-21-2021,66.91,57.1,-38.0,-25.0,-50.0,-57.0,-34.0,13.0,0.025,1e-05,0.025,1e-05,0.025,1e-05,0.025,1e-05,0.025,1e-05,0.025,1e-05,1415872,25441,328,24663,325,0.0179684321746598,0.0002316593590381,0.017418947475478,0.0002295405234371
01-22-2021,74.19,65.81,-37.0,-24.0,-43.0,-57.0,-30.0,13.0,0.025,1e-05,0.025,1e-05,0.025,1e-05,0.025,1e-05,0.025,1e-05,0.025,1e-05,1415872,25658,332,24785,329,0.0181216946164625,0.0002344844731727,0.0175051134565836,0.0002323656375717
01-23-2021,75.49,64.35,-37.0,-23.0,-39.0,-61.0,-27.0,8.0,0.025,1e-05,0.025,1e-05,0.025,1e-05,0.025,1e-05,0.025,1e-05,0.025,1e-05,1415872,25758,336,24950,333,0.0181923224698277,0.0002373095873073,0.0176216494146363,0.0002351907517063
01-24-2021,59.88,52.75,-38.0,-27.0,-41.0,-63.0,-25.0,8.0,0.025,1e-05,0.025,1e-05,0.025,1e-05,0.025,1e-05,0.025,1e-05,0.025,1e-05,1415872,25925,342,25093,339,0.0183102709849477,0.0002415472585092,0.0177226472449486,0.0002394284229082
01-25-2021,68.69,52.45,-42.0,-34.0,-62.0,-58.0,-34.0,13.0,0.025,1e-05,0.025,1e-05,0.025,1e-05,0.025,1e-05,0.0250000014406066,2.0988088281853486e-05,0.0250000013523457,2.029672546284678e-05,1415872,26019,342,25209,339,0.0183766611671111,0.0002415472585092,0.0178045755548524,0.0002394284229082
01-26-2021,65.27,57.33,-36.0,-24.0,-52.0,-58.0,-34.0,13.0,0.025,1e-05,0.025,1e-05,0.025,1e-05,0.025,1e-05,0.0250000015604757,2.199266313641292e-05,0.0250000014684102,2.126291435914201e-05,1415872,26030,401,25272,398,0.0183844302309813,0.0002832176919947,0.0178490711024725,0.0002810988563937
01-27-2021,67.34,55.39,-37.0,-27.0,-46.0,-56.0,-33.0,13.0,0.025,1e-05,0.025,1e-05,0.025,1e-05,0.025,1e-05,0.0250000019658871,2.4753080816962848e-05,0.0250000018579962,2.3907883205706e-05,1415872,26164,404,25366,401,0.0184790715544908,0.0002853365275957,0.0179154612846359,0.0002832176919947
01-28-2021,68.37,58.85,-37.0,-25.0,-49.0,-56.0,-34.0,13.0,0.025,1e-05,0.025,1e-05,0.025,1e-05,0.025,1e-05,0.0250000023465469,2.742266243103889e-05,0.0250000022273991,2.649279298569248e-05,1415872,26263,406,25460,403,0.0185489931293224,0.000286749084663,0.0179818514667992,0.000284630249062
01-29-2021,76.33,65.39,-36.0,-24.0,-46.0,-57.0,-31.0,13.0,0.025,1e-05,0.025,1e-05,0.025,1e-05,0.025,1e-05,0.025000002714221,3.0091272534213737e-05,0.0250000025780125,2.9028867732168536e-05,1415872,26460,407,25564,404,0.018688130000452,0.0002874553631966,0.0180553044342991,0.0002853365275957
01-30-2021,78.47,68.54,-34.0,-21.0,-36.0,-59.0,-25.0,8.0,0.025,1e-05,0.025,1e-05,0.025,1e-05,0.025,1e-05,0.0250000030617859,3.2703162876940954e-05,0.025000002908136,3.150178626659774e-05,1415872,26545,407,25708,404,0.0187481636758125,0.0002874553631966,0.0181570085431451,0.0002853365275957
01-31-2021,63.58,56.26,-34.0,-22.0,-37.0,-60.0,-23.0,7.0,0.025,1e-05,0.025,1e-05,0.0250000006341991,2.0506233031298745e-05,0.025,1e-05,0.0250000032535508,3.403583723016437e-05,0.0250000030824721,3.270101681548879e-05,1415872,26596,410,25786,407,0.0187841838810287,0.0002895741987976,0.01821209826877,0.0002874553631966
02-01-2021,67.32,58.29,-36.0,-26.0,-51.0,-53.0,-33.0,11.0,0.025,1e-05,0.025,1e-05,0.0250000006800094,2.153237130322386e-05,0.0250000006461764,2.0946168381918145e-05,0.0250000035499576,3.635167862438034e-05,0.0250000033463717,3.475945445109433e-05,1415872,26692,410,25870,407,0.0188519866202594,0.0002895741987976,0.0182714256655968,0.0002874553631966
02-02-2021,66.81,57.35,-35.0,-24.0,-47.0,-56.0,-33.0,12.0,0.025,1e-05,0.025,1e-05,0.0250000007327204,2.2797432031464025e-05,0.0250000006961163,2.214336488698276e-05,0.0250000038241661,3.8644267099894514e-05,0.025000003623305,3.705642299140577e-05,1415872,26734,410,25932,407,0.0188816503186728,0.0002895741987976,0.0183152149346833,0.0002874553631966
02-03-2021,64.35,53.78,-39.0,-26.0,-60.0,-60.0,-35.0,15.0,0.025,1e-05,0.025,1e-05,0.0250000007505798,2.344056527424467e-05,0.0250000007307801,2.3077231933130304e-05,0.0250000040819232,4.088158733480125e-05,0.0250000038718085,3.920492779290632e-05,1415872,26814,414,26000,411,0.018938152601365,0.0002923993129322,0.0183632418749717,0.0002902804773312
02-04-2021,69.71,60.25,-35.0,-22.0,-49.0,-57.0,-34.0,13.0,0.025,1e-05,0.025,1e-05,0.0250000007785501,2.426792932596858e-05,0.0250000007576204,2.387450078222913e-05,0.0250000043257597,4.303749887406828e-05,0.0250000041107241,4.130588036548408e-05,1415872,26953,416,26101,413,0.0190363253175428,0.0002938118699995,0.0184345760068706,0.0002916930343985
02-05-2021,78.74,67.63,-33.0,-17.0,-42.0,-56.0,-30.0,12.0,0.025,1e-05,0.025,1e-05,0.0250000007834195,2.462850568799793e-05,0.025000000761031,2.4199345083945827e-05,0.0250000045758514,4.528474941158765e-05,0.0250000043427499,4.339329264740924e-05,1415872,27101,416,26192,413,0.0191408545405234,0.0002938118699995,0.018498847353433,0.0002916930343985
02-06-2021,80.92,71.72,-33.0,-15.0,-32.0,-58.0,-25.0,7.0,0.025,1e-05,0.025,1e-05,0.0250000007712539,2.4650743678463364e-05,0.0250000007467641,2.4172735097519817e-05,0.0250000043045297,4.2955506356709686e-05,0.0250000040787008,4.113025753349949e-05,1415872,27192,416,26325,413,0.0192051258870858,0.0002938118699995,0.0185927823984088,0.0002916930343985
02-07-2021,58.86,54.65,-41.0,-23.0,-45.0,-63.0,-25.0,7.0,0.025,1e-05,0.025,1e-05,0.0250000007489136,2.4448314802655244e-05,0.0250000007270319,2.4014123493326328e-05,0.0250000045661127,4.540272178316415e-05,0.0250000042984405,4.322169002896559e-05,1415872,27236,418,26398,415,0.0192362021425665,0.0002952244270668,0.0186443407313655,0.0002931055914658
02-08-2021,69.66,61.64,-36.0,-27.0,-46.0,-54.0,-36.0,12.0,0.025,1e-05,0.025,1e-05,0.0250000007067366,2.3777922413560304e-05,0.0250000006856843,2.3355391068533e-05,0.0250000045851291,4.574914244169844e-05,0.025000004308164,4.348107950945495e-05,1415872,27225,418,26428,415,0.0192284330786963,0.0002952244270668,0.0186655290873751,0.0002931055914658
02-09-2021,70.65,60.81,-34.0,-24.0,-46.0,-54.0,-33.0,13.0,0.025,1e-05,0.025,1e-05,0.0250000007197571,2.4153065324929816e-05,0.0250000006989512,2.373168726824112e-05,0.0250000045115478,4.534503758478858e-05,0.0250000042955703,4.360059369746861e-05,1415872,27254,418,26456,415,0.0192489151561723,0.0002952244270668,0.0186853048863174,0.0002931055914658
02-10-2021,72.41,64.1,-34.0,-23.0,-39.0,-53.0,-32.0,12.0,0.025,1e-05,0.025,1e-05,0.025,1e-05,0.025,1e-05,0.0250000046196222,4.662165258304545e-05,0.0250000044047381,4.486333640345751e-05,1415872,27330,423,26507,420,0.0193025923247299,0.0002987558197351,0.0187213250915336,0.0002966369841341
02-11-2021,76.29,69.17,-33.0,-19.0,-41.0,-53.0,-33.0,12.0,0.025,1e-05,0.025,1e-05,0.025,1e-05,0.025,1e-05,0.0250000047932408,4.844524867329422e-05,0.0250000045723101,4.66141824121272e-05,1415872,27454,424,26591,421,0.0193901708629028,0.0002994620982687,0.0187806524883605,0.0002973432626678
02-12-2021,92.99,86.85,-30.0,-17.0,-35.0,-52.0,-33.0,12.0,0.025,1e-05,0.025,1e-05,0.025,1e-05,0.025,1e-05,0.0250000049386037,5.005197448449345e-05,0.0250000047197359,4.82161395556328e-05,1415872,27541,425,26652,422,0.0194516170953306,0.0003001683768024,0.0188237354789133,0.0002980495412014
02-13-2021,95.9,93.38,-30.0,-13.0,-28.0,-55.0,-26.0,7.0,0.025,1e-05,0.025,1e-05,0.025,1e-05,0.025,1e-05,0.0250000049193668,5.019934817488812e-05,0.0250000047027614,4.83672322094883e-05,1415872,27584,425,26729,422,0.0194819870722777,0.0003001683768024,0.0188781189260046,0.0002980495412014
02-14-2021,84.93,86.59,-25.0,-11.0,-27.0,-56.0,-24.0,6.0,0.025,1e-05,0.025,1e-05,0.025,1e-05,0.025,1e-05,0.0250000047499522,4.901804963214109e-05,0.0250000045299856,4.71459402064598e-05,1415872,27616,426,26772,423,0.0195045879853546,0.000300874655336,0.0189084889029516,0.0002987558197351
02-15-2021,75.81,74.62,-29.0,-22.0,-28.0,-54.0,-61.0,18.0,0.025,1e-05,0.025,1e-05,0.025,1e-05,0.025,1e-05,0.0250000048824651,5.054753543147611e-05,0.0250000046494959,4.854095182891619e-05,1415872,27637,426,26803,423,0.0195194198345613,0.000300874655336,0.0189303835374949,0.0002987558197351
02-16-2021,78.91,74.25,-32.0,-20.0,-40.0,-50.0,-33.0,12.0,0.025,1e-05,0.025,1e-05,0.025,1e-05,0.025,1e-05,0.0250000048916573,5.0989333773387824e-05,0.0250000046560859,4.8939935246611547e-05,1415872,27639,426,26819,423,0.0195208323916286,0.000300874655336,0.0189416839940333,0.0002987558197351
02-17-2021,78.54,69.61,-34.0,-22.0,-41.0,-52.0,-33.0,13.0,0.025,1e-05,0.025,1e-05,0.025,1e-05,0.025,1e-05,0.0250000048733857,5.1193612349577657e-05,0.0250000046443374,4.9181498681821405e-05,1415872,27679,427,26846,424,0.0195490835329747,0.0003015809338697,0.0189607535144419,0.0002994620982687
02-18-2021,77.71,71.69,-34.0,-20.0,-46.0,-52.0,-34.0,13.0,0.025,1e-05,0.025,1e-05,0.025,1e-05,0.025,1e-05,0.0250000049637748,5.234933399459587e-05,0.0250000047300573,5.02752847266273e-05,1415872,27777,428,26906,425,0.0196182988292727,0.0003022872124033,0.0190031302264611,0.0003001683768024
02-19-2021,86.43,78.65,-33.0,-19.0,-40.0,-51.0,-30.0,12.0,0.025,1e-05,0.025,1e-05,0.025,1e-05,0.025,1e-05,0.0250000049202861,5.227998473495583e-05,0.0250000047984107,5.118863912690141e-05,1415872,27834,430,26950,427,0.0196585567056909,0.0003036997694706,0.0190342064819418,0.0003015809338697
02-20-2021,89.03,84.36,-29.0,-17.0,-28.0,-51.0,-25.0,7.0,0.025,1e-05,0.025,1e-05,0.025,1e-05,0.025,1e-05,0.0250000049464455,5.2784188968425104e-05,0.025000004821769,5.165965660316933e-05,1415872,27886,430,27011,427,0.0196952831894408,0.0003036997694706,0.0190772894724946,0.0003015809338697
02-21-2021,73.24,68.57,-32.0,-20.0,-34.0,-53.0,-23.0,7.0,0.025,1e-05,0.025,1e-05,0.025,1e-05,0.025,1e-05,0.0250000048660544,5.231755928892183e-05,0.0250000047360179,5.113715829785448e-05,1415872,27968,431,27075,428,0.0197531980292003,0.0003044060480043,0.0191224912986484,0.0003022872124033
02-22-2021,76.08,69.12,-32.0,-23.0,-41.0,-49.0,-32.0,11.0,0.025,1e-05,0.025,1e-05,0.025,1e-05,0.025,1e-05,0.0250000047347624,5.1356107992372864e-05,0.0250000045946092,5.007684992756207e-05,1415872,28002,431,27124,428,0.0197772114993445,0.0003044060480043,0.0191570989467974,0.0003022872124033
02-23-2021,76.87,68.2,-31.0,-20.0,-41.0,-51.0,-32.0,12.0,0.025,1e-05,0.025,1e-05,0.025,1e-05,0.025,1e-05,0.0250000045750102,5.0109380101301377e-05,0.0250000044508005,4.8969996363026106e-05,1415872,28044,431,27168,428,0.0198068751977579,0.0003044060480043,0.0191881752022781,0.0003022872124033
02-24-2021,79.24,68.92,-32.0,-21.0,-37.0,-51.0,-33.0,12.0,0.025,1e-05,0.025,1e-05,0.025,1e-05,0.025,1e-05,0.02500000430426,4.783864566469624e-05,0.0250000041857543,4.674678019389276e-05,1415872,28093,435,27211,432,0.0198414828459069,0.0003072311621389,0.0192185451792252,0.0003051123265379
02-25-2021,79.68,72.1,-31.0,-19.0,-42.0,-51.0,-33.0,12.0,0.025,1e-05,0.025,1e-05,0.025,1e-05,0.025,1e-05,0.0250000043782819,4.855103017504158e-05,0.0250000042612445,4.7470775062518375e-05,1415872,28124,435,27247,432,0.0198633774804502,0.0003072311621389,0.0192439712064367,0.0003051123265379
02-26-2021,91.14,81.51,-29.0,-17.0,-38.0,-51.0,-30.0,11.0,0.025,1e-05,0.025,1e-05,0.025,1e-05,0.025,1e-05,0.025,1e-05,0.025,1e-05,1415872,28239,437,27286,434,0.0199445995118202,0.0003086437192062,0.0192715160692492,0.0003065248836052
02-27-2021,92.26,84.81,-30.0,-18.0,-38.0,-54.0,-26.0,8.0,0.025,1e-05,0.025,1e-05,0.025,1e-05,0.025,1e-05,0.025,1e-05,0.025,1e-05,1415872,28369,439,27419,436,0.0200364157211951,0.0003100562762735,0.019365451114225,0.0003079374406726
02-28-2021,75.68,70.9,-29.0,-19.0,-38.0,-53.0,-23.0,7.0,0.025,1e-05,0.025,1e-05,0.025,1e-05,0.025,1e-05,0.025,1e-05,0.025,1e-05,1415872,28380,439,27473,436,0.0200441847850653,0.0003100562762735,0.0194035901550422,0.0003079374406726
03-01-2021,77.98,72.73,-31.0,-21.0,-47.0,-48.0,-32.0,11.0,0.025,1e-05,0.025,1e-05,0.025,1e-05,0.025,1e-05,0.025,1e-05,0.025,1e-05,1415872,28381,439,27499,436,0.0200448910635989,0.0003100562762735,0.0194219533969172,0.0003079374406726
03-02-2021,78.98,72.24,-30.0,-18.0,-43.0,-50.0,-32.0,12.0,0.025,1e-05,0.025,1e-05,0.025,1e-05,0.025,1e-05,0.025,1e-05,0.025,1e-05,1415872,28423,439,27532,436,0.0200745547620123,0.0003100562762735,0.0194452605885277,0.0003079374406726
03-03-2021,84.04,74.2,-28.0,-15.0,-35.0,-50.0,-32.0,11.0,0.025,1e-05,0.025,1e-05,0.025,1e-05,0.025,1e-05,0.025,1e-05,0.025,1e-05,1415872,28424,441,27549,438,0.020075261040546,0.0003114688333408,0.0194572673235998,0.0003093499977399
03-04-2021,82.71,76.26,-30.0,-17.0,-42.0,-48.0,-33.0,12.0,0.025,1e-05,0.025,1e-05,0.025,1e-05,0.025,1e-05,0.025,1e-05,0.025,1e-05,1415872,28521,441,27604,438,0.0201437700583103,0.0003114688333408,0.0194961126429507,0.0003093499977399
03-05-2021,94.89,87.43,-29.0,-15.0,-43.0,-49.0,-30.0,12.0,0.025,1e-05,0.025,1e-05,0.025,1e-05,0.025,1e-05,0.025,1e-05,0.025,1e-05,1415872,28650,443,27655,440,0.0202348799891515,0.0003128813904081,0.019532132848167,0.0003107625548072
03-06-2021,95.08,92.2,-27.0,-14.0,-33.0,-52.0,-25.0,7.0,0.025,1e-05,0.025,1e-05,0.025,1e-05,0.025,1e-05,0.025,1e-05,0.025,1e-05,1415872,28727,444,27774,441,0.0202892634362428,0.0003135876689418,0.0196161799936717,0.0003114688333408
03-07-2021,81.53,81.04,-27.0,-17.0,-29.0,-51.0,-22.0,7.0,0.025,1e-05,0.025,1e-05,0.025,1e-05,0.025,1e-05,0.025,1e-05,0.025,1e-05,1415872,28746,445,27821,442,0.0203026827283822,0.0003142939474754,0.0196493750847534,0.0003121751118745
03-08-2021,86.56,78.07,-32.0,-23.0,-52.0,-49.0,-33.0,12.0,0.025,1e-05,0.025,1e-05,0.025,1e-05,0.025,1e-05,0.025,1e-05,0.025,1e-05,1415872,28784,445,27862,442,0.020329521312661,0.0003142939474754,0.0196783325046331,0.0003121751118745
03-09-2021,86.08,79.9,-31.0,-19.0,-53.0,-50.0,-34.0,14.0,0.025,1e-05,0.025,1e-05,0.025,1e-05,0.025,1e-05,0.025,1e-05,0.025,1e-05,1415872,28827,445,27903,442,0.0203598912896081,0.0003142939474754,0.0197072899245129,0.0003121751118745
03-10-2021,88.09,78.63,-30.0,-20.0,-40.0,-48.0,-33.0,12.0,0.025,1e-05,0.025,1e-05,0.025,1e-05,0.025,1e-05,0.025,1e-05,0.025,1e-05,1415872,28831,448,27944,445,0.0203627164037427,0.0003164127830764,0.0197362473443927,0.0003142939474754
03-11-2021,90.36,81.57,-30.0,-17.0,-46.0,-47.0,-34.0,13.0,0.025,1e-05,0.025,1e-05,0.025,1e-05,0.025,1e-05,0.025,1e-05,0.025,1e-05,1415872,28943,448,27998,445,0.0204418195995118,0.0003164127830764,0.0197743863852099,0.0003142939474754
03-12-2021,90.36,81.57,-30.0,-16.0,-45.0,-47.0,-31.0,13.0,0.025,1e-05,0.025,1e-05,0.025,1e-05,0.025,1e-05,0.025,1e-05,0.025,1e-05,1415872,29213,449,28062,446,0.020632514803598,0.00031711906161,0.0198195882113637,0.0003150002260091
03-13-2021,106.42,105.9,-27.0,-15.0,-42.0,-47.0,-26.0,8.0,0.025,1e-05,0.025,1e-05,0.025,1e-05,0.025,1e-05,0.025,1e-05,0.025,1e-05,1415872,29180,450,28218,447,0.0206092076119875,0.0003178253401437,0.0199297676626135,0.0003157065045427
03-14-2021,91.18,95.05,-24.0,-15.0,-30.0,-47.0,-22.0,6.0,0.025,1e-05,0.025,1e-05,0.025,1e-05,0.025,1e-05,0.025,1e-05,0.025,1e-05,1415872,29219,451,28268,448,0.0206367524747999,0.0003185316186773,0.0199650815892962,0.0003164127830764
03-15-2021,102.63,97.93,-26.0,-19.0,-38.0,-43.0,-37.0,11.0,0.025,1e-05,0.025,1e-05,0.025,1e-05,0.025,1e-05,0.025,1e-05,0.025,1e-05,1415872,29259,451,28312,448,0.020665003616146,0.0003185316186773,0.0199961578447769,0.0003164127830764
03-16-2021,101.57,98.99,-23.0,-14.0,-42.0,-47.0,-36.0,12.0,0.025,1e-05,0.025,1e-05,0.025,1e-05,0.025,1e-05,0.025,1e-05,0.025,1e-05,1415872,29307,451,28357,448,0.0206989049857614,0.0003185316186773,0.0200279403787913,0.0003164127830764
03-17-2021,104.89,107.54,-21.0,-11.0,-30.0,-46.0,-36.0,10.0,0.025,1e-05,0.025,1e-05,0.025,1e-05,0.025,1e-05,0.025,1e-05,0.025,1e-05,1415872,29397,451,28423,448,0.0207624700537901,0.0003185316186773,0.0200745547620123,0.0003164127830764
03-18-2021,104.91,105.26,-24.0,-15.0,-46.0,-48.0,-38.0,13.0,0.025,1e-05,0.025,1e-05,0.025,1e-05,0.025,1e-05,0.025,1e-05,0.025,1e-05,1415872,29505,451,28509,448,0.0208387481354246,0.0003185316186773,0.0201352947159065,0.0003164127830764
03-19-2021,113.58,116.67,-23.0,-12.0,-26.0,-46.0,-35.0,11.0,0.025,1e-05,0.025,1e-05,0.025,1e-05,0.025,1e-05,0.025,1e-05,0.025,1e-05,1415872,29763,452,28602,449,0.021020967997107,0.000319237897211,0.0202009786195362,0.00031711906161
03-20-2021,111.14,119.03,-25.0,-14.0,-32.0,-46.0,-25.0,6.0,0.025,1e-05,0.025,1e-05,0.025,1e-05,0.025,1e-05,0.025,1e-05,0.025,1e-05,1415872,29765,453,28763,450,0.0210223805541743,0.0003199441757447,0.0203146894634543,0.0003178253401437
03-21-2021,93.58,103.4,-25.0,-15.0,-36.0,-45.0,-22.0,6.0,0.025,1e-05,0.025,1e-05,0.025,1e-05,0.025,1e-05,0.025,1e-05,0.025,1e-05,1415872,29830,454,28834,451,0.0210682886588618,0.0003206504542783,0.0203648352393436,0.0003185316186773
03-22-2021,99.14,103.45,-25.0,-18.0,-35.0,-42.0,-32.0,10.0,0.025,1e-05,0.025,1e-05,0.025,1e-05,0.025,1e-05,0.025,1e-05,0.025,1e-05,1415872,29915,454,28912,451,0.0211283223342223,0.0003206504542783,0.0204199249649685,0.0003185316186773
03-23-2021,100.2,103.76,-24.0,-14.0,-32.0,-44.0,-31.0,11.0,0.025,1e-05,0.025,1e-05,0.025,1e-05,0.025,1e-05,0.025,1e-05,0.025,1e-05,1415872,29916,454,28950,451,0.0211290286127559,0.0003206504542783,0.0204467635492473,0.0003185316186773
03-24-2021,101.69,105.17,-26.0,-15.0,-36.0,-46.0,-32.0,11.0,0.025,1e-05,0.025,1e-05,0.025,1e-05,0.025,1e-05,0.025,1e-05,0.025,1e-05,1415872,29974,457,29005,454,0.0211699927677078,0.0003227692898793,0.0204856088685982,0.0003206504542783
03-25-2021,104.41,108.53,-24.0,-12.0,-36.0,-45.0,-33.0,11.0,0.025,1e-05,0.025,1e-05,0.025,1e-05,0.025,1e-05,0.025,1e-05,0.025,1e-05,1415872,30095,458,29120,455,0.0212554524702798,0.0003234755684129,0.0205668308999683,0.000321356732812
03-26-2021,112.77,119.45,-23.0,-10.0,-23.0,-48.0,-41.0,13.0,0.025,1e-05,0.025,1e-05,0.025,1e-05,0.025,1e-05,0.025,1e-05,0.025,1e-05,1415872,30265,459,29237,456,0.0213755198210007,0.0003241818469466,0.0206494654884057,0.0003220630113456
03-27-2021,118.61,124.32,-25.0,-11.0,-22.0,-46.0,-24.0,5.0,0.025,1e-05,0.025,1e-05,0.025,1e-05,0.025,1e-05,0.025,1e-05,0.025,1e-05,1415872,30377,462,29426,459,0.0214546230167698,0.0003263006825475,0.0207829521312661,0.0003241818469466
03-28-2021,95.04,106.96,-25.0,-15.0,-33.0,-45.0,-22.0,6.0,0.025,1e-05,0.025,1e-05,0.025,1e-05,0.025,1e-05,0.025,1e-05,0.025,1e-05,1415872,30479,462,29528,459,0.0215266634272024,0.0003263006825475,0.0208549925416986,0.0003241818469466
03-29-2021,101.74,108.11,-25.0,-16.0,-36.0,-41.0,-31.0,9.0,0.025,1e-05,0.025,1e-05,0.025,1e-05,0.025,1e-05,0.025,1e-05,0.025,1e-05,1415872,30579,462,29608,459,0.0215972912805677,0.0003263006825475,0.0209114948243909,0.0003241818469466
03-30-2021,106.73,107.47,-23.0,-13.0,-31.0,-42.0,-30.0,10.0,0.025,1e-05,0.025,1e-05,0.025,1e-05,0.025,1e-05,0.025,1e-05,0.025,1e-05,1415872,30654,462,29689,459,0.0216502621705916,0.0003263006825475,0.0209687033856167,0.0003241818469466
03-31-2021,107.42,110.53,-23.0,-12.0,-28.0,-42.0,-31.0,10.0,0.025,1e-05,0.025,1e-05,0.025,1e-05,0.025,1e-05,0.025,1e-05,0.025,1e-05,1415872,30754,463,29779,460,0.0217208900239569,0.0003270069610812,0.0210322684536455,0.0003248881254802
04-01-2021,110.09,113.58,-22.0,-8.0,-31.0,-42.0,-32.0,10.0,0.025,1e-05,0.025,1e-05,0.025,1e-05,0.025,1e-05,0.025,1e-05,0.025,1e-05,1415872,30867,463,29888,460,0.0218006994982597,0.0003270069610812,0.0211092528138136,0.0003248881254802
04-02-2021,113.68,122.21,-22.0,-8.0,-26.0,-47.0,-43.0,14.0,0.025,1e-05,0.025,1e-05,0.025,1e-05,0.025,1e-05,0.025,1e-05,0.025,1e-05,1415872,31129,463,30017,460,0.0219857444740767,0.0003270069610812,0.0212003627446548,0.0003248881254802
04-03-2021,113.53,126.73,-23.0,-2.0,-24.0,-47.0,-24.0,5.0,0.025,1e-05,0.025,1e-05,0.025,1e-05,0.025,1e-05,0.025,1e-05,0.025,1e-05,1415872,31241,467,30246,464,0.0220648476698458,0.0003298320752158,0.0213621005288613,0.0003277132396148
04-04-2021,86.29,101.26,-34.0,-13.0,-31.0,-47.0,-27.0,6.0,0.025,1e-05,0.025,1e-05,0.025,1e-05,0.025,1e-05,0.025,1e-05,0.025,1e-05,1415872,31337,467,30338,464,0.0221326504090765,0.0003298320752158,0.0214270781539574,0.0003277132396148
04-05-2021,104.59,112.9,-23.0,-13.0,-35.0,-39.0,-32.0,10.0,0.025,1e-05,0.025,1e-05,0.025,1e-05,0.025,1e-05,0.025,1e-05,0.025,1e-05,1415872,31430,467,30427,464,0.0221983343127062,0.0003298320752158,0.0214899369434525,0.0003277132396148
04-06-2021,105.85,110.2,-23.0,-10.0,-32.0,-41.0,-30.0,10.0,0.025,1e-05,0.025,1e-05,0.025,1e-05,0.025,1e-05,0.025,1e-05,0.025,1e-05,1415872,31489,467,30479,464,0.0222400047461917,0.0003298320752158,0.0215266634272024,0.0003277132396148
04-07-2021,106.2,111.55,-23.0,-11.0,-27.0,-41.0,-31.0,10.0,0.025,1e-05,0.025,1e-05,0.025,1e-05,0.025,1e-05,0.025,1e-05,0.025,1e-05,1415872,31565,467,30552,464,0.0222936819147493,0.0003298320752158,0.0215782217601591,0.0003277132396148
04-08-2021,107.72,111.83,-23.0,-9.0,-30.0,-40.0,-31.0,10.0,0.025,1e-05,0.025,1e-05,0.025,1e-05,0.025,1e-05,0.025,1e-05,0.025,1e-05,1415872,31687,470,30673,467,0.0223798478958549,0.0003319509108167,0.021663681462731,0.0003298320752158
04-09-2021,116.26,121.84,-23.0,-9.0,-25.0,-41.0,-29.0,10.0,0.025,1e-05,0.025,1e-05,0.025,1e-05,0.025,1e-05,0.025,1e-05,0.025,1e-05,1415872,31862,470,30754,467,0.0225034466392442,0.0003319509108167,0.0217208900239569,0.0003298320752158
04-10-2021,114.61,122.39,-23.0,-8.0,-17.0,-42.0,-23.0,5.0,0.025,1e-05,0.025,1e-05,0.025,1e-05,0.025,1e-05,0.025,1e-05,0.025,1e-05,1415872,31975,471,30956,468,0.0225832561135469,0.0003326571893504,0.0218635582877548,0.0003305383537494
04-11-2021,95.63,106.6,-22.0,-11.0,-26.0,-42.0,-21.0,6.0,0.025,1e-05,0.025,1e-05,0.025,1e-05,0.025,1e-05,0.025,1e-05,0.025,1e-05,1415872,32067,471,31045,468,0.022648233738643,0.0003326571893504,0.0219264170772499,0.0003305383537494
04-12-2021,102.69,106.92,-23.0,-12.0,-26.0,-37.0,-31.0,9.0,0.025,1e-05,0.025,1e-05,0.025,1e-05,0.025,1e-05,0.025,1e-05,0.025,1e-05,1415872,32137,471,31113,468,0.0226976732359987,0.0003326571893504,0.0219744440175383,0.0003305383537494
04-13-2021,100.75,104.02,-22.0,-9.0,-27.0,-40.0,-30.0,10.0,0.025,1e-05,0.025,1e-05,0.025,1e-05,0.025,1e-05,0.025,1e-05,0.025,1e-05,1415872,32200,471,31175,468,0.0227421687836188,0.0003326571893504,0.0220182332866247,0.0003305383537494
04-14-2021,102.51,102.14,-22.0,-12.0,-24.0,-40.0,-31.0,10.0,0.025,1e-05,0.025,1e-05,0.025,1e-05,0.025,1e-05,0.025,1e-05,0.025,1e-05,1415872,32271,473,31242,470,0.0227923145595082,0.0003340697464177,0.0220655539483795,0.0003319509108167
04-15-2021,105.09,107.06,-23.0,-10.0,-30.0,-39.0,-31.0,10.0,0.025,1e-05,0.025,1e-05,0.025,1e-05,0.025,1e-05,0.025,1e-05,0.025,1e-05,1415872,32366,473,31337,470,0.0228594110202052,0.0003340697464177,0.0221326504090765,0.0003319509108167
04-16-2021,114.75,115.79,-23.0,-10.0,-24.0,-40.0,-28.0,10.0,0.025,1e-05,0.025,1e-05,0.025,1e-05,0.025,1e-05,0.025,1e-05,0.025,1e-05,1415872,32548,474,31422,471,0.02298795371333,0.0003347760249514,0.022192684084437,0.0003326571893504
04-17-2021,114.61,121.08,-22.0,-8.0,-17.0,-41.0,-24.0,5.0,0.025,1e-05,0.025,1e-05,0.025,1e-05,0.025,1e-05,0.025,1e-05,0.025,1e-05,1415872,32647,474,31606,471,0.0230578752881616,0.0003347760249514,0.0223226393346291,0.0003326571893504
04-18-2021,97.24,105.27,-22.0,-10.0,-19.0,-40.0,-20.0,5.0,0.025,1e-05,0.025,1e-05,0.025,1e-05,0.025,1e-05,0.025,1e-05,0.025,1e-05,1415872,32758,474,31715,471,0.023136272205397,0.0003347760249514,0.0223996236947972,0.0003326571893504
04-19-2021,102.57,102.45,-23.0,-14.0,-28.0,-38.0,-30.0,9.0,0.025,1e-05,0.025,1e-05,0.025,1e-05,0.025,1e-05,0.025,1e-05,0.025,1e-05,1415872,32823,474,31779,471,0.0231821803100845,0.0003347760249514,0.022444825520951,0.0003326571893504
04-20-2021,101.68,98.62,-22.0,-9.0,-32.0,-40.0,-30.0,10.0,0.025,1e-05,0.025,1e-05,0.025,1e-05,0.025,1e-05,0.025,1e-05,0.025,1e-05,1415872,32867,474,31817,471,0.0232132565655652,0.0003347760249514,0.0224716641052298,0.0003326571893504
04-21-2021,104.1,100.47,-23.0,-11.0,-25.0,-41.0,-31.0,10.0,0.025,1e-05,0.025,1e-05,0.025,1e-05,0.025,1e-05,0.025,1e-05,0.025,1e-05,1415872,32938,474,31885,471,0.0232634023414545,0.0003347760249514,0.0225196910455182,0.0003326571893504
04-22-2021,106.92,104.94,-23.0,-8.0,-28.0,-39.0,-31.0,10.0,0.025,1e-05,0.025,1e-05,0.025,1e-05,0.025,1e-05,0.025,1e-05,0.025,1e-05,1415872,33035,476,31977,473,0.0233319113592189,0.0003361885820187,0.0225846686706142,0.0003340697464177
04-23-2021,115.84,119.46,-23.0,-8.0,-25.0,-41.0,-28.0,10.0,0.025,1e-05,0.025,1e-05,0.025,1e-05,0.025,1e-05,0.025,1e-05,0.025,1e-05,1415872,33178,477,32066,474,0.0234329091895312,0.0003368948605523,0.0226475274601093,0.0003347760249514
04-24-2021,116.92,123.86,-22.0,-7.0,-15.0,-41.0,-24.0,5.0,0.025,1e-05,0.025,1e-05,0.025,1e-05,0.025,1e-05,0.025,1e-05,0.025,1e-05,1415872,33229,478,32165,475,0.0234689293947475,0.000337601139086,0.022717449034941,0.000335482303485
04-25-2021,97.71,104.16,-21.0,-9.0,-20.0,-42.0,-21.0,5.0,0.025,1e-05,0.025,1e-05,0.025,1e-05,0.025,1e-05,0.025,1e-05,0.025,1e-05,1415872,33351,478,32284,475,0.0235550953758531,0.000337601139086,0.0228014961804456,0.000335482303485
04-26-2021,100.7,103.54,-24.0,-14.0,-29.0,-39.0,-30.0,9.0,0.025,1e-05,0.025,1e-05,0.025,1e-05,0.025,1e-05,0.025,1e-05,0.025,1e-05,1415872,33418,478,32349,475,0.0236024160376079,0.000337601139086,0.0228474042851331,0.000335482303485
04-27-2021,98.93,98.2,-23.0,-11.0,-28.0,-40.0,-29.0,10.0,0.025,1e-05,0.025,1e-05,0.025,1e-05,0.025,1e-05,0.025,1e-05,0.025,1e-05,1415872,33468,479,32397,476,0.0236377299642905,0.0003383074176196,0.0228813056547484,0.0003361885820187
04-28-2021,104.73,96.97,-24.0,-13.0,-32.0,-40.0,-31.0,10.0,0.025,1e-05,0.025,1e-05,0.025,1e-05,0.025,1e-05,0.025,1e-05,0.025,1e-05,1415872,33537,482,32465,479,0.0236864631831126,0.0003404262532206,0.0229293325950368,0.0003383074176196
04-29-2021,103.36,102.91,-23.0,-9.0,-30.0,-40.0,-31.0,10.0,0.025,1e-05,0.025,1e-05,0.025,1e-05,0.025,1e-05,0.025,1e-05,0.025,1e-05,1415872,33659,483,32580,480,0.0237726291642182,0.0003411325317542,0.0230105546264069,0.0003390136961533
04-30-2021,114.25,115.21,-23.0,-7.0,-25.0,-39.0,-28.0,10.0,0.025,1e-05,0.025,1e-05,0.025,1e-05,0.025,1e-05,0.025,1e-05,0.025,1e-05,1415872,33851,483,32694,480,0.0239082346426795,0.0003411325317542,0.0230910703792433,0.0003390136961533
05-01-2021,115.46,122.58,-22.0,-7.0,-17.0,-37.0,-23.0,5.0,0.025,1e-05,0.025,1e-05,0.025,1e-05,0.025,1e-05,0.025,1e-05,0.025,1e-05,1415872,33970,483,32882,480,0.0239922817881842,0.0003411325317542,0.02322385074357,0.0003390136961533
05-02-2021,96.86,105.39,-22.0,-8.0,-23.0,-39.0,-20.0,5.0,0.025,1e-05,0.025,1e-05,0.025,1e-05,0.025,1e-05,0.025,1e-05,0.025,1e-05,1415872,34082,483,32989,480,0.0240713849839533,0.0003411325317542,0.0232994225466708,0.0003390136961533
05-03-2021,104.61,105.72,-22.0,-8.0,-28.0,-35.0,-30.0,8.0,0.025,1e-05,0.025,1e-05,0.025,1e-05,0.025,1e-05,0.025,1e-05,0.025,1e-05,1415872,34156,484,33060,481,0.0241236495954436,0.0003418388102879,0.0233495683225602,0.0003397199746869
05-04-2021,103.4,104.67,-21.0,-5.0,-28.0,-38.0,-29.0,10.0,0.025,1e-05,0.025,1e-05,0.025,1e-05,0.025,1e-05,0.025,1e-05,0.025,1e-05,1415872,34234,484,33132,481,0.0241787393210685,0.0003418388102879,0.0234004203769832,0.0003397199746869
05-05-2021,107.91,108.48,-20.0,-5.0,-27.0,-39.0,-31.0,9.0,0.025,1e-05,0.025,1e-05,0.025,1e-05,0.025,1e-05,0.025,1e-05,0.025,1e-05,1415872,34296,485,33186,482,0.024222528590155,0.0003425450888215,0.0234385594178004,0.0003404262532206
05-06-2021,109.21,113.61,-22.0,-6.0,-31.0,-38.0,-31.0,10.0,0.025,1e-05,0.025,1e-05,0.025,1e-05,0.025,1e-05,0.025,1e-05,0.025,1e-05,1415872,34424,486,33309,483,0.0243129322424625,0.0003432513673552,0.0235254316774397,0.0003411325317542
05-07-2021,121.31,128.39,-21.0,-4.0,-24.0,-39.0,-29.0,9.0,0.025,1e-05,0.025,1e-05,0.025,1e-05,0.025,1e-05,0.025,1e-05,0.025,1e-05,1415872,34469,486,33417,483,0.0243447147764769,0.0003432513673552,0.0236017097590742,0.0003411325317542
05-08-2021,129.05,137.53,-19.0,2.0,-14.0,-36.0,-24.0,4.0,0.025,1e-05,0.025,1e-05,0.025,1e-05,0.025,1e-05,0.025,1e-05,0.025,1e-05,1415872,34667,487,33540,484,0.0244845579261402,0.0003439576458888,0.0236885820187135,0.0003418388102879
05-09-2021,98.47,113.51,-16.0,-1.0,-21.0,-38.0,-21.0,4.0,0.025,1e-05,0.025,1e-05,0.025,1e-05,0.025,1e-05,0.025,1e-05,0.025,1e-05,1415872,34748,488,33613,485,0.024541766487366,0.0003446639244225,0.0237401403516702,0.0003425450888215
05-10-2021,108.18,117.92,-22.0,-12.0,-26.0,-32.0,-31.0,9.0,0.025,1e-05,0.025,1e-05,0.025,1e-05,0.025,1e-05,0.025,1e-05,0.025,1e-05,1415872,34808,488,33665,485,0.0245841431993852,0.0003446639244225,0.0237768668354201,0.0003425450888215
05-11-2021,115.65,121.29,-20.0,-7.0,-23.0,-35.0,-30.0,10.0,0.025,1e-05,0.025,1e-05,0.025,1e-05,0.025,1e-05,0.025,1e-05,0.025,1e-05,1415872,34870,488,33723,485,0.0246279324684717,0.0003446639244225,0.023817830990372,0.0003425450888215
05-12-2021,115.48,122.83,-20.0,-8.0,-20.0,-33.0,-31.0,9.0,0.025,1e-05,0.025,1e-05,0.025,1e-05,0.025,1e-05,0.025,1e-05,0.025,1e-05,1415872,34917,489,33762,486,0.0246611275595534,0.0003453702029561,0.0238453758531844,0.0003432513673552
05-13-2021,118.29,130.03,-20.0,-5.0,-27.0,-33.0,-33.0,10.0,0.025,1e-05,0.025,1e-05,0.025,1e-05,0.025,1e-05,0.025,1e-05,0.025,1e-05,1415872,34991,489,33835,486,0.0247133921710437,0.0003453702029561,0.0238969341861411,0.0003432513673552
05-14-2021,130.73,145.35,-19.0,-5.0,-20.0,-32.0,-29.0,9.0,0.025,1e-05,0.025,1e-05,0.025,1e-05,0.025,1e-05,0.025,1e-05,0.025,1e-05,1415872,35131,490,33915,487,0.024812271165755,0.0003460764814898,0.0239534364688333,0.0003439576458888
05-15-2021,131.91,153.73,-18.0,-4.0,-8.0,-30.0,-26.0,4.0,0.025,1e-05,0.025,1e-05,0.025,1e-05,0.025,1e-05,0.025,1e-05,0.025,1e-05,1415872,35235,491,34064,488,0.0248857241332549,0.0003467827600235,0.0240586719703476,0.0003446639244225
05-16-2021,111.39,134.47,-18.0,-6.0,-18.0,-31.0,-22.0,5.0,0.025,1e-05,0.025,1e-05,0.025,1e-05,0.025,1e-05,0.025,1e-05,0.025,1e-05,1415872,35359,492,34180,489,0.0249733026714279,0.0003474890385571,0.0241406002802513,0.0003453702029561
05-17-2021,119.72,136.34,-18.0,-8.0,-20.0,-27.0,-31.0,8.0,0.025,1e-05,0.025,1e-05,0.025,1e-05,0.025,1e-05,0.025,1e-05,0.025,1e-05,1415872,35432,492,34247,489,0.0250248610043845,0.0003474890385571,0.024187920942006,0.0003453702029561
05-18-2021,119.66,135.3,-18.0,-5.0,-20.0,-29.0,-30.0,9.0,0.025,1e-05,0.025,1e-05,0.025,1e-05,0.025,1e-05,0.025,1e-05,0.025,1e-05,1415872,35487,492,34300,489,0.0250637063237354,0.0003474890385571,0.0242253537042896,0.0003453702029561
05-19-2021,122.25,138.78,-17.0,-5.0,-16.0,-33.0,-31.0,9.0,0.025,1e-05,0.025,1e-05,0.025,1e-05,0.025,1e-05,0.025,1e-05,0.025,1e-05,1415872,35585,492,34395,489,0.0251329216200334,0.0003474890385571,0.0242924501649866,0.0003453702029561
05-20-2021,124.82,143.9,-17.0,-3.0,-22.0,-30.0,-32.0,9.0,0.025,1e-05,0.025,1e-05,0.025,1e-05,0.025,1e-05,0.025,1e-05,0.025,1e-05,1415872,35665,492,34474,489,0.0251894239027256,0.0003474890385571,0.0243482461691452,0.0003453702029561
05-21-2021,134.87,157.69,-18.0,-3.0,-17.0,-31.0,-29.0,9.0,0.025,1e-05,0.025,1e-05,0.025,1e-05,0.025,1e-05,0.025,1e-05,0.025,1e-05,1415872,35726,494,34521,491,0.0252325068932784,0.0003489015956244,0.0243814412602269,0.0003467827600235
05-22-2021,138.55,160.34,-19.0,-2.0,-6.0,-29.0,-25.0,4.0,0.025,1e-05,0.025,1e-05,0.025,1e-05,0.025,1e-05,0.025,1e-05,0.025,1e-05,1415872,35819,494,34610,491,0.0252981907969081,0.0003489015956244,0.024444300049722,0.0003467827600235
05-23-2021,117.71,143.45,-18.0,-5.0,-14.0,-30.0,-21.0,4.0,0.025,1e-05,0.025,1e-05,0.025,1e-05,0.025,1e-05,0.025,1e-05,0.025,1e-05,1415872,35867,496,34654,493,0.0253320921665235,0.0003503141526917,0.0244753763052027,0.0003481953170908
05-24-2021,121.88,143.0,-18.0,-8.0,-20.0,-29.0,-31.0,8.0,0.025,1e-05,0.025,1e-05,0.025,1e-05,0.025,1e-05,0.025,1e-05,0.025,1e-05,1415872,35901,496,34688,493,0.0253561056366677,0.0003503141526917,0.0244993897753469,0.0003481953170908
05-25-2021,124.64,140.54,-17.0,-4.0,-17.0,-30.0,-30.0,9.0,0.025,1e-05,0.025,1e-05,0.025,1e-05,0.025,1e-05,0.025,1e-05,0.025,1e-05,1415872,35924,496,34708,493,0.0253723500429417,0.0003503141526917,0.0245135153460199,0.0003481953170908
05-26-2021,125.45,139.6,-16.0,-5.0,-14.0,-30.0,-31.0,8.0,0.025,1e-05,0.025,1e-05,0.025,1e-05,0.025,1e-05,0.025,1e-05,0.025,1e-05,1415872,35974,496,34754,493,0.0254076639696243,0.0003503141526917,0.024546004158568,0.0003481953170908
05-27-2021,127.31,147.05,-15.0,-1.0,-18.0,-29.0,-32.0,8.0,0.025,1e-05,0.025,1e-05,0.025,1e-05,0.025,1e-05,0.025,1e-05,0.025,1e-05,1415872,36032,498,34807,495,0.0254486281245762,0.000351726709759,0.0245834369208516,0.0003496078741581
05-28-2021,140.98,163.48,-15.0,0.0,-11.0,-30.0,-32.0,8.0,0.025,1e-05,0.025,1e-05,0.025,1e-05,0.025,1e-05,0.025,1e-05,0.025,1e-05,1415872,36076,498,34844,495,0.0254797043800569,0.000351726709759,0.0246095692265967,0.0003496078741581
05-29-2021,140.28,165.36,-18.0,-2.0,-3.0,-30.0,-23.0,3.0,0.025,1e-05,0.025,1e-05,0.025,1e-05,0.025,1e-05,0.025,1e-05,0.025,1e-05,1415872,36124,499,34889,496,0.0255136057496722,0.0003524329882927,0.0246413517606111,0.0003503141526917
05-30-2021,123.27,150.3,-14.0,-1.0,-6.0,-30.0,-21.0,2.0,0.025,1e-05,0.025,1e-05,0.025,1e-05,0.025,1e-05,0.025,1e-05,0.025,1e-05,1415872,36246,500,35008,497,0.0255997717307779,0.0003531392668263,0.0247253989061158,0.0003510204312254
05-31-2021,118.43,142.21,-16.0,-6.0,-1.0,-35.0,-69.0,17.0,0.025,1e-05,0.025,1e-05,0.025,1e-05,0.025,1e-05,0.025,1e-05,0.025,1e-05,1415872,36276,500,35035,497,0.0256209600867875,0.0003531392668263,0.0247444684265244,0.0003510204312254
06-01-2021,129.63,145.26,-14.0,-1.0,-18.0,-26.0,-32.0,9.0,0.025,1e-05,0.025,1e-05,0.025,1e-05,0.025,1e-05,0.025,1e-05,0.025,1e-05,1415872,36332,500,35090,497,0.025660511684672,0.0003531392668263,0.0247833137458753,0.0003510204312254
06-02-2021,129.8,147.34,-16.0,-5.0,-14.0,-30.0,-34.0,9.0,0.025,1e-05,0.025,1e-05,0.025,1e-05,0.025,1e-05,0.025,1e-05,0.025,1e-05,1415872,36357,500,35111,497,0.0256781686480133,0.0003531392668263,0.024798145595082,0.0003510204312254
06-03-2021,131.67,148.96,-16.0,-1.0,-22.0,-29.0,-35.0,9.0,0.025,1e-05,0.025,1e-05,0.025,1e-05,0.025,1e-05,0.025,1e-05,0.025,1e-05,1415872,36402,501,35152,498,0.0257099511820277,0.00035384554536,0.0248271030149618,0.000351726709759
06-04-2021,146.95,162.85,-17.0,-2.0,-15.0,-31.0,-31.0,9.0,0.025,1e-05,0.025,1e-05,0.025,1e-05,0.025,1e-05,0.025,1e-05,0.025,1e-05,1415872,36471,501,35217,498,0.0257586844008497,0.00035384554536,0.0248730111196492,0.000351726709759
06-05-2021,140.85,164.47,-19.0,-1.0,-7.0,-30.0,-21.0,4.0,0.025,1e-05,0.025,1e-05,0.025,1e-05,0.025,1e-05,0.025,1e-05,0.025,1e-05,1415872,36535,502,35283,499,0.0258038862270035,0.0003545518238936,0.0249196255028703,0.0003524329882927
06-06-2021,121.97,149.43,-16.0,-5.0,-10.0,-25.0,-18.0,4.0,0.025,1e-05,0.025,1e-05,0.025,1e-05,0.025,1e-05,0.025,1e-05,0.025,1e-05,1415872,36616,505,35360,502,0.0258610947882294,0.0003566706594946,0.0249740089499615,0.0003545518238936
06-07-2021,130.03,152.95,-16.0,-7.0,-17.0,-26.0,-34.0,8.0,0.025,1e-05,0.025,1e-05,0.025,1e-05,0.025,1e-05,0.025,1e-05,0.025,1e-05,1415872,36649,505,35391,502,0.0258844019798399,0.0003566706594946,0.0249959035845048,0.0003545518238936
06-08-2021,130.98,152.64,-15.0,-3.0,-16.0,-27.0,-33.0,9.0,0.025,1e-05,0.025,1e-05,0.025,1e-05,0.025,1e-05,0.025,1e-05,0.025,1e-05,1415872,36685,505,35422,502,0.0259098280070514,0.0003566706594946,0.025017798219048,0.0003545518238936
06-09-2021,134.77,153.72,-16.0,-4.0,-12.0,-29.0,-34.0,9.0,0.025,1e-05,0.025,1e-05,0.025,1e-05,0.025,1e-05,0.025,1e-05,0.025,1e-05,1415872,36731,505,35461,502,0.0259423168195995,0.0003566706594946,0.0250453430818605,0.0003545518238936
06-10-2021,137.45,160.62,-15.0,0.0,-16.0,-28.0,-35.0,9.0,0.025,1e-05,0.025,1e-05,0.025,1e-05,0.025,1e-05,0.025,1e-05,0.025,1e-05,1415872,36793,505,35522,502,0.0259861060886859,0.0003566706594946,0.0250884260724133,0.0003545518238936
06-11-2021,141.17,171.1,-18.0,-3.0,-10.0,-34.0,-46.0,13.0,0.025,1e-05,0.025,1e-05,0.025,1e-05,0.025,1e-05,0.025,1e-05,0.025,1e-05,1415872,36871,506,35595,503,0.0260411958143109,0.0003573769380282,0.0251399844053699,0.0003552581024273
06-12-2021,146.44,174.64,-20.0,-4.0,-5.0,-31.0,-24.0,4.0,0.025,1e-05,0.025,1e-05,0.025,1e-05,0.025,1e-05,0.025,1e-05,0.025,1e-05,1415872,36975,506,35693,503,0.0261146487818107,0.0003573769380282,0.0252091997016679,0.0003552581024273
06-13-2021,126.29,159.25,-18.0,-6.0,-11.0,-26.0,-20.0,4.0,0.025,1e-05,0.025,1e-05,0.025,1e-05,0.025,1e-05,0.025,1e-05,0.025,1e-05,1415872,37011,506,35723,503,0.0261400748090222,0.0003573769380282,0.0252303880576775,0.0003552581024273
06-14-2021,134.87,164.07,-16.0,-7.0,-14.0,-26.0,-35.0,8.0,0.025,1e-05,0.025,1e-05,0.025,1e-05,0.025,1e-05,0.025,1e-05,0.025,1e-05,1415872,37067,506,35769,503,0.0261796264069068,0.0003573769380282,0.0252628768702255,0.0003552581024273
06-15-2021,135.98,164.12,-15.0,-2.0,-15.0,-26.0,-33.0,9.0,0.025,1e-05,0.025,1e-05,0.025,1e-05,0.025,1e-05,0.025,1e-05,0.025,1e-05,1415872,37104,506,35802,503,0.0262057587126519,0.0003573769380282,0.0252861840618361,0.0003552581024273
06-16-2021,137.58,165.74,-16.0,-3.0,-11.0,-27.0,-34.0,8.0,0.025,1e-05,0.025,1e-05,0.025,1e-05,0.025,1e-05,0.025,1e-05,0.025,1e-05,1415872,37134,507,35831,504,0.0262269470686615,0.0003580832165619,0.025306666139312,0.0003559643809609
06-17-2021,139.35,167.59,-17.0,-1.0,-17.0,-27.0,-35.0,9.0,0.025,1e-05,0.025,1e-05,0.025,1e-05,0.025,1e-05,0.025,1e-05,0.025,1e-05,1415872,37170,507,35862,504,0.026252373095873,0.0003580832165619,0.0253285607738552,0.0003559643809609
06-18-2021,151.57,184.13,-16.0,1.0,-9.0,-29.0,-36.0,9.0,0.025,1e-05,0.025,1e-05,0.025,1e-05,0.025,1e-05,0.025,1e-05,0.025,1e-05,1415872,37214,510,35919,506,0.0262834493513537,0.0003602020521629,0.0253688186502734,0.0003573769380282
06-19-2021,156.56,180.86,-19.0,0.0,-5.0,-30.0,-22.0,3.0,0.025,1e-05,0.025,1e-05,0.025,1e-05,0.025,1e-05,0.025,1e-05,0.025,1e-05,1415872,37284,511,35976,508,0.0263328888487094,0.0003609083306965,0.0254090765266916,0.0003587894950956
06-20-2021,125.68,158.89,-16.0,-1.0,-11.0,-28.0,-19.0,3.0,0.025,1e-05,0.025,1e-05,0.025,1e-05,0.025,1e-05,0.025,1e-05,0.025,1e-05,1415872,37353,513,36036,510,0.0263816220675315,0.0003623208877638,0.0254514532387108,0.0003602020521629
06-21-2021,137.82,161.73,-17.0,-9.0,-16.0,-24.0,-35.0,8.0,0.025,1e-05,0.025,1e-05,0.025,1e-05,0.025,1e-05,0.025,1e-05,0.025,1e-05,1415872,37367,513,36048,510,0.0263915099670026,0.0003623208877638,0.0254599285811146,0.0003602020521629
06-22-2021,138.61,161.22,-15.0,-3.0,-13.0,-26.0,-33.0,9.0,0.025,1e-05,0.025,1e-05,0.025,1e-05,0.025,1e-05,0.025,1e-05,0.025,1e-05,1415872,37387,513,36066,510,0.0264056355376757,0.0003623208877638,0.0254726415947204,0.0003602020521629
06-23-2021,139.69,163.78,-16.0,-6.0,-10.0,-29.0,-33.0,8.0,0.025,1e-05,0.025,1e-05,0.025,1e-05,0.025,1e-05,0.025,1e-05,0.025,1e-05,1415872,37429,513,36104,510,0.0264352992360891,0.0003623208877638,0.0254994801789992,0.0003602020521629
06-24-2021,141.74,167.65,-16.0,-4.0,-14.0,-28.0,-35.0,9.0,0.025,1e-05,0.025,1e-05,0.025,1e-05,0.025,1e-05,0.025,1e-05,0.025,1e-05,1415872,37484,513,36157,510,0.02647414455544,0.0003623208877638,0.0255369129412828,0.0003602020521629
06-25-2021,150.35,174.42,-17.0,-5.0,-9.0,-27.0,-31.0,8.0,0.025,1e-05,0.025,1e-05,0.025,1e-05,0.025,1e-05,0.025,1e-05,0.025,1e-05,1415872,37532,514,36198,511,0.0265080459250553,0.0003630271662975,0.0255658703611625,0.0003609083306965
06-26-2021,147.98,179.93,-19.0,-5.0,-4.0,-29.0,-22.0,3.0,0.025,1e-05,0.025,1e-05,0.025,1e-05,0.025,1e-05,0.025,1e-05,0.025,1e-05,1415872,37596,516,36251,513,0.0265532477512091,0.0003644397233648,0.0256033031234461,0.0003623208877638
06-27-2021,130.52,159.88,-16.0,-7.0,-10.0,-24.0,-19.0,4.0,0.025,1e-05,0.025,1e-05,0.025,1e-05,0.025,1e-05,0.025,1e-05,0.025,1e-05,1415872,37647,516,36297,513,0.0265892679564254,0.0003644397233648,0.0256357919359942,0.0003623208877638
06-28-2021,135.62,164.65,-17.0,-11.0,-16.0,-25.0,-35.0,1.0,0.025,1e-05,0.025,1e-05,0.025,1e-05,0.025,1e-05,0.025,1e-05,0.025,1e-05,1415872,37669,516,36314,513,0.0266048060841658,0.0003644397233648,0.0256477986710663,0.0003623208877638
06-29-2021,139.26,162.12,-18.0,-8.0,-18.0,-28.0,-35.0,7.0,0.025,1e-05,0.025,1e-05,0.025,1e-05,0.025,1e-05,0.025,1e-05,0.025,1e-05,1415872,37702,516,36344,513,0.0266281132757763,0.0003644397233648,0.0256689870270758,0.0003623208877638
06-30-2021,141.36,160.48,-14.0,-4.0,-11.0,-26.0,-33.0,8.0,0.025,1e-05,0.025,1e-05,0.025,1e-05,0.025,1e-05,0.025,1e-05,0.025,1e-05,1415872,37758,517,36391,514,0.0266676648736608,0.0003651460018984,0.0257021821181575,0.0003630271662975
07-01-2021,142.92,162.09,-14.0,-1.0,-14.0,-26.0,-35.0,8.0,0.025,1e-05,0.025,1e-05,0.025,1e-05,0.025,1e-05,0.025,1e-05,0.025,1e-05,1415872,37807,518,36435,515,0.0267022725218098,0.0003658522804321,0.0257332583736382,0.0003637334448311
07-02-2021,152.71,175.91,-15.0,0.0,-12.0,-27.0,-34.0,9.0,0.025,1e-05,0.025,1e-05,0.025,1e-05,0.025,1e-05,0.025,1e-05,0.025,1e-05,1415872,37886,518,36508,515,0.0267580685259684,0.0003658522804321,0.0257848167065949,0.0003637334448311
07-03-2021,144.46,177.14,-16.0,2.0,-6.0,-31.0,-23.0,4.0,0.025,1e-05,0.025,1e-05,0.025,1e-05,0.025,1e-05,0.025,1e-05,0.025,1e-05,1415872,37933,518,36552,515,0.0267912636170501,0.0003658522804321,0.0258158929620756,0.0003637334448311
07-04-2021,116.13,157.8,-22.0,0.0,-10.0,-31.0,-23.0,3.0,0.025,1e-05,0.025,1e-05,0.025,1e-05,0.025,1e-05,0.025,1e-05,0.025,1e-05,1415872,37995,518,36604,515,0.0268350528861366,0.0003658522804321,0.0258526194458256,0.0003637334448311
07-05-2021,135.09,165.03,-13.0,-7.0,-4.0,-31.0,-67.0,17.0,0.025,1e-05,0.025,1e-05,0.025,1e-05,0.025,1e-05,0.025,1e-05,0.025,1e-05,1415872,38043,518,36646,515,0.0268689542557519,0.0003658522804321,0.025882283144239,0.0003637334448311
07-06-2021,140.17,166.53,-13.0,0.0,-14.0,-23.0,-34.0,9.0,0.025,1e-05,0.025,1e-05,0.025,1e-05,0.025,1e-05,0.025,1e-05,0.025,1e-05,1415872,38082,518,36680,515,0.0268964991185643,0.0003658522804321,0.0259062966143832,0.0003637334448311
07-07-2021,144.73,167.04,-14.0,-3.0,-9.0,-27.0,-34.0,8.0,0.025,1e-05,0.025,1e-05,0.025,1e-05,0.025,1e-05,0.025,1e-05,0.025,1e-05,1415872,38121,518,36714,515,0.0269240439813768,0.0003658522804321,0.0259303100845274,0.0003637334448311
07-08-2021,143.11,169.81,-15.0,-2.0,-14.0,-25.0,-35.0,8.0,0.025,1e-05,0.025,1e-05,0.025,1e-05,0.025,1e-05,0.025,1e-05,0.025,1e-05,1415872,38196,519,36777,516,0.0269770148714008,0.0003665585589657,0.0259748056321475,0.0003644397233648
07-09-2021,149.11,176.64,-17.0,-3.0,-9.0,-26.0,-31.0,8.0,0.025,1e-05,0.025,1e-05,0.025,1e-05,0.025,1e-05,0.025,1e-05,0.025,1e-05,1415872,38265,519,36834,516,0.0270257480902228,0.0003665585589657,0.0260150635085657,0.0003644397233648
07-10-2021,149.02,178.1,-19.0,-4.0,-8.0,-28.0,-21.0,4.0,0.025,1e-05,0.025,1e-05,0.025,1e-05,0.025,1e-05,0.025,1e-05,0.025,1e-05,1415872,38379,521,36934,518,0.0271062638430592,0.000367971116033,0.026085691361931,0.0003658522804321
07-11-2021,130.98,164.46,-16.0,-6.0,-14.0,-23.0,-18.0,4.0,0.025,1e-05,0.025,1e-05,0.025,1e-05,0.025,1e-05,0.025,1e-05,0.025,1e-05,1415872,38481,521,37025,518,0.0271783042534918,0.000367971116033,0.0261499627084934,0.0003658522804321
07-12-2021,139.44,167.8,-15.0,-8.0,-16.0,-23.0,-34.0,8.0,0.025,1e-05,0.025,1e-05,0.025,1e-05,0.025,1e-05,0.025,1e-05,0.025,1e-05,1415872,38544,521,37081,518,0.0272227998011119,0.000367971116033,0.0261895143063779,0.0003658522804321
07-13-2021,140.89,166.92,-13.0,-3.0,-14.0,-24.0,-33.0,9.0,0.025,1e-05,0.025,1e-05,0.025,1e-05,0.025,1e-05,0.025,1e-05,0.025,1e-05,1415872,38605,521,37134,518,0.0272658827916647,0.000367971116033,0.0262269470686615,0.0003658522804321
07-14-2021,144.07,169.6,-13.0,-5.0,-12.0,-25.0,-34.0,8.0,0.025,1e-05,0.025,1e-05,0.025,1e-05,0.025,1e-05,0.025,1e-05,0.025,1e-05,1415872,38653,521,37174,518,0.0272997841612801,0.000367971116033,0.0262551982100076,0.0003658522804321
07-15-2021,145.52,173.81,-13.0,-1.0,-14.0,-25.0,-35.0,8.0,0.025,1e-05,0.025,1e-05,0.025,1e-05,0.025,1e-05,0.025,1e-05,0.025,1e-05,1415872,38819,522,37318,519,0.0274170263978664,0.0003686773945667,0.0263569023188536,0.0003665585589657
07-16-2021,153.78,187.3,-15.0,-4.0,-12.0,-25.0,-31.0,8.0,0.025,1e-05,0.025,1e-05,0.025,1e-05,0.025,1e-05,0.025,1e-05,0.025,1e-05,1415872,38966,523,37455,520,0.0275208493423134,0.0003693836731003,0.0264536624779641,0.0003672648374994
07-17-2021,151.14,187.54,-16.0,-3.0,-6.0,-26.0,-22.0,3.0,0.025,1e-05,0.025,1e-05,0.025,1e-05,0.025,1e-05,0.025,1e-05,0.025,1e-05,1415872,39090,523,37577,520,0.0276084278804863,0.0003693836731003,0.0265398284590697,0.0003672648374994
07-18-2021,133.18,168.35,-12.0,-5.0,-9.0,-22.0,-19.0,4.0,0.025,1e-05,0.025,1e-05,0.025,1e-05,0.025,1e-05,0.025,1e-05,0.025,1e-05,1415872,39254,523,37717,520,0.0277242575600054,0.0003693836731003,0.0266387074537811,0.0003672648374994
07-19-2021,142.36,171.02,-14.0,-7.0,-16.0,-22.0,-34.0,8.0,0.025,1e-05,0.025,1e-05,0.025,1e-05,0.025,1e-05,0.025,1e-05,0.025,1e-05,1415872,39386,523,37839,520,0.0278174863264475,0.0003693836731003,0.0267248734348867,0.0003672648374994
07-20-2021,141.14,168.82,-12.0,-4.0,-17.0,-23.0,-33.0,9.0,0.025,1e-05,0.025,1e-05,0.025,1e-05,0.025,1e-05,0.025,1e-05,0.025,1e-05,1415872,39486,523,37936,520,0.0278881141798128,0.0003693836731003,0.026793382452651,0.0003672648374994
07-21-2021,143.76,168.97,-14.0,-6.0,-15.0,-26.0,-34.0,9.0,0.025,1e-05,0.025,1e-05,0.025,1e-05,0.025,1e-05,0.025,1e-05,0.025,1e-05,1415872,39649,524,38066,521,0.0280032375807982,0.000370089951634,0.0268851986620259,0.000367971116033
07-22-2021,144.17,168.92,-14.0,-3.0,-16.0,-25.0,-35.0,9.0,0.025,1e-05,0.025,1e-05,0.025,1e-05,0.025,1e-05,0.025,1e-05,0.025,1e-05,1415872,39892,527,38284,524,0.0281748632644758,0.000372208787235,0.0270391673823622,0.000370089951634
07-23-2021,151.18,177.22,-16.0,-5.0,-13.0,-27.0,-31.0,9.0,0.025,1e-05,0.025,1e-05,0.025,1e-05,0.025,1e-05,0.025,1e-05,0.025,1e-05,1415872,40125,527,38499,524,0.0283394261628169,0.000372208787235,0.0271910172670975,0.000370089951634
07-24-2021,150.2,178.16,-18.0,-6.0,-10.0,-28.0,-21.0,4.0,0.025,1e-05,0.025,1e-05,0.025,1e-05,0.025,1e-05,0.025,1e-05,0.025,1e-05,1415872,40383,527,38741,524,0.0285216460244993,0.000372208787235,0.0273619366722415,0.000370089951634
07-25-2021,131.23,166.24,-15.0,-7.0,-15.0,-24.0,-19.0,4.0,0.025,1e-05,0.025,1e-05,0.025,1e-05,0.025,1e-05,0.025,1e-05,0.025,1e-05,1415872,40659,529,39000,526,0.0287165788997875,0.0003736213443023,0.0275448628124576,0.0003715025087013
07-26-2021,145.26,167.52,-15.0,-9.0,-16.0,-24.0,-34.0,8.0,0.025,1e-05,0.025,1e-05,0.025,1e-05,0.025,1e-05,0.025,1e-05,0.025,1e-05,1415872,40822,529,39156,526,0.0288317023007729,0.0003736213443023,0.0276550422637074,0.0003715025087013
07-27-2021,140.56,165.63,-13.0,-5.0,-17.0,-25.0,-33.0,9.0,0.025,1e-05,0.025,1e-05,0.025,1e-05,0.025,1e-05,0.025,1e-05,0.025,1e-05,1415872,40984,529,39304,526,0.0289461194232246,0.0003736213443023,0.027759571486688,0.0003715025087013
07-28-2021,141.51,163.96,-15.0,-7.0,-15.0,-25.0,-33.0,8.0,0.025,1e-05,0.025,1e-05,0.025,1e-05,0.025,1e-05,0.025,1e-05,0.025,1e-05,1415872,41069,532,39392,529,0.0290061530985851,0.0003757401799032,0.0278217239976495,0.0003736213443023
07-29-2021,140.21,165.26,-15.0,-5.0,-20.0,-27.0,-34.0,9.0,0.025,1e-05,0.025,1e-05,0.025,1e-05,0.025,1e-05,0.025,1e-05,0.025,1e-05,1415872,41303,534,39624,531,0.0291714222754599,0.0003771527369705,0.0279855806174569,0.0003750339013696
07-30-2021,151.65,174.02,-16.0,-5.0,-13.0,-27.0,-30.0,8.0,0.025,1e-05,0.025,1e-05,0.025,1e-05,0.025,1e-05,0.025,1e-05,0.025,1e-05,1415872,41925,537,40176,534,0.0296107275233919,0.0003792715725715,0.0283754463680332,0.0003771527369705
07-31-2021,148.16,176.1,-18.0,-6.0,-9.0,-29.0,-20.0,4.0,0.025,1e-05,0.025,1e-05,0.025,1e-05,0.025,1e-05,0.025,1e-05,0.025,1e-05,1415872,42410,537,40643,534,0.0299532726122135,0.0003792715725715,0.0287052784432491,0.0003771527369705
08-01-2021,129.94,160.91,-15.0,-7.0,-16.0,-21.0,-18.0,4.0,0.025,1e-05,0.025,1e-05,0.025,1e-05,0.025,1e-05,0.025,1e-05,0.025,1e-05,1415872,42862,537,41090,534,0.0302725105094245,0.0003792715725715,0.0290209849477918,0.0003771527369705
08-02-2021,137.74,163.01,-14.0,-8.0,-20.0,-23.0,-33.0,8.0,0.025,1e-05,0.025,1e-05,0.025,1e-05,0.025,1e-05,0.025,1e-05,0.025,1e-05,1415872,43227,537,41446,534,0.0305303021742078,0.0003792715725715,0.0292724201057722,0.0003771527369705
08-03-2021,140.15,165.31,-12.0,-1.0,-18.0,-25.0,-32.0,9.0,0.025,1e-05,0.025,1e-05,0.025,1e-05,0.025,1e-05,0.025,1e-05,0.025,1e-05,1415872,43616,538,41815,535,0.0308050445237987,0.0003799778511051,0.0295330368846901,0.0003778590155042
08-04-2021,142.49,167.41,-14.0,-6.0,-15.0,-26.0,-33.0,8.0,0.025,1e-05,0.025,1e-05,0.025,1e-05,0.025,1e-05,0.025,1e-05,0.025,1e-05,1415872,43962,538,42135,535,0.0310494168964426,0.0003799778511051,0.029759046015459,0.0003778590155042
08-05-2021,142.76,169.43,-16.0,-3.0,-20.0,-26.0,-34.0,8.0,0.025,1e-05,0.025,1e-05,0.025,1e-05,0.025,1e-05,0.025,1e-05,0.025,1e-05,1415872,44617,538,42770,535,0.0315120293359851,0.0003799778511051,0.0302075328843285,0.0003778590155042
08-06-2021,149.86,178.84,-17.0,-4.0,-14.0,-26.0,-29.0,8.0,0.025,1e-05,0.025,1e-05,0.025,1e-05,0.025,1e-05,0.025,1e-05,0.025,1e-05,1415872,45245,540,43377,537,0.0319555722551191,0.0003813904081724,0.0306362439542557,0.0003792715725715
08-07-2021,142.2,175.71,-19.0,-6.0,-10.0,-27.0,-21.0,5.0,0.025,1e-05,0.025,1e-05,0.025,1e-05,0.025,1e-05,0.025,1e-05,0.025,1e-05,1415872,45860,542,43977,539,0.0323899335533155,0.0003828029652397,0.0310600110744474,0.0003806841296388
08-08-2021,130.54,160.71,-17.0,-7.0,-14.0,-25.0,-18.0,5.0,0.025,1e-05,0.025,1e-05,0.025,1e-05,0.025,1e-05,0.025,1e-05,0.025,1e-05,1415872,46503,542,44609,539,0.0328440706504542,0.0003828029652397,0.0315063791077159,0.0003806841296388
08-09-2021,136.19,163.85,-16.0,-8.0,-17.0,-21.0,-33.0,7.0,0.025,1e-05,0.025,1e-05,0.025,1e-05,0.025,1e-05,0.025,1e-05,0.025,1e-05,1415872,46940,543,45041,540,0.0331527143696605,0.0003835092437734,0.0318114914342539,0.0003813904081724
08-10-2021,138.02,163.25,-16.0,-5.0,-16.0,-22.0,-32.0,9.0,0.025,1e-05,0.025,1e-05,0.025,1e-05,0.025,1e-05,0.025,1e-05,0.025,1e-05,1415872,47376,543,45460,540,0.0334606518103331,0.0003835092437734,0.0321074221398544,0.0003813904081724
08-11-2021,139.23,164.45,-16.0,-6.0,-12.0,-26.0,-32.0,8.0,0.025,1e-05,0.025,1e-05,0.025,1e-05,0.025,1e-05,0.025,1e-05,0.025,1e-05,1415872,47848,545,45920,542,0.0337940152782172,0.0003849218008407,0.0324323102653347,0.0003828029652397
08-12-2021,141.59,166.83,-17.0,-4.0,-18.0,-23.0,-34.0,9.0,0.025,1e-05,0.025,1e-05,0.025,1e-05,0.025,1e-05,0.025,1e-05,0.025,1e-05,1415872,48397,546,46463,543,0.0341817621931926,0.0003856280793744,0.0328158195091081,0.0003835092437734
08-13-2021,150.62,174.35,-18.0,-5.0,-15.0,-26.0,-29.0,8.0,0.025,1e-05,0.025,1e-05,0.025,1e-05,0.025,1e-05,0.025,1e-05,0.025,1e-05,1415872,49564,547,47612,544,0.0350059892419653,0.000386334357908,0.0336273335442751,0.0003842155223071
08-14-2021,142.79,173.38,-19.0,-6.0,-11.0,-28.0,-22.0,6.0,0.025,1e-05,0.025,1e-05,0.025,1e-05,0.025,1e-05,0.025,1e-05,0.025,1e-05,1415872,50355,548,48376,545,0.0355646555620847,0.0003870406364417,0.0341669303439859,0.0003849218008407
08-15-2021,125.16,162.94,-16.0,-6.0,-12.0,-22.0,-20.0,5.0,0.025,1e-05,0.025,1e-05,0.025,1e-05,0.025,1e-05,0.025,1e-05,0.025,1e-05,1415872,51200,552,49205,549,0.0361614609230212,0.0003898657505763,0.034752435248384,0.0003877469149753
08-16-2021,140.68,166.38,-17.0,-10.0,-19.0,-20.0,-33.0,7.0,0.025,1e-05,0.025,1e-05,0.025,1e-05,0.025,1e-05,0.025,1e-05,0.025,1e-05,1415872,51739,552,49727,549,0.0365421450526601,0.0003898657505763,0.0351211126429507,0.0003877469149753
08-17-2021,140.29,167.68,-17.0,-6.0,-20.0,-24.0,-33.0,9.0,0.025,1e-05,0.025,1e-05,0.025,1e-05,0.025,1e-05,0.025,1e-05,0.025,1e-05,1415872,52199,552,50180,549,0.0368670331781404,0.0003898657505763,0.0354410568186954,0.0003877469149753
08-18-2021,143.78,165.35,-18.0,-7.0,-14.0,-25.0,-31.0,8.0,0.025,1e-05,0.025,1e-05,0.025,1e-05,0.025,1e-05,0.025,1e-05,0.025,1e-05,1415872,52846,554,50821,551,0.0373239953894137,0.0003912783076436,0.0358937813587668,0.0003891594720426
08-19-2021,146.76,170.5,-17.0,-5.0,-19.0,-24.0,-33.0,8.0,0.025,1e-05,0.025,1e-05,0.025,1e-05,0.025,1e-05,0.025,1e-05,0.025,1e-05,1415872,53598,558,51565,555,0.0378551168467206,0.0003941034217782,0.0364192525878045,0.0003919845861772
08-20-2021,142.48,175.24,-18.0,-6.0,-12.0,-29.0,-43.0,13.0,0.025,1e-05,0.025,1e-05,0.025,1e-05,0.025,1e-05,0.025,1e-05,0.025,1e-05,1415872,54443,562,52401,559,0.0384519222076571,0.0003969285359128,0.0370097014419382,0.0003948097003118
08-21-2021,135.82,164.88,-22.0,-8.0,-14.0,-28.0,-24.0,6.0,0.025,1e-05,0.025,1e-05,0.025,1e-05,0.025,1e-05,0.025,1e-05,0.025,1e-05,1415872,55206,563,53153,560,0.0389908127288342,0.0003976348144465,0.0375408228992451,0.0003955159788455
08-22-2021,116.09,145.01,-20.0,-11.0,-21.0,-27.0,-21.0,6.0,0.025,1e-05,0.025,1e-05,0.025,1e-05,0.025,1e-05,0.025,1e-05,0.025,1e-05,1415872,56099,564,54038,561,0.0396215194593861,0.0003983410929801,0.0381658794015278,0.0003962222573791
08-23-2021,126.12,144.7,-22.0,-14.0,-39.0,-25.0,-33.0,10.0,0.025,1e-05,0.025,1e-05,0.025,1e-05,0.025,1e-05,0.025,1e-05,0.025,1e-05,1415872,56670,564,54608,561,0.0400248045021018,0.0003983410929801,0.0385684581657099,0.0003962222573791
08-24-2021,124.61,140.26,-19.0,-8.0,-23.0,-27.0,-31.0,9.0,0.025,1e-05,0.025,1e-05,0.025,1e-05,0.025,1e-05,0.025,1e-05,0.025,1e-05,1415872,57235,565,55165,562,0.0404238518736157,0.0003990473715138,0.0389618553089544,0.0003969285359128
08-25-2021,124.7,138.76,-20.0,-9.0,-17.0,-30.0,-31.0,9.0,0.025,1e-05,0.025,1e-05,0.025,1e-05,0.025,1e-05,0.025,1e-05,0.025,1e-05,1415872,57747,573,55668,570,0.0407854664828459,0.000404697599783,0.0393171134113818,0.000402578764182
08-26-2021,128.63,138.71,-21.0,-8.0,-24.0,-30.0,-32.0,9.0,0.025,1e-05,0.025,1e-05,0.025,1e-05,0.025,1e-05,0.025000001354651,2.076343344017396e-05,0.0250000013467868,2.068311723666947e-05,1415872,58578,573,56492,570,0.0413723839443113,0.000404697599783,0.0398990869231116,0.000402578764182
08-27-2021,131.38,144.0,-22.0,-8.0,-18.0,-32.0,-28.0,10.0,0.025,1e-05,0.025,1e-05,0.025,1e-05,0.025,1e-05,0.0250000015220275,2.214074930996445e-05,0.0250000015080174,2.200697098116235e-05,1415872,59613,582,57509,579,0.0421033822266419,0.0004110541065859,0.0406173721918365,0.0004089352709849
08-28-2021,123.14,140.24,-24.0,-10.0,-14.0,-32.0,-23.0,7.0,0.025,1e-05,0.025,1e-05,0.025,1e-05,0.025,1e-05,0.025000001494695,2.156162598285835e-05,0.0250000014820224,2.1453460562388634e-05,1415872,60551,587,58436,584,0.0427658714912082,0.0004145854992541,0.0412720923925326,0.0004124666636532
08-29-2021,101.42,115.76,-23.0,-11.0,-22.0,-32.0,-21.0,7.0,0.025,1e-05,0.025,1e-05,0.025,1e-05,0.025,1e-05,0.025000001580507,2.1971073364367234e-05,0.0250000015651639,2.185119334588292e-05,1415872,62229,589,60094,586,0.0439510068706775,0.0004159980563214,0.0424431022013289,0.0004138792207205
08-30-2021,112.09,115.87,-23.0,-13.0,-26.0,-30.0,-30.0,8.0,0.025,1e-05,0.025,1e-05,0.025,1e-05,0.025,1e-05,0.0250000015759732,2.1596576378855378e-05,0.0250000015617887,2.149989087672888e-05,1415872,62949,589,60808,586,0.0444595274149075,0.0004159980563214,0.042947385074357,0.0004138792207205
08-31-2021,109.93,109.99,-22.0,-9.0,-28.0,-31.0,-30.0,10.0,0.025,1e-05,0.025,1e-05,0.025,1e-05,0.025,1e-05,0.0250000018152425,2.355198973598227e-05,0.0250000017928217,2.33836743854376e-05,1415872,63502,589,61353,586,0.0448500994440175,0.0004159980563214,0.0433323068751977,0.0004138792207205
