date,Iowa-apple-driving,Iowa-apple-walking,Iowa-google-retail_and_recreation,Iowa-google-grocery_and_pharmacy,Iowa-google-parks,Iowa-google-transit_stations,Iowa-google-workplaces,Iowa-google-residential,Iowa-jh_beta_7,Iowa-jh_gamma_7,Iowa-cdc_beta_7,Iowa-cdc_gamma_7,Iowa-jh_beta_14,Iowa-jh_gamma_14,Iowa-cdc_beta_14,Iowa-cdc_gamma_14,Iowa-jh_beta_30,Iowa-jh_gamma_30,Iowa-cdc_beta_30,Iowa-cdc_gamma_30,Iowa-census_pop,Iowa-jh_confirmed,Iowa-jh_death,Iowa-cdc_confirmed,Iowa-cdc_death,Iowa-jh_confirmed_ratio,Iowa-jh_death_ratio,Iowa-cdc_confirmed_ratio,Iowa-cdc_death_ratio
01-01-2021,87.56,92.28,-40.0,-36.0,-15.0,-49.0,-75.0,26.0,0.0250000003510875,2.178877796457721e-05,0.0250000003466431,2.163024550317392e-05,0.02499999349735,0.0001055405806419,0.0249999933824976,0.0001052705967253,0.0250000180075517,0.0001729094744438,0.0250000185385441,0.0001790866220605,3155070,282980,3898,282664,3898,0.0896905615406314,0.0012354717961883,0.0895904052841933,0.0012354717961883
01-02-2021,119.34,117.21,-20.0,2.0,-7.0,-21.0,-12.0,8.0,0.0250000004690181,2.654717461094056e-05,0.025000000464418,2.6373090354923436e-05,0.0249999901098693,0.0001138086014851,0.0249999901093125,0.0001136196222262,0.025000017170229,0.0001659001835542,0.0250000184435153,0.0001794108854261,3155070,283895,3946,283330,3946,0.0899805709540517,0.0012506854047612,0.0898014941031419,0.0012506854047612
01-03-2021,99.4,87.92,-14.0,3.0,-2.0,-19.0,-8.0,6.0,0.0250000006431911,3.367037278591845e-05,0.0250000006379101,3.345817545597245e-05,0.0249999942748807,9.516901287349898e-05,0.024999994499285,9.522465358997142e-05,0.0250000161704041,0.0001570266529971,0.0250000161506757,0.0001580321224834,3155070,284715,3946,284378,3946,0.0902404701005049,0.0012506854047612,0.0901336578903162,0.0012506854047612
01-04-2021,111.83,114.6,-5.0,12.0,-3.0,-20.0,-22.0,9.0,0.0250000007528459,3.906651528687403e-05,0.0250000007474414,3.883890485088986e-05,0.0249999964032894,8.47340219548702e-05,0.0249999964456888,8.453241592751234e-05,0.0250000154664686,0.0001511927254774,0.0250000165168823,0.0001623824098875,3155070,286356,3992,285476,3992,0.0907605853435898,0.0012652651129768,0.0904816691864205,0.0012652651129768
01-05-2021,117.36,124.93,-10.0,9.0,-2.0,-21.0,-23.0,9.0,0.0250000009025753,4.569514204242596e-05,0.0250000008958083,4.539986185189798e-05,0.0249999941370225,9.376444843123157e-05,0.0249999943411022,9.372309865228438e-05,0.025000015545241,0.0001528276781594,0.0250000158901827,0.0001569118434608,3155070,288298,3999,287306,3999,0.0913761025904338,0.0012674837642271,0.0910616880132612,0.0012674837642271
01-06-2021,107.4,111.05,-13.0,4.0,-9.0,-22.0,-21.0,10.0,0.025000000686296,3.684661179564451e-05,0.0250000006842805,3.675645120267716e-05,0.0249999966472866,8.031290389282527e-05,0.0249999968966653,8.035988283591697e-05,0.025000015350869,0.000151732596418,0.0250000159078421,0.0001578772147388,3155070,290776,4060,289932,4060,0.0921615051330081,0.0012868177251217,0.0918939991822685,0.0012868177251217
01-07-2021,114.14,117.08,-14.0,-1.0,-8.0,-23.0,-22.0,10.0,0.0250000008121548,4.1832475873637705e-05,0.0250000008096408,4.171994986342447e-05,0.0249999954671561,8.483895460491973e-05,0.0249999956941198,8.479885799316821e-05,0.0250000156365662,0.0001551727714824,0.0250000157757689,0.0001569526392159,3155070,293189,4065,291753,4065,0.0929263059139733,0.0012884024760147,0.0924711654575017,0.0012884024760147
01-08-2021,133.74,135.52,-10.0,1.0,-6.0,-22.0,-17.0,7.0,0.0250000006033982,3.293578481816117e-05,0.0250000006017273,3.2863076351283925e-05,0.0250000041761988,8.84486123217078e-05,0.0250000041482188,8.786354956907714e-05,0.0250000158974576,0.0001585071110862,0.025000013097353,0.0001308389129754,3155070,294762,4124,294008,4124,0.0934248685449134,0.0013071025365522,0.0931858881102479,0.0013071025365522
01-09-2021,133.85,135.95,-13.0,6.0,-7.0,-21.0,-1.0,6.0,0.025000000752289,3.882019174187776e-05,0.0250000007516408,3.87917756011662e-05,0.0249999965433193,7.856995541051096e-05,0.0249999966509432,7.833005613730359e-05,0.0250000161837305,0.0001619053928192,0.0250000119058969,0.0001193560029584,3155070,296171,4127,295353,4127,0.0938714513465628,0.001308053387088,0.0936121861004668,0.001308053387088
01-10-2021,99.97,95.46,-10.0,8.0,-7.0,-23.0,-6.0,5.0,0.0250000006450851,3.4455634912673775e-05,0.0250000006441166,3.441365812561485e-05,0.0249999941104899,8.773306827779895e-05,0.0249999942782468,8.753519889318708e-05,0.0250000164234474,0.0001648670648426,0.0250000107590154,0.0001083404515482,3155070,296682,4138,296480,4138,0.0940334128878281,0.0013115398390526,0.0939693889517506,0.0013115398390526
01-11-2021,109.71,108.86,-12.0,6.0,0.0,-22.0,-21.0,9.0,0.0250000007445724,3.942275805259004e-05,0.0250000007438935,3.9391969343414425e-05,0.0249999913711801,9.578388783131204e-05,0.0249999915534155,9.556773706713916e-05,0.0250000099719408,0.0001009157756562,0.0250000099175499,0.000100400425262,3155070,297774,4139,297301,4139,0.0943795224828609,0.0013118567892313,0.0942296050483824,0.0013118567892313
01-12-2021,113.12,114.69,-14.0,4.0,5.0,-22.0,-23.0,9.0,0.0250000005819025,3.327748231281737e-05,0.0250000005805847,3.3216396138275627e-05,0.0249999880818489,0.0001025982131147,0.0249999884288109,0.0001025516986169,0.0250000100288674,0.0001019437907116,0.0250000099627703,0.0001013292122517,3155070,299255,4222,298406,4222,0.0948489256973696,0.0013381636540552,0.094579834995737,0.0013381636540552
01-13-2021,113.14,115.42,-11.0,7.0,6.0,-18.0,-21.0,8.0,0.0250000007303731,3.887187580866352e-05,0.0250000007284546,3.878451485906145e-05,0.0249999918785393,8.973619641798173e-05,0.0249999921243767,9.007469744010154e-05,0.0250000103765342,0.0001055572187914,0.0250000103159416,0.0001049826486654,3155070,301161,4232,300304,4232,0.0954530327377839,0.0013413331558412,0.0951814064347225,0.0013413331558412
01-14-2021,104.34,102.95,-22.0,0.0,-22.0,-28.0,-24.0,11.0,0.0250000005714578,3.169234569581353e-05,0.0250000005702508,3.163954242279481e-05,0.0249999896415446,9.47872710043805e-05,0.0249999899246051,9.515653932260416e-05,0.0250000098656833,0.0001006382844495,0.0250000098094308,0.0001000951534281,3155070,302560,4251,301824,4251,0.0958964460376473,0.0013473552092346,0.0956631707061966,0.0013473552092346
01-15-2021,104.51,121.07,-32.0,-21.0,-26.0,-37.0,-38.0,17.0,0.025000000677257,3.6286565576439074e-05,0.0250000006747762,3.617534393380937e-05,0.02499999355936,8.049192346640348e-05,0.0249999937474088,8.078628327767127e-05,0.025000009253071,9.469536310358722e-05,0.0250000091826122,9.403476584999302e-05,3155070,303926,4257,303120,4257,0.0963293999816169,0.0013492569103062,0.0960739381376641,0.0013492569103062
01-16-2021,133.37,139.84,-17.0,1.0,-12.0,-23.0,-3.0,6.0,0.0250000004750278,2.7876728404427143e-05,0.0250000004741902,2.7840129910142276e-05,0.0249999915512072,8.531156361197336e-05,0.0249999916141666,8.540538149430358e-05,0.0250000092885286,9.543293433958364e-05,0.0250000092333678,9.489327801711974e-05,3155070,304748,4321,304270,4321,0.0965899330284272,0.0013695417217367,0.0964384308430557,0.0013695417217367
01-17-2021,100.63,100.27,-15.0,-1.0,-9.0,-28.0,-9.0,5.0,0.0250000006345921,3.425226791093261e-05,0.0250000006333039,3.419535311189479e-05,0.0249999934281496,7.890595803435255e-05,0.0249999935240336,7.906079597380947e-05,0.0250000082350936,8.49585171999627e-05,0.025000008208275,8.472784828214111e-05,3155070,305151,4323,304906,4323,0.0967176639504036,0.0013701756220939,0.0966400111566462,0.0013701756220939
01-18-2021,116.82,116.87,-8.0,3.0,0.0,-26.0,-33.0,11.0,0.0250000006981212,3.73675077618054e-05,0.0250000006977658,3.735138131675502e-05,0.0249999906864913,8.66471949137654e-05,0.0249999907552992,8.674818697448966e-05,0.025000008490868,8.77911389463588e-05,0.0250000084755942,8.765116480734967e-05,3155070,306083,4324,305622,4324,0.0970130615168601,0.0013704925722725,0.0968669474845249,0.0013704925722725
01-19-2021,110.16,108.78,-19.0,-1.0,-13.0,-26.0,-24.0,9.0,0.0250000007709261,4.13281535781892e-05,0.0250000007699976,4.128430708848738e-05,0.0249999926398122,7.84682868386616e-05,0.0249999927834423,7.87062489569747e-05,0.0250000076027619,7.920309070166556e-05,0.0250000076154878,7.928566209554902e-05,3155070,307302,4332,306679,4332,0.0973994237845753,0.0013730281737013,0.0972019638233066,0.0013730281737013
01-20-2021,109.12,114.19,-15.0,2.0,-3.0,-19.0,-21.0,9.0,0.0250000004077384,2.608014636913124e-05,0.0250000004069846,2.6044899223626208e-05,0.0249999907402807,8.183033883974556e-05,0.0249999909128651,8.210818279681667e-05,0.0250000071215009,7.460358766900343e-05,0.0250000071108917,7.44978601359407e-05,3155070,308787,4394,307908,4394,0.0978700947997984,0.0013926790847746,0.0975914955928077,0.0013926790847746
01-21-2021,117.39,119.83,-15.0,-4.0,-3.0,-23.0,-22.0,9.0,0.0250000005065053,2.9703971638914173e-05,0.0250000005055082,2.965851339177994e-05,0.0250000044772023,9.84729207593944e-05,0.0250000044681942,9.82619308552485e-05,0.025000007418059,7.770973502623174e-05,0.0250000074260013,7.775147971823655e-05,3155070,310440,4445,309600,4445,0.0983940134450265,0.0014088435438833,0.0981277752950013,0.0014088435438833
01-22-2021,139.45,142.19,-11.0,0.0,-11.0,-21.0,-17.0,7.0,0.0250000006045999,3.290342167623782e-05,0.0250000006035429,3.285693222788778e-05,0.0249999916842735,7.664381603668898e-05,0.0249999918990667,7.701483561294913e-05,0.0250000068844825,7.235686483845538e-05,0.0250000069065112,7.250848537869154e-05,3155070,311695,4478,310935,4478,0.0987917859191713,0.0014193028997771,0.0985509037834342,0.0014193028997771
01-23-2021,135.69,150.36,-17.0,3.0,-15.0,-27.0,-2.0,6.0,0.0250000007695366,3.934991509676412e-05,0.0250000007680059,3.928234561599065e-05,0.0250000044918604,9.671866827409628e-05,0.0250000044839746,9.653829630249798e-05,0.0250000070080905,7.362010956515112e-05,0.0250000070212769,7.370039703486723e-05,3155070,312622,4486,312084,4487,0.0990855987347348,0.0014218385012059,0.0989150795386473,0.0014221554513845
01-24-2021,96.85,103.37,-16.0,5.0,-10.0,-28.0,-6.0,5.0,0.0250000005830216,3.125989626636537e-05,0.0250000005842266,3.129049028244345e-05,0.024999992180997,7.416302193738602e-05,0.0249999922866949,7.440781122125856e-05,0.0250000063722307,6.729976200517586e-05,0.0250000063851658,6.737432054767138e-05,3155070,313137,4487,312932,4488,0.0992488280767146,0.0014221554513845,0.0991838532901013,0.0014224724015631
01-25-2021,78.83,102.85,-32.0,-4.0,-28.0,-39.0,-29.0,14.0,0.0250000006672484,3.586212379535562e-05,0.0250000006700605,3.5951684915374973e-05,0.0249999905959479,7.781917906383534e-05,0.0249999906084865,7.795301469514163e-05,0.0250000066040116,6.978357736034009e-05,0.0250000066013086,6.973304530415662e-05,3155070,313909,4488,313515,4488,0.0994935136145949,0.0014224724015631,0.0993686352442259,0.0014224724015631
01-26-2021,78.45,105.71,-39.0,-24.0,-25.0,-33.0,-42.0,19.0,0.0250000007190932,3.944985169592495e-05,0.025000000720565,3.950129580390158e-05,0.0249999878108301,8.333194466849452e-05,0.0249999878693797,8.353684219472003e-05,0.0250000068705562,7.271262167843932e-05,0.0250000068722022,7.269750821793577e-05,3155070,315002,4492,314411,4492,0.0998399401598062,0.0014237402022776,0.0996526226042528,0.0014237402022776
01-27-2021,107.8,124.84,-16.0,1.0,-12.0,-19.0,-20.0,9.0,0.0250000007139225,4.03838642660965e-05,0.0250000007143688,4.040323930571429e-05,0.0250000041910755,9.297772301722214e-05,0.0250000041887136,9.289421063998448e-05,0.0250000070979594,7.531082100638595e-05,0.0250000070974625,7.527941169094092e-05,3155070,316114,4500,315412,4500,0.100192388758411,0.0014262758037064,0.0999698897330328,0.0014262758037064
01-28-2021,116.57,128.25,-17.0,-6.0,-15.0,-23.0,-21.0,9.0,0.0250000004209952,2.812146652066393e-05,0.0250000004211393,2.813731586028149e-05,0.0250000042667144,9.612417253627748e-05,0.0250000042632156,9.60221440272501e-05,0.0250000072912426,7.765105753167427e-05,0.025000007305861,7.774331552691416e-05,3155070,317124,4532,316684,4532,0.1005125084387985,0.0014364182094216,0.1003730503602138,0.0014364182094216
01-29-2021,139.72,157.32,-8.0,4.0,-6.0,-21.0,-17.0,6.0,0.025,1e-05,0.025,1e-05,0.0250000042169031,9.579487373788066e-05,0.0250000042138401,9.571299501096127e-05,0.0250000066070803,7.105352387536882e-05,0.0250000066414553,7.133188911738642e-05,3155070,318319,4577,317689,4577,0.1008912639022272,0.0014506809674587,0.1006915852897083,0.0014506809674587
01-30-2021,109.84,130.59,-26.0,0.0,-21.0,-33.0,-3.0,8.0,0.025,1e-05,0.025,1e-05,0.0250000045657995,0.0001033521428356,0.0250000045605875,0.0001032262040067,0.0250000067076961,7.226726817881735e-05,0.0250000067434341,7.25580497358848e-05,3155070,319110,4651,318556,4651,0.1011419714935009,0.0014741352806752,0.1009663810945557,0.0014741352806752
01-31-2021,90.73,97.31,-25.0,-11.0,-20.0,-32.0,-11.0,7.0,0.0250000003921835,2.3055861924850363e-05,0.0250000003864883,2.2815916350833488e-05,0.0250000038887923,8.64994920627401e-05,0.0250000038871703,8.6472908429668e-05,0.0250000061246377,6.631826061976398e-05,0.0250000061557016,6.65697944934823e-05,3155070,319408,4901,319247,4901,0.1012364226467241,0.0015533728253255,0.1011853936679693,0.0015533728253255
02-01-2021,108.67,115.95,-14.0,2.0,-13.0,-24.0,-20.0,8.0,0.0250000010292152,4.466330048898999e-05,0.0250000010233679,4.4410462811449575e-05,0.0250000055055333,0.0001143740764144,0.0250000055041419,0.0001143616163264,0.0250000066418711,7.058749344458297e-05,0.0250000066527786,7.067646333849173e-05,3155070,320187,4906,319814,4906,0.1014833268358546,0.0015549575762185,0.1013651044192363,0.0015549575762185
02-02-2021,111.85,121.76,-16.0,1.0,-14.0,-26.0,-22.0,8.0,0.0250000367587257,0.0001446045643701,0.0250000369027186,0.000144784835145,0.0249999853012319,8.986439245572108e-05,0.0249999853780963,9.002716296056259e-05,0.0250000065952364,6.935485310493683e-05,0.0250000066134083,6.950049063228813e-05,3155070,321274,4919,320618,4919,0.1018278516799944,0.0015590779285404,0.1016199323628318,0.0015590779285404
02-03-2021,115.05,124.13,-6.0,21.0,-3.0,-17.0,-19.0,7.0,0.0250000529276053,0.0001811801966031,0.0250000532505301,0.0001815177779699,0.0249999790684343,0.0001019190913166,0.0249999792201498,0.0001021463175067,0.0250000071209578,7.410516553777328e-05,0.025000007132828,7.420129449680778e-05,3155070,322308,4975,321836,4975,0.1021555781646682,0.001576827138542,0.1020059776803684,0.001576827138542
02-04-2021,76.28,93.47,-46.0,-28.0,-40.0,-38.0,-40.0,21.0,0.0250000689989455,0.0002143063394161,0.0250000695145439,0.0002147788453358,0.0249999811845811,9.850906856876844e-05,0.0249999813981916,9.880369224188096e-05,0.0250000070600343,7.294851631331375e-05,0.0250000070888647,7.317636023397826e-05,3155070,323216,5033,322709,5033,0.1024433689268383,0.0015952102489009,0.1022826751862874,0.0015952102489009
02-05-2021,130.06,144.28,-17.0,2.0,-22.0,-21.0,-23.0,9.0,0.0250000770165981,0.0002317356202315,0.0250000773838048,0.0002320544683825,0.0249999808517641,9.88883397010006e-05,0.0249999810617884,9.916485574629846e-05,0.0250000074980125,7.688054059978425e-05,0.0250000075318025,7.714682971772073e-05,3155070,323797,5067,323509,5067,0.1026275169806058,0.0016059865549734,0.1025362353291686,0.0016059865549734
02-06-2021,116.06,129.9,-28.0,0.0,-35.0,-33.0,-4.0,8.0,0.0250000766892969,0.0002357961620485,0.0250000772212054,0.0002362591383671,0.0249999771991926,0.0001042071961781,0.0249999774130766,0.0001044650152256,0.0250000072337257,7.381279752312674e-05,0.0250000072614045,7.402952928903963e-05,3155070,324306,5108,323937,5108,0.1027888446215139,0.001618981512296,0.10267189000561,0.001618981512296
02-07-2021,85.0,87.4,-29.0,0.0,-42.0,-34.0,-10.0,6.0,0.0250000652836036,0.0002190802437886,0.0250000656828144,0.0002194575164765,0.0249999678324652,0.0001167199553948,0.0249999682412519,0.0001166301768221,0.0250000076588196,7.783310697740127e-05,0.0250000077074019,7.8211558172824e-05,3155070,324590,5108,324443,5108,0.1028788584722367,0.001618981512296,0.1028322667959823,0.001618981512296
02-08-2021,99.74,101.6,-22.0,-4.0,-27.0,-27.0,-23.0,10.0,0.0250000008534206,4.281640200609816e-05,0.0250000008531002,4.280202514227988e-05,0.024999956226095,0.0001295103918744,0.0249999565671198,0.0001293044249335,0.025000007395433,7.499255178078834e-05,0.025000007420221,7.518611603370571e-05,3155070,325219,5110,324908,5110,0.103078220134577,0.0016196154126532,0.102979648629032,0.0016196154126532
02-09-2021,107.65,113.43,-18.0,1.0,-27.0,-24.0,-23.0,10.0,0.0250000009201802,4.717830928807763e-05,0.0250000009193719,4.714004395895285e-05,0.024999944003815,0.0001404329839819,0.0249999442016384,0.0001406059065446,0.0250000077695637,7.88396130727811e-05,0.0250000077973798,7.905761174539686e-05,3155070,326150,5145,325583,5145,0.1033733007508549,0.0016307086689043,0.1031935899995879,0.0016307086689043
02-10-2021,107.56,111.2,-14.0,5.0,-23.0,-21.0,-20.0,9.0,0.0250000009696687,5.0074258587134746e-05,0.0250000009681656,5.000135545906846e-05,0.0249999316288334,0.0001499430471613,0.0249999319601997,0.0001502190000967,0.0250000080716516,8.191680513022133e-05,0.02500000807902,8.197727027142272e-05,3155070,327061,5174,326573,5174,0.1036620423635608,0.0016399002240837,0.1035073706764033,0.0016399002240837
02-11-2021,110.34,114.3,-20.0,-3.0,-28.0,-25.0,-22.0,10.0,0.0250000007948936,4.250934414830641e-05,0.0250000007940404,4.246810307601225e-05,0.024999920336653,0.0001575783196617,0.0249999207633049,0.0001579214882611,0.0250000084619805,8.600288389841642e-05,0.0250000084792709,8.614092375383009e-05,3155070,327432,5196,327426,5196,0.103779630879822,0.001646873128013,0.1037777291787503,0.001646873128013
02-12-2021,134.54,140.68,-16.0,1.0,-27.0,-24.0,-19.0,9.0,0.0250000006053086,3.40347504930452e-05,0.0250000006046538,3.400381654481964e-05,0.0249999181169728,0.0001573826469229,0.0249999183781752,0.0001575965645564,0.0250000078368685,7.981015921648262e-05,0.0250000078654578,8.003472390561545e-05,3155070,328565,5223,328139,5223,0.1041387354321774,0.0016554307828352,0.1040037146560932,0.0016554307828352
02-13-2021,131.44,153.67,-21.0,2.0,-35.0,-29.0,-6.0,7.0,0.0250000005553538,3.151625532424478e-05,0.0250000005550222,3.150095765956392e-05,0.024999921463762,0.0001526716762474,0.0249999218092994,0.0001529678664016,0.0250000080607505,8.238699665222266e-05,0.0250000080901001,8.261865593726361e-05,3155070,329039,5236,328719,5236,0.1042889698168345,0.001659551135157,0.104187545759682,0.001659551135157
02-14-2021,98.68,101.43,-17.0,0.0,-44.0,-33.0,-11.0,6.0,0.0250000004459315,2.6717676687949268e-05,0.0250000004456142,2.6703543504684185e-05,0.0249999357771632,0.0001387241149387,0.0249999360223591,0.00013896025543,0.0250000081656872,8.380208731488393e-05,0.0250000081910446,8.40034662629189e-05,3155070,329258,5236,329120,5236,0.1043583819059482,0.001659551135157,0.1043146427813012,0.001659551135157
02-15-2021,94.64,96.69,-22.0,-6.0,-37.0,-32.0,-35.0,14.0,0.0250000005197292,3.065673918256684e-05,0.0250000005195753,3.064934451269342e-05,0.0250000055509273,0.0001229704756902,0.0250000055490088,0.0001229232219005,0.0250000083825519,8.64928255173646e-05,0.025000008410795,8.671829328828199e-05,3155070,329726,5237,329453,5237,0.1045067145895336,0.0016598680853356,0.1044201871907754,0.0016598680853356
02-16-2021,100.65,104.87,-22.0,-3.0,-30.0,-31.0,-26.0,12.0,0.0250000005538526,3.308154012239785e-05,0.0250000005534972,3.3063630308744514e-05,0.0250000057629608,0.0001294991719994,0.0250000057583256,0.0001293825198067,0.0250000079012952,8.207686157464722e-05,0.0250000079171508,8.220444173659008e-05,3155070,330318,5263,329909,5263,0.1046943490952657,0.0016681087899793,0.1045647164722177,0.0016681087899793
02-17-2021,107.16,109.73,-15.0,4.0,-23.0,-23.0,-19.0,9.0,0.0250000004359071,2.804828670045011e-05,0.0250000004354393,2.802445210564806e-05,0.0250000058404906,0.0001323581820851,0.0250000058322413,0.0001321481469925,0.0250000081574317,8.518872836312705e-05,0.0250000081657983,8.525751451894443e-05,3155070,330906,5306,330507,5306,0.1048807158002833,0.0016817376476591,0.1047542526790213,0.0016817376476591
02-18-2021,116.47,121.98,-14.0,-2.0,-19.0,-26.0,-21.0,9.0,0.0250000004084825,2.608687604374133e-05,0.0250000004081182,2.606937089556008e-05,0.0250000050607827,0.0001148355761598,0.0250000050558477,0.000114710431035,0.0250000084239144,8.837245118292799e-05,0.0250000084399734,8.850317294198117e-05,3155070,331505,5321,331221,5321,0.1050705689572656,0.0016864919003381,0.1049805551065428,0.0016864919003381
02-19-2021,143.07,153.32,-8.0,3.0,-10.0,-22.0,-18.0,6.0,0.025000000407163,2.5553046920654005e-05,0.0250000004071584,2.555284200648373e-05,0.0250000042050378,9.557704272788207e-05,0.0250000042008972,9.547294206193708e-05,0.0250000085801565,9.047714928567148e-05,0.0250000086021042,9.065595451634824e-05,3155070,331747,5336,331768,5336,0.1051472709004871,0.0016912461530172,0.1051539268542377,0.0016912461530172
02-20-2021,150.62,169.58,-8.0,10.0,11.0,-20.0,-1.0,4.0,0.0250000003685351,2.3631850746689924e-05,0.0250000003682655,2.3619858796406637e-05,0.0250000038677796,8.797690576316827e-05,0.0250000038656908,8.792461287141321e-05,0.0250000080871987,8.594050377554486e-05,0.0250000081164228,8.617803396354472e-05,3155070,332182,5336,332228,5336,0.1052851442281787,0.0016912461530172,0.1052997239363944,0.0016912461530172
02-21-2021,91.99,90.6,-28.0,-8.0,-29.0,-30.0,-10.0,6.0,0.0250000003687784,2.4084063802687663e-05,0.0250000003685749,2.4074642235130373e-05,0.0250000032839411,7.540959639846446e-05,0.0250000032818299,7.5356850252948e-05,0.0250000076887751,8.244587083719864e-05,0.0250000077153214,8.266206888311106e-05,3155070,332760,5336,332641,5336,0.1054683414314104,0.0016912461530172,0.1054306243601568,0.0016912461530172
02-22-2021,110.43,115.53,-12.0,4.0,-5.0,-21.0,-21.0,8.0,0.0250000004119208,2.6816600739778695e-05,0.0250000004118178,2.681140397016673e-05,0.0250000035574745,8.251065572529863e-05,0.0250000035565325,8.248650427770665e-05,0.0250000074835339,8.096050823571982e-05,0.0250000075068745,8.115139526768158e-05,3155070,333080,5374,333068,5374,0.1055697654885628,0.001703290259804,0.1055659620864196,0.001703290259804
02-23-2021,115.81,125.16,-11.0,6.0,4.0,-20.0,-21.0,8.0,0.0250000005042398,3.082283360292301e-05,0.0250000005039699,3.0809282828242125e-05,0.0250000039001182,9.024525479377644e-05,0.0250000038978521,9.018702384680034e-05,0.0250000075925747,8.259016380519923e-05,0.0250000075978531,8.260979022208598e-05,3155070,333964,5400,333501,5400,0.1058499494464465,0.0017115309644476,0.105703201513754,0.0017115309644476
02-24-2021,119.05,120.19,-7.0,8.0,-6.0,-13.0,-18.0,7.0,0.0250000004753144,2.9121026955157932e-05,0.0250000004749439,2.910287544763244e-05,0.02500000353422,8.171099802110783e-05,0.0250000035306485,8.161993042294444e-05,0.0250000077964708,8.512049441277141e-05,0.025000007791597,8.505694095751445e-05,3155070,334665,5415,334244,5415,0.1060721315216461,0.0017162852171267,0.1059386954964549,0.0017162852171267
02-25-2021,124.59,129.16,-8.0,0.0,0.0,-17.0,-20.0,8.0,0.02500000034336,2.294381086343573e-05,0.0250000003431362,2.2933552966958503e-05,0.025000003289923,7.597658189747425e-05,0.0250000032871752,7.590702211135205e-05,0.0250000079818257,8.746126168142117e-05,0.0250000079945348,8.75668403736113e-05,3155070,335244,5438,334900,5438,0.1062556456750563,0.0017235750712345,0.1061466148136174,0.0017235750712345
02-26-2021,151.26,166.49,-3.0,5.0,0.0,-14.0,-17.0,5.0,0.0250000003774749,2.4106017638450897e-05,0.0250000003772923,2.4097757628649853e-05,0.0250000032270982,7.415242800941519e-05,0.0250000032270653,7.41516080773243e-05,0.0250000081228034,8.930818257168527e-05,0.0250000081421167,8.946938258537943e-05,3155070,335855,5463,335588,5463,0.1064493022341818,0.0017314988256995,0.1063646765364952,0.0017314988256995
02-27-2021,160.1,200.63,-2.0,13.0,38.0,-13.0,0.0,2.0,0.0250000004212324,2.5767604724458245e-05,0.0250000004212486,2.576831871773413e-05,0.0250000030833165,7.039017425736122e-05,0.0250000030811709,7.033711376350442e-05,0.0250000082208263,9.064183167469026e-05,0.0250000082439482,9.083549721178392e-05,3155070,336282,5470,336007,5470,0.1065846399604446,0.0017337174769497,0.1064974786613292,0.0017337174769497
02-28-2021,114.33,113.86,-2.0,11.0,-11.0,-16.0,-5.0,3.0,0.0250000005189561,3.042250053573012e-05,0.0250000005190018,3.0424701268764628e-05,0.0250000031995742,7.299819029310119e-05,0.0250000031978713,7.295594788976558e-05,0.0250000080359119,8.903464109121313e-05,0.0250000080500576,8.915337269273173e-05,3155070,336465,5471,336329,5471,0.1066426418431286,0.0017340344271283,0.1065995366188388,0.0017340344271283
03-01-2021,118.54,127.6,-6.0,10.0,-1.0,-17.0,-19.0,7.0,0.0250000005817106,3.395212285324978e-05,0.0250000005815713,3.394518887625219e-05,0.025000003535467,8.114536867923225e-05,0.025000003534615,8.112380872023634e-05,0.0250000076797845,8.566605660158157e-05,0.0250000076991799,8.582907912776967e-05,3155070,336890,5472,336647,5472,0.1067773456690342,0.001734351377307,0.1067003267756341,0.001734351377307
03-02-2021,120.74,131.77,-7.0,9.0,13.0,-15.0,-21.0,7.0,0.0250000004058932,2.6930466451448364e-05,0.025000000405884,2.6930019258294552e-05,0.0250000037829966,8.769928980346283e-05,0.0250000037811413,8.765137527092065e-05,0.0250000069968372,7.887810496695823e-05,0.0250000070124996,7.900973644336015e-05,3155070,337520,5498,337062,5498,0.1069770242815531,0.0017425920819506,0.1068318610997537,0.0017425920819506
03-03-2021,125.0,136.95,0.0,15.0,37.0,-7.0,-19.0,6.0,0.0250000003319301,2.3671609770420037e-05,0.0250000003316898,2.3658911655897884e-05,0.0250000035139686,8.2040544787366e-05,0.0250000035114794,8.197586247261493e-05,0.025000004390312,5.204761256434206e-05,0.0250000043933618,5.207282312286512e-05,3155070,338041,5501,337686,5501,0.1071421553246045,0.0017435429324864,0.107029638011201,0.0017435429324864
03-04-2021,129.63,138.76,-5.0,6.0,21.0,-12.0,-20.0,7.0,0.0250000003003858,2.243730593249096e-05,0.0250000003002028,2.2427348292422447e-05,0.025000001468275,3.969293541871138e-05,0.0250000027947287,6.650757577216526e-05,0.0250000044785246,5.315079163588547e-05,0.025000004485695,5.321031403970045e-05,3155070,338613,5536,338269,5536,0.1073234508267645,0.0017546361887374,0.1072144199653256,0.0017546361887374
03-05-2021,156.85,170.67,0.0,9.0,20.0,-9.0,-17.0,4.0,0.0250000002745428,2.06610339407853e-05,0.0250000002744169,2.0654742966014265e-05,0.0250000014798142,3.988496348707653e-05,0.0250000014816721,3.9918601250351305e-05,0.0250000044944294,5.342059291945275e-05,0.0250000045070479,5.352552234224377e-05,3155070,339148,5549,338774,5549,0.1074930191723163,0.0017587565410593,0.1073744798055193,0.0017587565410593
03-06-2021,164.25,207.04,-1.0,16.0,69.0,-8.0,-2.0,2.0,0.025,1e-05,0.025,1e-05,0.0250000014863056,4.002546664143355e-05,0.0250000014861681,4.002297471609643e-05,0.025000004035312,4.8754021256553336e-05,0.0250000040435937,4.882267042393303e-05,3155070,339529,5552,339258,5552,0.1076137771903634,0.0017597073915951,0.1075278836919624,0.0017597073915951
03-07-2021,122.53,130.02,5.0,20.0,91.0,-9.0,-5.0,1.0,0.025,1e-05,0.025,1e-05,0.0250000016422093,4.375061808321394e-05,0.0250000016418834,4.374466107703657e-05,0.0250000035447399,4.37816556491984e-05,0.0250000035527363,4.384770684487891e-05,3155070,339672,5558,339574,5558,0.1076591010659034,0.0017616090926667,0.1076280399484005,0.0017616090926667
03-08-2021,124.08,135.2,-3.0,12.0,66.0,-14.0,-20.0,6.0,0.0250000003141628,2.2485409241889348e-05,0.0250000003140998,2.2482212903436084e-05,0.025000001777788,4.7097500579957456e-05,0.0250000017786833,4.711406605847062e-05,0.0250000033133918,4.150371149275784e-05,0.0250000033176886,4.153919225537621e-05,3155070,340128,5559,339779,5559,0.1078036303473457,0.0017619260428453,0.1076930147350138,0.0017619260428453
03-09-2021,128.27,144.13,-4.0,11.0,67.0,-12.0,-21.0,6.0,0.0250000003445997,2.442189217580194e-05,0.0250000003444684,2.4414805416544467e-05,0.0250000014292899,3.963217235842391e-05,0.0250000014293655,3.963357628967058e-05,0.0250000029927526,3.833063405353204e-05,0.025000002997834,3.8372566630600775e-05,3155070,340891,5574,340336,5574,0.1080454633336185,0.0017666802955243,0.1078695559844948,0.0017666802955243
03-10-2021,128.39,132.13,-3.0,11.0,23.0,-8.0,-19.0,7.0,0.0250000002470306,2.0279644754986163e-05,0.0250000002468978,2.027191090511026e-05,0.0250000012341123,3.545302455761992e-05,0.0250000012367337,3.5501418421379194e-05,0.0250000031239362,3.982341777048294e-05,0.0250000031260251,3.984074081830876e-05,3155070,341378,5601,341102,5601,0.1081998180705974,0.0017752379503465,0.1081123398213034,0.0017752379503465
03-11-2021,136.89,141.51,-3.0,5.0,30.0,-10.0,-20.0,7.0,0.0250000003162058,2.294978387544645e-05,0.0250000003160418,2.29410335291264e-05,0.0250000012119607,3.483698912990141e-05,0.0250000012143082,3.488013447603726e-05,0.0250000032434392,4.114393683674055e-05,0.0250000032479815,4.11817377879119e-05,3155070,341838,5621,341575,5621,0.1083456151527541,0.0017815769539186,0.1082622572557819,0.0017815769539186
03-12-2021,136.89,141.51,1.0,8.0,31.0,-7.0,-19.0,4.0,0.025,1e-05,0.025,1e-05,0.0250000011116577,3.2337089026559174e-05,0.0250000011134559,3.236975578920515e-05,0.0250000030073387,3.874665516562463e-05,0.0250000030151367,3.881142619276729e-05,3155070,342343,5630,342070,5630,0.1085056749929478,0.001784429505526,0.1084191475941896,0.001784429505526
03-13-2021,161.29,196.2,1.0,16.0,72.0,-5.0,-3.0,1.0,0.025,1e-05,0.025,1e-05,0.0250000009755296,2.914618258051264e-05,0.0250000009768004,2.916899031015078e-05,0.025000002831481,3.698485518174166e-05,0.0250000028378739,3.703790630611705e-05,3155070,342705,5633,342495,5633,0.1086204109576015,0.0017853803560618,0.1085538514200952,0.0017853803560618
03-14-2021,116.5,110.72,-1.0,11.0,-17.0,-16.0,-8.0,3.0,0.0250000002737893,2.0511868149715e-05,0.0250000002736947,2.0507185469082304e-05,0.0250000010304389,3.0469612037848403e-05,0.0250000010317966,3.049413393386296e-05,0.0250000027264562,3.59762929470845e-05,0.0250000027265323,3.597692576214556e-05,3155070,342886,5641,342776,5641,0.1086777789399284,0.0017879159574906,0.1086429144202822,0.0017879159574906
03-15-2021,111.13,112.93,-16.0,-4.0,-23.0,-25.0,-33.0,12.0,0.0250000002941563,2.1783729948320455e-05,0.0250000002941171,2.178167395755707e-05,0.0250000011481894,3.328210696171309e-05,0.0250000011489141,3.329534067046843e-05,0.0250000025529115,3.428433378234202e-05,0.0250000025580534,3.432705502528858e-05,3155070,343303,5642,343073,5642,0.1088099471644052,0.0017882329076692,0.1087370486233268,0.0017882329076692
03-16-2021,129.07,126.86,-3.0,10.0,-2.0,-15.0,-28.0,8.0,0.0250000003232106,2.363169062593956e-05,0.0250000003230449,2.36225008714812e-05,0.0250000012393922,3.565147598714185e-05,0.0250000012407596,3.567677451038714e-05,0.0250000025251214,3.4125246208764195e-05,0.0250000025289452,3.415712611266264e-05,3155070,343851,5657,343515,5657,0.1089836358622788,0.0017929871603482,0.1088771406022687,0.0017929871603482
03-17-2021,136.86,139.94,7.0,14.0,-7.0,-8.0,-25.0,7.0,0.0250000002871045,2.216825248940992e-05,0.0250000002868937,2.2156064005495375e-05,0.0250000010446713,3.142684193447666e-05,0.0250000010469467,3.146882462726717e-05,0.0250000026430157,3.5454942510945114e-05,0.0250000026447187,3.546920500412049e-05,3155070,344267,5666,344005,5666,0.109115487136577,0.0017958397119556,0.1090324461897834,0.0017958397119556
03-18-2021,142.14,145.77,4.0,6.0,21.0,-8.0,-27.0,7.0,0.025,1e-05,0.025,1e-05,0.0250000011206696,3.328403110985443e-05,0.0250000011225206,3.3318426013854187e-05,0.0250000027435948,3.660936802925269e-05,0.0250000027470551,3.663846412212568e-05,3155070,344860,5672,344501,5672,0.1093034385924876,0.0017977414130272,0.1091896534783697,0.0017977414130272
03-19-2021,170.44,186.02,8.0,11.0,60.0,-4.0,-25.0,4.0,0.025,1e-05,0.025,1e-05,0.0250000008079006,2.639233607993297e-05,0.0250000008093314,2.6418723722453525e-05,0.025000002569515,3.491086229784769e-05,0.0250000025744457,3.495237202132217e-05,3155070,345304,5672,345025,5672,0.1094441644717866,0.0017977414130272,0.1093557353719568,0.0017977414130272
03-20-2021,171.79,208.2,4.0,16.0,85.0,0.0,-3.0,0.0,0.025,1e-05,0.025,1e-05,0.0250000007337296,2.5010587602561392e-05,0.0250000007357778,2.5049758277679132e-05,0.0250000022031777,3.12314892754512e-05,0.0250000022074739,3.126765665274884e-05,3155070,345642,5674,345390,5674,0.1095512936321539,0.0017983753133844,0.1094714221871464,0.0017983753133844
03-21-2021,131.37,126.27,13.0,21.0,75.0,-1.0,-5.0,0.0,0.025,1e-05,0.025,1e-05,0.0250000007657476,2.60815619504258e-05,0.0250000007668328,2.6102039001459792e-05,0.0250000021265024,3.058501930193778e-05,0.0250000021294785,3.0610170551322136e-05,3155070,345785,5675,345710,5675,0.1095966175076939,0.001798692263563,0.1095728462442988,0.001798692263563
03-22-2021,126.3,123.81,0.0,11.0,22.0,-12.0,-20.0,6.0,0.025,1e-05,0.025,1e-05,0.0250000007486402,2.6079236418501576e-05,0.0250000007490265,2.608663211705822e-05,0.0250000020445347,2.9891094937142968e-05,0.0250000020443211,2.988928064728853e-05,3155070,346217,5675,345934,5675,0.1097335399848497,0.001798692263563,0.1096438430843055,0.001798692263563
03-23-2021,127.08,124.54,-6.0,5.0,-11.0,-15.0,-21.0,8.0,0.025,1e-05,0.025,1e-05,0.0250000007755214,2.7083183394993983e-05,0.0250000007769269,2.711051006120729e-05,0.025000002110131,3.075403160087485e-05,0.0250000021096532,3.074994993823998e-05,3155070,346984,5683,346447,5683,0.109976640771837,0.0018012278649919,0.1098064385259281,0.0018012278649919
03-24-2021,134.06,131.86,2.0,13.0,4.0,-6.0,-18.0,6.0,0.025,1e-05,0.025,1e-05,0.0250000006446807,2.436118777669565e-05,0.025000000646671,2.440021155331185e-05,0.0250000021741276,3.158295810345404e-05,0.0250000021753874,3.1593784505674975e-05,3155070,347592,5689,347205,5689,0.1101693464804267,0.0018031295660635,0.110046686761308,0.0018031295660635
03-25-2021,141.34,139.38,-1.0,4.0,5.0,-10.0,-20.0,7.0,0.025,1e-05,0.025,1e-05,0.0250000003777438,1.844587712211309e-05,0.0250000003784865,1.8460542565261463e-05,0.025000001837599,2.821229725954148e-05,0.025000001837712,2.821327134037269e-05,3155070,348498,5708,347872,5708,0.1104565033422396,0.0018091516194569,0.1102580925304351,0.0018091516194569
03-26-2021,171.89,182.86,5.0,9.0,37.0,-4.0,-16.0,3.0,0.025,1e-05,0.025,1e-05,0.025,1e-05,0.025,1e-05,0.0250000016360251,2.6199624862371743e-05,0.0250000016400606,2.6234482001765967e-05,3155070,349057,5716,348695,5716,0.1106336784920778,0.0018116872208857,0.1105189425274241,0.0018116872208857
03-27-2021,181.05,214.19,3.0,13.0,33.0,-7.0,-2.0,2.0,0.025,1e-05,0.025,1e-05,0.025,1e-05,0.025,1e-05,0.0250000015524028,2.540235431023683e-05,0.0250000015559437,2.543301398868009e-05,3155070,349554,5718,349178,5718,0.1107912027308427,0.0018123211212429,0.1106720294636886,0.0018123211212429
03-28-2021,134.48,131.6,13.0,22.0,68.0,-3.0,-3.0,1.0,0.025,1e-05,0.025,1e-05,0.0250000002497946,1.5108966252937864e-05,0.0250000002502696,1.5118075791248298e-05,0.0250000013797736,2.3682466317887948e-05,0.0250000013824583,2.3705777417455824e-05,3155070,349714,5725,349626,5725,0.1108419147594189,0.0018145397724931,0.110814023143702,0.0018145397724931
03-29-2021,135.52,142.22,4.0,15.0,77.0,-8.0,-19.0,5.0,0.025,1e-05,0.025,1e-05,0.025,1e-05,0.025,1e-05,0.025000001186109,2.173336494007792e-05,0.0250000011880122,2.1749936868634603e-05,3155070,350219,5729,349885,5729,0.1110019745996126,0.0018158075732075,0.1108961132399598,0.0018158075732075
03-30-2021,138.04,139.08,0.0,13.0,33.0,-11.0,-21.0,6.0,0.025,1e-05,0.025,1e-05,0.0250000002940678,1.597718956092862e-05,0.0250000002946205,1.5987722034546984e-05,0.0250000011786398,2.173101053966939e-05,0.0250000011805904,2.174805275098113e-05,3155070,350756,5729,350462,5729,0.1111721768455216,0.0018158075732075,0.1110789934930128,0.0018158075732075
03-31-2021,143.66,143.78,6.0,19.0,15.0,-4.0,-19.0,5.0,0.025,1e-05,0.025,1e-05,0.025,1e-05,0.025,1e-05,0.0250000012278558,2.2333686891404288e-05,0.0250000012288421,2.2342338110030412e-05,3155070,351402,5743,350999,5743,0.1113769266608981,0.0018202448757079,0.1112491957389218,0.0018202448757079
04-01-2021,159.67,159.36,10.0,16.0,53.0,-4.0,-21.0,5.0,0.025,1e-05,0.025,1e-05,0.025,1e-05,0.025,1e-05,0.0250000012832941,2.2966699323785654e-05,0.0250000012851002,2.2982576552511887e-05,3155070,352137,5751,351795,5751,0.1116098850421702,0.0018227804771367,0.1115014880810885,0.0018227804771367
04-02-2021,184.13,194.47,15.0,24.0,70.0,-1.0,-30.0,5.0,0.025,1e-05,0.025,1e-05,0.025,1e-05,0.025,1e-05,0.0250000010782594,2.0862792426491803e-05,0.025000001081341,2.088994739128262e-05,3155070,352714,5754,352384,5754,0.1117927652952232,0.0018237313276726,0.1116881717362847,0.0018237313276726
04-03-2021,169.52,194.98,3.0,33.0,161.0,-3.0,-8.0,-1.0,0.025,1e-05,0.025,1e-05,0.025,1e-05,0.025,1e-05,0.0250000011091816,2.123002949981959e-05,0.0250000011116027,2.1251404300444594e-05,3155070,353207,5822,352874,5822,0.1119490217332737,0.0018452839398175,0.1118434773237994,0.0018452839398175
04-04-2021,116.23,107.95,-17.0,14.0,154.0,-4.0,-17.0,-2.0,0.025,1e-05,0.025,1e-05,0.0250000004249688,1.790571750984798e-05,0.0250000004256796,1.7918571190623154e-05,0.025000000873883,1.859236124467952e-05,0.0250000008759539,1.8610484350426065e-05,3155070,353362,5822,353280,5822,0.1119981490109569,0.0018452839398175,0.1119721590963116,0.0018452839398175
04-05-2021,150.46,156.09,11.0,19.0,114.0,-4.0,-25.0,5.0,0.025,1e-05,0.025,1e-05,0.0250000005924925,2.11549733195212e-05,0.0250000005927451,2.1159488533665973e-05,0.0250000008551687,1.826846795724425e-05,0.0250000008573946,1.828780593165127e-05,3155070,353829,5822,353548,5822,0.1121461647443638,0.0018452839398175,0.1120571017441768,0.0018452839398175
04-06-2021,148.37,156.28,4.0,17.0,96.0,-10.0,-22.0,5.0,0.0250000003352828,2.264261035427436e-05,0.0250000003351272,2.2635279246083657e-05,0.0250000007383314,2.424286141696044e-05,0.0250000007394194,2.4262367606399127e-05,0.0250000009295539,1.8961156865596484e-05,0.025000000931233,1.8975679545210623e-05,3155070,354557,5835,354072,5835,0.1123769044743856,0.0018494042921393,0.1122231836377639,0.0018494042921393
04-07-2021,141.77,147.39,6.0,17.0,48.0,-3.0,-19.0,5.0,0.0250000004104258,2.6376807054147944e-05,0.025000000410235,2.636726735759946e-05,0.0250000007923681,2.529856301587211e-05,0.0250000007945257,2.5337129136516047e-05,0.0250000009778455,1.937115941839319e-05,0.0250000009784683,1.937652026688619e-05,3155070,354829,5836,354822,5836,0.1124631149229652,0.0018497212423179,0.112460896271715,0.0018497212423179
04-08-2021,150.95,152.03,3.0,9.0,29.0,-8.0,-19.0,6.0,0.0250000003759948,2.5529187722233177e-05,0.0250000003757689,2.5517113005917327e-05,0.0250000008435092,2.651509542122707e-05,0.0250000008451255,2.6544155902988275e-05,0.0250000010660242,2.0237840197339257e-05,0.0250000010683447,2.02577707495058e-05,3155070,355454,5843,355453,5843,0.1126612087845911,0.0018519398935681,0.1126608918344125,0.0018519398935681
04-09-2021,182.32,198.65,7.0,11.0,46.0,-4.0,-16.0,3.0,0.0250000003701032,2.584594044066885e-05,0.0250000003699167,2.5835425911509974e-05,0.0250000007354274,2.420673373627655e-05,0.0250000007378146,2.4249571820578034e-05,0.0250000010054666,1.9559129861116577e-05,0.0250000010090381,1.9589716797630517e-05,3155070,356073,5849,356068,5849,0.1128574009451454,0.0018538415946397,0.1128558161942524,0.0018538415946397
04-10-2021,186.54,214.02,1.0,12.0,35.0,-7.0,-2.0,2.0,0.0250000003883484,2.701424722050005e-05,0.0250000003881545,2.7003045990905117e-05,0.0250000007448986,2.4641531595564355e-05,0.0250000007462864,2.466668360694332e-05,0.0250000008204777,1.7584331241425385e-05,0.0250000008220782,1.759798362669023e-05,3155070,356823,5857,356509,5857,0.1130951135790965,0.0018563771960685,0.1129955912230156,0.0018563771960685
04-11-2021,143.27,135.42,14.0,23.0,102.0,0.0,-5.0,0.0,0.025,1e-05,0.025,1e-05,0.0250000008189461,2.657338424285545e-05,0.025000000820476,2.6601507582914995e-05,0.0250000007069383,1.636452738185986e-05,0.0250000007083611,1.6376622861512374e-05,3155070,357019,5857,356946,5857,0.1131572358141023,0.0018563771960685,0.1131340984510644,0.0018563771960685
04-12-2021,142.35,143.03,5.0,17.0,75.0,-6.0,-19.0,5.0,0.025,1e-05,0.025,1e-05,0.0250000008153838,2.687869028101582e-05,0.0250000008157401,2.6885337660507178e-05,0.0250000006965901,1.6262865191311218e-05,0.025000000698055,1.6275323899754358e-05,3155070,357197,5857,357178,5857,0.1132136529458934,0.0018563771960685,0.1132076308925,0.0018563771960685
04-13-2021,143.82,148.02,2.0,15.0,58.0,-9.0,-20.0,5.0,0.025,1e-05,0.025,1e-05,0.0250000008262074,2.759750518895321e-05,0.0250000008275701,2.7623381384366145e-05,0.0250000007395773,1.6750993151699407e-05,0.0250000007407325,1.6760848872932072e-05,3155070,357739,5857,357739,5857,0.1133854399426954,0.0018563771960685,0.1133854399426954,0.0018563771960685
04-14-2021,146.5,149.84,5.0,17.0,54.0,-5.0,-18.0,5.0,0.025,1e-05,0.025,1e-05,0.0250000008671222,2.9024604271063327e-05,0.0250000008683578,2.904851058215852e-05,0.025000000724353,1.6653476500801268e-05,0.0250000007249516,1.6658603919757846e-05,3155070,358395,5857,358395,5857,0.1135933592598579,0.0018563771960685,0.1135933592598579,0.0018563771960685
04-15-2021,155.53,154.27,2.0,8.0,64.0,-8.0,-19.0,5.0,0.025,1e-05,0.025,1e-05,0.0250000007364013,2.652977588636355e-05,0.0250000007379225,2.6559677747365023e-05,0.0250000007717442,1.723860106674112e-05,0.0250000007730303,1.724968380621779e-05,3155070,358873,5870,358873,5870,0.1137448614452294,0.0018604975483903,0.1137448614452294,0.0018604975483903
04-16-2021,186.56,201.2,6.0,12.0,84.0,-2.0,-17.0,2.0,0.025,1e-05,0.025,1e-05,0.0250000006939271,2.5771383476041938e-05,0.0250000006951679,2.5795975225542167e-05,0.025000000682576,1.6366501334629466e-05,0.0250000006843516,1.6381853723320097e-05,3155070,359260,5878,359260,5878,0.1138675211643481,0.0018630331498191,0.1138675211643481,0.0018630331498191
04-17-2021,199.19,239.51,6.0,19.0,148.0,-1.0,-1.0,-1.0,0.025,1e-05,0.025,1e-05,0.0250000007154727,2.6307526942212653e-05,0.025000000716691,2.6331707208063103e-05,0.0250000006563703,1.614968938849292e-05,0.0250000006577295,1.616148364293292e-05,3155070,359765,5881,359764,5881,0.1140275810045419,0.0018639840003549,0.1140272640543633,0.0018639840003549
04-18-2021,145.9,138.36,17.0,26.0,156.0,2.0,-4.0,-1.0,0.025,1e-05,0.025,1e-05,0.025,1e-05,0.025,1e-05,0.0250000006554763,1.6213726224470394e-05,0.0250000006573339,1.622992317764017e-05,3155070,360054,5881,360013,5881,0.1141191796061577,0.0018639840003549,0.114106184648835,0.0018639840003549
04-19-2021,133.49,133.25,0.0,15.0,21.0,-10.0,-20.0,6.0,0.025,1e-05,0.025,1e-05,0.025,1e-05,0.025,1e-05,0.0250000007090259,1.686953025469368e-05,0.0250000007105161,1.688260066152092e-05,3155070,360345,5886,360173,5886,0.1142114121081307,0.0018655687512479,0.1141568966774112,0.0018655687512479
04-20-2021,140.31,143.43,-1.0,15.0,41.0,-11.0,-21.0,6.0,0.025,1e-05,0.025,1e-05,0.025,1e-05,0.025,1e-05,0.0250000007414776,1.7302657172342516e-05,0.0250000007428487,1.7314748353941563e-05,3155070,360784,5893,360782,5893,0.1143505532365367,0.0018677874024982,0.1143499193361795,0.0018677874024982
04-21-2021,145.99,147.83,4.0,19.0,51.0,-4.0,-18.0,5.0,0.025,1e-05,0.025,1e-05,0.025,1e-05,0.025,1e-05,0.0250000007859751,1.785211107511433e-05,0.0250000007863937,1.7855819200088553e-05,3155070,361423,5899,361424,5899,0.114553084400663,0.0018696891035698,0.1145534013508416,0.0018696891035698
04-22-2021,160.85,168.9,4.0,11.0,106.0,-2.0,-19.0,4.0,0.025,1e-05,0.025,1e-05,0.025,1e-05,0.025,1e-05,0.0250000008387445,1.8485153384668536e-05,0.0250000008403721,1.8499626894028825e-05,3155070,361900,5904,361894,5904,0.1147042696358559,0.0018712738544628,0.1147023679347843,0.0018712738544628
04-23-2021,191.36,208.98,7.0,13.0,88.0,0.0,-17.0,2.0,0.025,1e-05,0.025,1e-05,0.025,1e-05,0.025,1e-05,0.025000000807737,1.823606841435603e-05,0.0250000008107652,1.826311651959115e-05,3155070,362334,5907,362334,5907,0.1148418260133689,0.0018722247049986,0.1148418260133689,0.0018722247049986
04-24-2021,202.66,244.61,5.0,19.0,165.0,0.0,-1.0,-1.0,0.025,1e-05,0.025,1e-05,0.025,1e-05,0.025,1e-05,0.0250000007948514,1.817717704555561e-05,0.025000000797012,1.8196560019440536e-05,3155070,362729,5927,362732,5927,0.1149670213339165,0.0018785637085706,0.1149679721844523,0.0018785637085706
04-25-2021,146.06,134.69,13.0,23.0,106.0,1.0,-5.0,0.0,0.025,1e-05,0.025,1e-05,0.025,1e-05,0.025,1e-05,0.0250000006649833,1.6832602000349558e-05,0.0250000006682033,1.6861584666283805e-05,3155070,362924,5927,362923,5927,0.1150288266187437,0.0018785637085706,0.1150285096685652,0.0018785637085706
04-26-2021,148.26,150.7,7.0,19.0,148.0,-4.0,-19.0,3.0,0.025,1e-05,0.025,1e-05,0.025,1e-05,0.025,1e-05,0.0250000006406822,1.66137859130821e-05,0.0250000006425105,1.663028739200531e-05,3155070,363162,5927,363158,5927,0.1151042607612509,0.0018785637085706,0.1151029929605365,0.0018785637085706
04-27-2021,151.47,154.43,3.0,18.0,129.0,-5.0,-20.0,4.0,0.025,1e-05,0.025,1e-05,0.025,1e-05,0.025,1e-05,0.0250000006703999,1.6978104719888447e-05,0.0250000006723327,1.6995591469397263e-05,3155070,363530,5930,363530,5930,0.1152208984269762,0.0018795145591064,0.1152208984269762,0.0018795145591064
04-28-2021,147.5,148.54,8.0,20.0,104.0,0.0,-18.0,4.0,0.025,1e-05,0.025,1e-05,0.025,1e-05,0.025,1e-05,0.0250000006492224,1.6804864899116326e-05,0.0250000006496679,1.6808910185836652e-05,3155070,364036,5931,364033,5931,0.1153812752173485,0.001879831509285,0.1153803243668127,0.001879831509285
04-29-2021,161.33,170.1,7.0,15.0,138.0,-2.0,-19.0,4.0,0.025,1e-05,0.025,1e-05,0.0250000002110099,1.4565186494836596e-05,0.0250000002110099,1.4565186494836596e-05,0.0250000006517863,1.6890123746834522e-05,0.0250000006534785,1.690554054873002e-05,3155070,364486,5931,364476,5931,0.1155239027977192,0.001879831509285,0.1155207332959332,0.001879831509285
04-30-2021,198.78,220.78,13.0,21.0,164.0,5.0,-17.0,-1.0,0.025,1e-05,0.025,1e-05,0.025,1e-05,0.025,1e-05,0.0250000006889055,1.73459615449613e-05,0.0250000006904277,1.7359871032423646e-05,3155070,364844,5950,364842,5950,0.1156373709616585,0.0018858535626784,0.1156367370613013,0.0018858535626784
05-01-2021,211.52,270.37,9.0,27.0,230.0,6.0,-4.0,-3.0,0.025,1e-05,0.025,1e-05,0.025,1e-05,0.025,1e-05,0.0250000006012452,1.6427373752451338e-05,0.0250000006032133,1.644540464149988e-05,3155070,365229,5952,365228,5952,0.11575939678042,0.0018864874630356,0.1157590798302414,0.0018864874630356
05-02-2021,153.75,148.58,21.0,34.0,207.0,8.0,-5.0,-2.0,0.025,1e-05,0.025,1e-05,0.025,1e-05,0.025,1e-05,0.0250000005694057,1.6101058446463144e-05,0.0250000005710362,1.6116021691418314e-05,3155070,365524,5959,365519,5959,0.1158528970831075,0.0018887061142858,0.1158513123322145,0.0018887061142858
05-03-2021,142.16,140.41,8.0,25.0,75.0,-3.0,-19.0,5.0,0.025,1e-05,0.025,1e-05,0.025,1e-05,0.025,1e-05,0.0250000005897467,1.630957588911793e-05,0.0250000005913391,1.632417535236193e-05,3155070,365754,5959,365620,5959,0.1159257956241858,0.0018887061142858,0.1158833243002532,0.0018887061142858
05-04-2021,152.3,155.65,7.0,24.0,112.0,-4.0,-20.0,4.0,0.025,1e-05,0.025,1e-05,0.025,1e-05,0.025,1e-05,0.025,1e-05,0.025,1e-05,3155070,366131,5960,366126,5960,0.1160452858415185,0.0018890230644644,0.1160437010906255,0.0018890230644644
05-05-2021,155.35,159.79,11.0,26.0,121.0,2.0,-18.0,3.0,0.025,1e-05,0.025,1e-05,0.025,1e-05,0.025,1e-05,0.025,1e-05,0.025,1e-05,3155070,366570,5962,366566,5962,0.1161844269699245,0.0018896569648216,0.1161831591692102,0.0018896569648216
05-06-2021,167.53,171.38,8.0,18.0,127.0,0.0,-19.0,4.0,0.025,1e-05,0.025,1e-05,0.025,1e-05,0.025,1e-05,0.025,1e-05,0.025,1e-05,3155070,366959,5980,366946,5980,0.1163077205894005,0.0018953620680365,0.1163036002370787,0.0018953620680365
05-07-2021,209.27,243.23,14.0,24.0,171.0,6.0,-16.0,-1.0,0.025,1e-05,0.025,1e-05,0.025,1e-05,0.025,1e-05,0.025,1e-05,0.025,1e-05,3155070,367300,5983,367297,5983,0.1164158006003036,0.0018963129185723,0.1164148497497678,0.0018963129185723
05-08-2021,207.08,245.0,8.0,31.0,119.0,1.0,-5.0,0.0,0.025,1e-05,0.025,1e-05,0.025,1e-05,0.025,1e-05,0.025,1e-05,0.025,1e-05,3155070,367564,5984,367561,5984,0.1164994754474544,0.0018966298687509,0.1164985245969186,0.0018966298687509
05-09-2021,145.18,139.39,26.0,44.0,125.0,8.0,-6.0,-2.0,0.025,1e-05,0.025,1e-05,0.025,1e-05,0.025,1e-05,0.025,1e-05,0.025,1e-05,3155070,367717,5985,367715,5985,0.1165479688247804,0.0018969468189295,0.1165473349244232,0.0018969468189295
05-10-2021,151.03,147.57,7.0,23.0,117.0,-3.0,-19.0,4.0,0.025,1e-05,0.025,1e-05,0.025,1e-05,0.025,1e-05,0.025,1e-05,0.025,1e-05,3155070,367912,5985,367909,5985,0.1166097741096077,0.0018969468189295,0.1166088232590719,0.0018969468189295
05-11-2021,156.71,157.65,6.0,23.0,131.0,-5.0,-20.0,4.0,0.025,1e-05,0.025,1e-05,0.025,1e-05,0.025,1e-05,0.025,1e-05,0.025,1e-05,3155070,368192,5989,368190,5989,0.1166985201596161,0.0018982146196439,0.1166978862592589,0.0018982146196439
05-12-2021,157.59,163.61,11.0,28.0,149.0,4.0,-19.0,3.0,0.025,1e-05,0.025,1e-05,0.025,1e-05,0.025,1e-05,0.025,1e-05,0.025,1e-05,3155070,368566,5994,368566,5994,0.116817059526413,0.0018997993705369,0.116817059526413,0.0018997993705369
05-13-2021,174.05,175.61,9.0,19.0,169.0,2.0,-20.0,3.0,0.025,1e-05,0.025,1e-05,0.025,1e-05,0.025,1e-05,0.025,1e-05,0.025,1e-05,3155070,368822,5997,368823,5997,0.116898198772135,0.0019007502210727,0.1168985157223136,0.0019007502210727
05-14-2021,201.61,212.19,12.0,22.0,131.0,7.0,-17.0,1.0,0.025,1e-05,0.025,1e-05,0.025,1e-05,0.025,1e-05,0.025,1e-05,0.025,1e-05,3155070,369057,5998,369060,5998,0.1169726820641063,0.0019010671712513,0.1169736329146421,0.0019010671712513
05-15-2021,215.46,247.87,7.0,26.0,199.0,6.0,-6.0,-1.0,0.025,1e-05,0.025,1e-05,0.025,1e-05,0.025,1e-05,0.0250000000799249,1.1092588612434162e-05,0.0250000000799249,1.1092588612434162e-05,3155070,369232,6000,369230,6000,0.1170281483453616,0.0019017010716085,0.1170275144450044,0.0019017010716085
05-16-2021,158.07,141.93,17.0,31.0,140.0,7.0,-4.0,-1.0,0.025,1e-05,0.025,1e-05,0.025,1e-05,0.025,1e-05,0.025,1e-05,0.025,1e-05,3155070,369370,6006,369368,6006,0.1170718874700085,0.0019036027726801,0.1170712535696513,0.0019036027726801
05-17-2021,150.78,149.96,7.0,25.0,87.0,-1.0,-19.0,5.0,0.025,1e-05,0.025,1e-05,0.025,1e-05,0.025,1e-05,0.025,1e-05,0.025,1e-05,3155070,369494,6006,369489,6006,0.1171111892921551,0.0019036027726801,0.1171096045412621,0.0019036027726801
05-18-2021,150.8,148.8,2.0,20.0,51.0,-5.0,-20.0,6.0,0.025,1e-05,0.025,1e-05,0.025,1e-05,0.025,1e-05,0.025,1e-05,0.025,1e-05,3155070,369693,6013,369690,6013,0.1171742623776968,0.0019058214239303,0.117173311527161,0.0019058214239303
05-19-2021,155.81,156.29,9.0,25.0,103.0,1.0,-18.0,4.0,0.025,1e-05,0.025,1e-05,0.025,1e-05,0.025,1e-05,0.025,1e-05,0.025,1e-05,3155070,369984,6018,369987,6018,0.1172664948796698,0.0019074061748233,0.1172674457302056,0.0019074061748233
05-20-2021,167.57,168.64,8.0,15.0,95.0,-1.0,-19.0,5.0,0.025,1e-05,0.025,1e-05,0.025,1e-05,0.025,1e-05,0.025,1e-05,0.025,1e-05,3155070,370194,6025,370195,6025,0.1173330544171761,0.0019096248260735,0.1173333713673547,0.0019096248260735
05-21-2021,204.54,229.07,13.0,22.0,148.0,5.0,-16.0,1.0,0.025,1e-05,0.025,1e-05,0.025,1e-05,0.025,1e-05,0.025,1e-05,0.025,1e-05,3155070,370363,6035,370363,6035,0.1173866189973598,0.0019127943278596,0.1173866189973598,0.0019127943278596
05-22-2021,215.65,254.39,5.0,25.0,216.0,3.0,-3.0,-2.0,0.025,1e-05,0.025,1e-05,0.025,1e-05,0.025,1e-05,0.025,1e-05,0.025,1e-05,3155070,370519,6035,370517,6035,0.1174360632252216,0.0019127943278596,0.1174354293248644,0.0019127943278596
05-23-2021,161.13,151.82,20.0,33.0,209.0,9.0,-2.0,-3.0,0.025,1e-05,0.025,1e-05,0.025,1e-05,0.025,1e-05,0.025,1e-05,0.025,1e-05,3155070,370628,6035,370625,6035,0.1174706107946891,0.0019127943278596,0.1174696599441533,0.0019127943278596
05-24-2021,161.4,160.77,11.0,26.0,153.0,0.0,-20.0,3.0,0.025,1e-05,0.025,1e-05,0.025,1e-05,0.025,1e-05,0.025,1e-05,0.025,1e-05,3155070,370719,6035,370715,6035,0.1174994532609419,0.0019127943278596,0.1174981854602275,0.0019127943278596
05-25-2021,162.31,164.64,8.0,24.0,144.0,-2.0,-20.0,4.0,0.025,1e-05,0.025,1e-05,0.025,1e-05,0.025,1e-05,0.025,1e-05,0.025,1e-05,3155070,370873,6038,370875,6039,0.1175482635884465,0.0019137451783954,0.1175488974888037,0.001914062128574
05-26-2021,173.22,171.82,16.0,30.0,198.0,8.0,-19.0,2.0,0.025,1e-05,0.025,1e-05,0.025,1e-05,0.025,1e-05,0.025,1e-05,0.025,1e-05,3155070,371031,6044,371036,6044,0.1175983417166655,0.001915646879467,0.1175999264675585,0.001915646879467
05-27-2021,169.56,163.54,10.0,17.0,84.0,2.0,-21.0,6.0,0.025,1e-05,0.025,1e-05,0.025,1e-05,0.025,1e-05,0.025,1e-05,0.025,1e-05,3155070,371143,6047,371138,6047,0.1176338401366689,0.0019165977300028,0.1176322553857759,0.0019165977300028
05-28-2021,211.6,203.36,16.0,27.0,128.0,12.0,-21.0,1.0,0.025,1e-05,0.025,1e-05,0.025,1e-05,0.025,1e-05,0.025,1e-05,0.025,1e-05,3155070,371253,6053,371226,6053,0.117668704656315,0.0019184994310744,0.1176601470014928,0.0019184994310744
05-29-2021,213.48,249.18,7.0,33.0,279.0,13.0,-10.0,-3.0,0.025,1e-05,0.025,1e-05,0.025,1e-05,0.025,1e-05,0.025,1e-05,0.025,1e-05,3155070,371331,6055,371331,6055,0.1176934267702459,0.0019191333314316,0.1176934267702459,0.0019191333314316
05-30-2021,169.51,165.35,23.0,38.0,265.0,7.0,-12.0,-4.0,0.025,1e-05,0.025,1e-05,0.025,1e-05,0.025,1e-05,0.025,1e-05,0.025,1e-05,3155070,371382,6055,371384,6055,0.1177095912293546,0.0019191333314316,0.1177102251297118,0.0019191333314316
05-31-2021,154.03,139.08,10.0,22.0,302.0,-3.0,-75.0,14.0,0.025,1e-05,0.025,1e-05,0.025,1e-05,0.025,1e-05,0.025,1e-05,0.025,1e-05,3155070,371424,6055,371424,6055,0.1177229031368559,0.0019191333314316,0.1177229031368559,0.0019191333314316
06-01-2021,177.96,183.11,12.0,32.0,188.0,1.0,-24.0,3.0,0.025,1e-05,0.025,1e-05,0.025,1e-05,0.025,1e-05,0.025,1e-05,0.025,1e-05,3155070,371478,6057,371473,6057,0.1177400184465004,0.0019197672317888,0.1177384336956073,0.0019197672317888
06-02-2021,181.99,184.56,17.0,32.0,201.0,8.0,-22.0,3.0,0.025,1e-05,0.025,1e-05,0.025,1e-05,0.025,1e-05,0.025,1e-05,0.025,1e-05,3155070,371640,6061,371635,6061,0.1177913643754338,0.0019210350325032,0.1177897796245408,0.0019210350325032
06-03-2021,192.21,200.42,16.0,24.0,218.0,6.0,-24.0,3.0,0.025,1e-05,0.025,1e-05,0.025,1e-05,0.025,1e-05,0.025,1e-05,0.025,1e-05,3155070,371765,6065,371761,6065,0.117830983147759,0.0019223028332176,0.1178297153470446,0.0019223028332176
06-04-2021,224.83,240.63,16.0,27.0,234.0,14.0,-22.0,0.0,0.025,1e-05,0.025,1e-05,0.025,1e-05,0.025,1e-05,0.025,1e-05,0.025,1e-05,3155070,371862,6067,371863,6067,0.1178617273150833,0.0019229367335748,0.1178620442652619,0.0019229367335748
06-05-2021,223.77,249.49,6.0,30.0,291.0,14.0,-1.0,-4.0,0.025,1e-05,0.025,1e-05,0.025,1e-05,0.025,1e-05,0.025,1e-05,0.025,1e-05,3155070,371956,6068,371956,6068,0.1178915206318718,0.0019232536837534,0.1178915206318718,0.0019232536837534
06-06-2021,174.08,156.44,22.0,39.0,266.0,17.0,-4.0,-3.0,0.025,1e-05,0.025,1e-05,0.025,1e-05,0.025,1e-05,0.025,1e-05,0.025,1e-05,3155070,372024,6072,372029,6072,0.1179130732440167,0.0019245214844678,0.1179146579949097,0.0019245214844678
06-07-2021,180.91,183.82,16.0,30.0,183.0,4.0,-26.0,4.0,0.025,1e-05,0.025,1e-05,0.025,1e-05,0.025,1e-05,0.025,1e-05,0.025,1e-05,3155070,372064,6073,372064,6073,0.1179257512511608,0.0019248384346464,0.1179257512511608,0.0019248384346464
06-08-2021,185.47,188.77,12.0,28.0,183.0,3.0,-27.0,4.0,0.025,1e-05,0.025,1e-05,0.025,1e-05,0.025,1e-05,0.025,1e-05,0.025,1e-05,3155070,372156,6078,372153,6078,0.1179549106675921,0.0019264231855394,0.1179539598170563,0.0019264231855394
06-09-2021,188.27,189.66,17.0,31.0,182.0,11.0,-25.0,3.0,0.025,1e-05,0.025,1e-05,0.025,1e-05,0.025,1e-05,0.025,1e-05,0.025,1e-05,3155070,372248,6084,372240,6084,0.1179840700840234,0.001928324886611,0.1179815344825946,0.001928324886611
06-10-2021,199.38,201.48,15.0,22.0,192.0,6.0,-26.0,4.0,0.025,1e-05,0.025,1e-05,0.025,1e-05,0.025,1e-05,0.025,1e-05,0.025,1e-05,3155070,372331,6095,372309,6095,0.1180103769488474,0.0019318113385756,0.1180034040449181,0.0019318113385756
06-11-2021,228.57,242.74,15.0,26.0,198.0,13.0,-25.0,1.0,0.025,1e-05,0.025,1e-05,0.025,1e-05,0.025,1e-05,0.025,1e-05,0.025,1e-05,3155070,372438,6097,372398,6097,0.1180442906179577,0.0019324452389328,0.1180316126108137,0.0019324452389328
06-12-2021,230.47,260.35,7.0,30.0,295.0,15.0,-4.0,-4.0,0.025,1e-05,0.025,1e-05,0.025,1e-05,0.025,1e-05,0.025,1e-05,0.025,1e-05,3155070,372523,6099,372525,6099,0.1180712313831388,0.00193307913929,0.118071865283496,0.00193307913929
06-13-2021,181.42,162.28,22.0,37.0,258.0,20.0,-6.0,-4.0,0.025,1e-05,0.025,1e-05,0.025,1e-05,0.025,1e-05,0.025,1e-05,0.025,1e-05,3155070,372580,6102,372577,6102,0.1180892975433191,0.0019340299898258,0.1180883466927833,0.0019340299898258
06-14-2021,185.23,183.21,16.0,30.0,204.0,7.0,-27.0,3.0,0.025,1e-05,0.025,1e-05,0.025,1e-05,0.025,1e-05,0.025,1e-05,0.025,1e-05,3155070,372650,6102,372649,6102,0.1181114840558212,0.0019340299898258,0.1181111671056426,0.0019340299898258
06-15-2021,187.99,192.12,13.0,28.0,193.0,7.0,-27.0,4.0,0.025,1e-05,0.025,1e-05,0.025,1e-05,0.025,1e-05,0.025,1e-05,0.025,1e-05,3155070,372751,6103,372752,6103,0.11814349602386,0.0019343469400045,0.1181438129740386,0.0019343469400045
06-16-2021,192.15,183.62,18.0,28.0,199.0,16.0,-26.0,3.0,0.025,1e-05,0.025,1e-05,0.025,1e-05,0.025,1e-05,0.025,1e-05,0.025,1e-05,3155070,372836,6109,372837,6109,0.1181704367890411,0.0019362486410761,0.1181707537392197,0.0019362486410761
06-17-2021,198.68,196.8,12.0,12.0,168.0,12.0,-27.0,5.0,0.025,1e-05,0.025,1e-05,0.025,1e-05,0.025,1e-05,0.025,1e-05,0.025,1e-05,3155070,372910,6109,372896,6109,0.1181938911022576,0.0019362486410761,0.1181894537997572,0.0019362486410761
06-18-2021,235.98,246.45,16.0,18.0,228.0,18.0,-26.0,0.0,0.025,1e-05,0.025,1e-05,0.025,1e-05,0.025,1e-05,0.025,1e-05,0.025,1e-05,3155070,372985,6109,372971,6110,0.1182176623656527,0.0019362486410761,0.1182132250631523,0.0019365655912547
06-19-2021,231.4,262.48,7.0,25.0,299.0,21.0,-5.0,-4.0,0.025,1e-05,0.025,1e-05,0.025,1e-05,0.025,1e-05,0.025,1e-05,0.025,1e-05,3155070,373047,6112,373046,6111,0.118237313276726,0.0019371994916119,0.1182369963265474,0.0019368825414333
06-20-2021,169.25,152.29,20.0,28.0,159.0,20.0,-9.0,-3.0,0.025,1e-05,0.025,1e-05,0.025,1e-05,0.025,1e-05,0.025,1e-05,0.025,1e-05,3155070,373098,6114,373123,6114,0.1182534777358347,0.0019378333919691,0.1182614014902997,0.0019378333919691
06-21-2021,186.15,182.81,15.0,19.0,207.0,10.0,-27.0,4.0,0.025,1e-05,0.025,1e-05,0.025,1e-05,0.025,1e-05,0.025,1e-05,0.025,1e-05,3155070,373142,6114,373140,6114,0.1182674235436931,0.0019378333919691,0.1182667896433359,0.0019378333919691
06-22-2021,184.39,184.57,9.0,14.0,163.0,8.0,-27.0,5.0,0.025,1e-05,0.025,1e-05,0.025,1e-05,0.025,1e-05,0.025,1e-05,0.025,1e-05,3155070,373223,6117,373297,6117,0.1182930965081598,0.0019387842425049,0.1183165508213763,0.0019387842425049
06-23-2021,195.21,192.2,16.0,19.0,201.0,17.0,-26.0,3.0,0.025,1e-05,0.025,1e-05,0.025,1e-05,0.025,1e-05,0.025,1e-05,0.025,1e-05,3155070,373315,6120,373320,6120,0.1183222559245912,0.0019397350930407,0.1183238406754842,0.0019397350930407
06-24-2021,196.71,194.11,11.0,10.0,161.0,10.0,-27.0,5.0,0.025,1e-05,0.025,1e-05,0.025,1e-05,0.025,1e-05,0.025,1e-05,0.025,1e-05,3155070,373371,6124,373428,6124,0.1183400051345928,0.0019410028937551,0.1183580712947731,0.0019410028937551
06-25-2021,232.41,248.44,14.0,14.0,195.0,16.0,-25.0,1.0,0.025,1e-05,0.025,1e-05,0.025,1e-05,0.025,1e-05,0.025,1e-05,0.025,1e-05,3155070,373450,6125,373441,6125,0.1183650441987024,0.0019413198439337,0.118362191647095,0.0019413198439337
06-26-2021,220.75,256.31,5.0,17.0,197.0,18.0,-4.0,-1.0,0.025,1e-05,0.025,1e-05,0.025,1e-05,0.025,1e-05,0.025,1e-05,0.025,1e-05,3155070,373532,6131,373568,6131,0.1183910341133477,0.0019432215450053,0.1184024443197773,0.0019432215450053
06-27-2021,184.98,166.17,21.0,24.0,267.0,27.0,-4.0,-4.0,0.025,1e-05,0.025,1e-05,0.025,1e-05,0.025,1e-05,0.025,1e-05,0.025,1e-05,3155070,373583,6133,373600,6133,0.1184071985724563,0.0019438554453625,0.1184125867254926,0.0019438554453625
06-28-2021,184.17,185.08,14.0,19.0,174.0,9.0,-27.0,2.0,0.025,1e-05,0.025,1e-05,0.025,1e-05,0.025,1e-05,0.025,1e-05,0.025,1e-05,3155070,373636,6133,373641,6133,0.1184239969319222,0.0019438554453625,0.1184255816828152,0.0019438554453625
06-29-2021,183.93,178.36,7.0,13.0,141.0,5.0,-29.0,4.0,0.025,1e-05,0.025,1e-05,0.025,1e-05,0.025,1e-05,0.025,1e-05,0.025,1e-05,3155070,373739,6134,373802,6134,0.1184566428003182,0.0019441723955411,0.1184766106615701,0.0019441723955411
06-30-2021,193.98,189.01,17.0,23.0,196.0,17.0,-25.0,3.0,0.025,1e-05,0.025,1e-05,0.025,1e-05,0.025,1e-05,0.025,1e-05,0.025,1e-05,3155070,373861,6138,373861,6138,0.1184953107221075,0.0019454401962555,0.1184953107221075,0.0019454401962555
07-01-2021,205.51,199.72,19.0,21.0,227.0,18.0,-27.0,3.0,0.025,1e-05,0.025,1e-05,0.025,1e-05,0.025,1e-05,0.025,1e-05,0.025,1e-05,3155070,373960,6140,374009,6140,0.1185266887897891,0.0019460740966127,0.1185422193485406,0.0019460740966127
07-02-2021,231.1,225.46,21.0,29.0,280.0,28.0,-29.0,0.0,0.025,1e-05,0.025,1e-05,0.025,1e-05,0.025,1e-05,0.025,1e-05,0.025,1e-05,3155070,374054,6142,374054,6142,0.1185564821065776,0.0019467079969699,0.1185564821065776,0.0019467079969699
07-03-2021,195.16,228.7,4.0,34.0,365.0,22.0,-13.0,-5.0,0.025,1e-05,0.025,1e-05,0.025,1e-05,0.025,1e-05,0.025,1e-05,0.025,1e-05,3155070,374120,6146,374162,6146,0.1185774008183653,0.0019479757976843,0.1185907127258666,0.0019479757976843
07-04-2021,155.67,166.67,7.0,31.0,402.0,7.0,-19.0,-7.0,0.025,1e-05,0.025,1e-05,0.025,1e-05,0.025,1e-05,0.025,1e-05,0.025,1e-05,3155070,374180,6146,374187,6146,0.1185964178290814,0.0019479757976843,0.1185986364803316,0.0019479757976843
07-05-2021,174.06,154.87,16.0,17.0,248.0,5.0,-70.0,13.0,0.025,1e-05,0.025,1e-05,0.025,1e-05,0.025,1e-05,0.025,1e-05,0.025,1e-05,3155070,374207,6146,374207,6146,0.1186049754839036,0.0019479757976843,0.1186049754839036,0.0019479757976843
07-06-2021,188.3,191.72,11.0,22.0,161.0,9.0,-29.0,5.0,0.025,1e-05,0.025,1e-05,0.025,1e-05,0.025,1e-05,0.025,1e-05,0.025,1e-05,3155070,374284,6148,374340,6148,0.1186293806476559,0.0019486096980415,0.1186471298576576,0.0019486096980415
07-07-2021,190.84,188.07,14.0,21.0,149.0,15.0,-27.0,5.0,0.025,1e-05,0.025,1e-05,0.025,1e-05,0.025,1e-05,0.025,1e-05,0.025,1e-05,3155070,375328,6149,374381,6149,0.1189602766341158,0.0019489266482201,0.1186601248149803,0.0019489266482201
07-08-2021,205.02,202.25,14.0,13.0,197.0,16.0,-27.0,4.0,0.025,1e-05,0.025,1e-05,0.025,1e-05,0.025,1e-05,0.025,1e-05,0.025,1e-05,3155070,374381,6149,374525,6149,0.1186601248149803,0.0019489266482201,0.1187057656406989,0.0019489266482201
07-09-2021,230.8,232.46,14.0,13.0,150.0,21.0,-25.0,3.0,0.025,1e-05,0.025,1e-05,0.025,1e-05,0.025,1e-05,0.025,1e-05,0.025,1e-05,3155070,374627,6149,374671,6149,0.1187380945589162,0.0019489266482201,0.1187520403667747,0.0019489266482201
07-10-2021,219.28,240.23,4.0,17.0,159.0,24.0,-3.0,0.0,0.025,1e-05,0.025,1e-05,0.025,1e-05,0.025,1e-05,0.025,1e-05,0.025,1e-05,3155070,374627,6149,374763,6149,0.1187380945589162,0.0019489266482201,0.118781199783206,0.0019489266482201
07-11-2021,180.31,156.4,20.0,24.0,192.0,24.0,-4.0,-2.0,0.025,1e-05,0.025,1e-05,0.025,1e-05,0.025,1e-05,0.025,1e-05,0.025,1e-05,3155070,374627,6149,374855,6149,0.1187380945589162,0.0019489266482201,0.1188103591996374,0.0019489266482201
07-12-2021,186.51,180.84,15.0,20.0,164.0,10.0,-27.0,4.0,0.025,1e-05,0.025,1e-05,0.025,1e-05,0.025,1e-05,0.025,1e-05,0.025,1e-05,3155070,374627,6149,374948,6149,0.1187380945589162,0.0019489266482201,0.1188398355662473,0.0019489266482201
07-13-2021,187.34,191.23,11.0,18.0,176.0,9.0,-27.0,4.0,0.025,1e-05,0.025,1e-05,0.025,1e-05,0.025,1e-05,0.025,1e-05,0.025,1e-05,3155070,374627,6149,375134,6149,0.1187380945589162,0.0019489266482201,0.1188987882994672,0.0019489266482201
07-14-2021,188.21,183.52,13.0,18.0,118.0,13.0,-25.0,5.0,0.025,1e-05,0.025,1e-05,0.025,1e-05,0.025,1e-05,0.025,1e-05,0.025,1e-05,3155070,375278,6158,375321,6158,0.1189444291251858,0.0019517791998275,0.1189580579828656,0.0019517791998275
07-15-2021,204.25,200.53,18.0,15.0,172.0,13.0,-26.0,4.0,0.025,1e-05,0.025,1e-05,0.025,1e-05,0.025,1e-05,0.025,1e-05,0.025,1e-05,3155070,375278,6158,375523,6158,0.1189444291251858,0.0019517791998275,0.1190220819189431,0.0019517791998275
07-16-2021,240.29,248.75,17.0,16.0,220.0,19.0,-24.0,0.0,0.025,1e-05,0.025,1e-05,0.025,1e-05,0.025,1e-05,0.025,1e-05,0.025,1e-05,3155070,375278,6158,375726,6158,0.1189444291251858,0.0019517791998275,0.1190864228051992,0.0019517791998275
07-17-2021,226.4,255.89,7.0,20.0,281.0,23.0,-2.0,-4.0,0.025,1e-05,0.025,1e-05,0.025,1e-05,0.025,1e-05,0.025,1e-05,0.025,1e-05,3155070,375278,6158,375883,6158,0.1189444291251858,0.0019517791998275,0.1191361839832396,0.0019517791998275
07-18-2021,183.64,154.89,22.0,27.0,252.0,28.0,-5.0,-4.0,0.025,1e-05,0.025,1e-05,0.025,1e-05,0.025,1e-05,0.025,1e-05,0.025,1e-05,3155070,375278,6158,376040,6158,0.1189444291251858,0.0019517791998275,0.1191859451612801,0.0019517791998275
07-19-2021,188.67,181.45,16.0,23.0,173.0,14.0,-27.0,4.0,0.025,1e-05,0.025,1e-05,0.025,1e-05,0.025,1e-05,0.025,1e-05,0.025,1e-05,3155070,375278,6158,376198,6158,0.1189444291251858,0.0019517791998275,0.1192360232894991,0.0019517791998275
07-20-2021,191.0,188.0,12.0,19.0,167.0,11.0,-27.0,4.0,0.025,1e-05,0.025,1e-05,0.025,1e-05,0.025,1e-05,0.025,1e-05,0.025,1e-05,3155070,375278,6158,376461,6158,0.1189444291251858,0.0019517791998275,0.1193193811864713,0.0019517791998275
07-21-2021,193.57,186.77,16.0,23.0,167.0,17.0,-25.0,3.0,0.025,1e-05,0.025,1e-05,0.025,1e-05,0.025,1e-05,0.025,1e-05,0.025,1e-05,3155070,376673,6170,376726,6170,0.1193865746243348,0.0019555826019707,0.1194033729838006,0.0019555826019707
07-22-2021,205.54,199.15,15.0,15.0,180.0,16.0,-26.0,4.0,0.025,1e-05,0.025,1e-05,0.025,1e-05,0.025,1e-05,0.025,1e-05,0.025,1e-05,3155070,376673,6170,377013,6170,0.1193865746243348,0.0019555826019707,0.1194943376850592,0.0019555826019707
07-23-2021,241.44,251.27,16.0,17.0,195.0,22.0,-25.0,1.0,0.025,1e-05,0.025,1e-05,0.025,1e-05,0.025,1e-05,0.025,1e-05,0.025,1e-05,3155070,376673,6170,377300,6170,0.1193865746243348,0.0019555826019707,0.1195853023863179,0.0019555826019707
07-24-2021,228.1,276.46,6.0,20.0,234.0,25.0,-2.0,-2.0,0.025,1e-05,0.025,1e-05,0.025,1e-05,0.025,1e-05,0.025,1e-05,0.025,1e-05,3155070,376673,6170,377495,6170,0.1193865746243348,0.0019555826019707,0.1196471076711451,0.0019555826019707
07-25-2021,183.55,157.43,20.0,26.0,205.0,27.0,-4.0,-3.0,0.025,1e-05,0.025,1e-05,0.025,1e-05,0.025,1e-05,0.025,1e-05,0.025,1e-05,3155070,376673,6170,377690,6170,0.1193865746243348,0.0019555826019707,0.1197089129559724,0.0019555826019707
07-26-2021,186.36,189.36,14.0,23.0,153.0,10.0,-28.0,4.0,0.025,1e-05,0.025,1e-05,0.025,1e-05,0.025,1e-05,0.025,1e-05,0.025,1e-05,3155070,376673,6170,377886,6170,0.1193865746243348,0.0019555826019707,0.1197710351909783,0.0019555826019707
07-27-2021,186.24,187.47,10.0,19.0,142.0,9.0,-28.0,5.0,0.025,1e-05,0.025,1e-05,0.025,1e-05,0.025,1e-05,0.025,1e-05,0.025,1e-05,3155070,376673,6170,378401,6170,0.1193865746243348,0.0019555826019707,0.119934264532958,0.0019555826019707
07-28-2021,192.2,194.23,15.0,21.0,126.0,15.0,-26.0,5.0,0.025,1e-05,0.025,1e-05,0.025,1e-05,0.025,1e-05,0.025,1e-05,0.025,1e-05,3155070,378831,6183,378916,6183,0.1200705531097566,0.0019597029542926,0.1200974938749378,0.0019597029542926
07-29-2021,197.99,197.96,12.0,12.0,151.0,12.0,-27.0,5.0,0.025,1e-05,0.025,1e-05,0.025,1e-05,0.025,1e-05,0.025,1e-05,0.025,1e-05,3155070,378831,6183,379356,6183,0.1200705531097566,0.0019597029542926,0.1202369519535224,0.0019597029542926
07-30-2021,226.8,233.79,16.0,17.0,173.0,19.0,-26.0,1.0,0.025,1e-05,0.025,1e-05,0.025,1e-05,0.025,1e-05,0.025,1e-05,0.025,1e-05,3155070,378831,6183,379797,6183,0.1200705531097566,0.0019597029542926,0.1203767269822856,0.0019597029542926
07-31-2021,218.62,244.25,6.0,21.0,225.0,26.0,-2.0,-2.0,0.025,1e-05,0.025,1e-05,0.025,1e-05,0.025,1e-05,0.025,1e-05,0.025,1e-05,3155070,378831,6183,380234,6183,0.1200705531097566,0.0019597029542926,0.1205152342103344,0.0019597029542926
08-01-2021,183.01,165.11,22.0,29.0,226.0,29.0,-3.0,-3.0,0.025,1e-05,0.025,1e-05,0.025,1e-05,0.025,1e-05,0.025,1e-05,0.025,1e-05,3155070,378831,6183,380671,6183,0.1200705531097566,0.0019597029542926,0.1206537414383833,0.0019597029542926
08-02-2021,184.05,189.21,16.0,24.0,165.0,14.0,-27.0,4.0,0.025,1e-05,0.025,1e-05,0.025,1e-05,0.025,1e-05,0.025,1e-05,0.025,1e-05,3155070,378831,6183,381110,6183,0.1200705531097566,0.0019597029542926,0.1207928825667893,0.0019597029542926
08-03-2021,185.76,197.5,14.0,24.0,165.0,11.0,-27.0,4.0,0.025,1e-05,0.025,1e-05,0.025,1e-05,0.025,1e-05,0.025,1e-05,0.025,1e-05,3155070,378831,6183,381755,6183,0.1200705531097566,0.0019597029542926,0.1209973154319872,0.0019597029542926
08-04-2021,183.28,184.2,16.0,24.0,162.0,18.0,-25.0,3.0,0.025,1e-05,0.025,1e-05,0.025,1e-05,0.025,1e-05,0.025,1e-05,0.025,1e-05,3155070,382401,6193,382401,6193,0.1212020652473637,0.0019628724560786,0.1212020652473637,0.0019628724560786
08-05-2021,191.98,195.7,14.0,15.0,151.0,14.0,-26.0,4.0,0.025,1e-05,0.025,1e-05,0.025,1e-05,0.025,1e-05,0.025,1e-05,0.025,1e-05,3155070,382401,6193,383198,6193,0.1212020652473637,0.0019628724560786,0.1214546745397091,0.0019628724560786
08-06-2021,236.67,260.31,17.0,19.0,198.0,22.0,-25.0,1.0,0.025,1e-05,0.025,1e-05,0.025,1e-05,0.025,1e-05,0.025,1e-05,0.025,1e-05,3155070,382401,6193,383997,6193,0.1212020652473637,0.0019628724560786,0.1217079177324116,0.0019628724560786
08-07-2021,217.21,246.01,6.0,21.0,223.0,24.0,-3.0,-2.0,0.025,1e-05,0.025,1e-05,0.025,1e-05,0.025,1e-05,0.025,1e-05,0.025,1e-05,3155070,382401,6193,384516,6193,0.1212020652473637,0.0019628724560786,0.1218724148751057,0.0019628724560786
08-08-2021,175.58,148.13,19.0,28.0,178.0,27.0,-4.0,-2.0,0.025,1e-05,0.025,1e-05,0.025,1e-05,0.025,1e-05,0.025,1e-05,0.025,1e-05,3155070,382401,6193,385035,6193,0.1212020652473637,0.0019628724560786,0.1220369120177999,0.0019628724560786
08-09-2021,182.02,180.72,13.0,24.0,132.0,11.0,-27.0,5.0,0.025,1e-05,0.025,1e-05,0.025,1e-05,0.025,1e-05,0.025,1e-05,0.025,1e-05,3155070,382401,6193,385556,6193,0.1212020652473637,0.0019628724560786,0.1222020430608512,0.0019628724560786
08-10-2021,179.56,181.23,7.0,19.0,107.0,7.0,-27.0,6.0,0.025,1e-05,0.025,1e-05,0.025,1e-05,0.025,1e-05,0.025,1e-05,0.025,1e-05,3155070,385556,6193,386414,6193,0.1222020430608512,0.0019628724560786,0.1224739863140912,0.0019628724560786
08-11-2021,189.2,193.86,14.0,23.0,135.0,15.0,-26.0,4.0,0.025,1e-05,0.025,1e-05,0.025,1e-05,0.025,1e-05,0.025,1e-05,0.025,1e-05,3155070,387273,6210,387273,6210,0.1227462465175099,0.0019682606091148,0.1227462465175099,0.0019682606091148
08-12-2021,207.39,212.57,13.0,12.0,171.0,12.0,-27.0,5.0,0.025,1e-05,0.025,1e-05,0.025,1e-05,0.025,1e-05,0.025,1e-05,0.025,1e-05,3155070,387273,6210,388248,6210,0.1227462465175099,0.0019682606091148,0.1230552729416463,0.0019682606091148
08-13-2021,234.24,272.16,18.0,22.0,222.0,21.0,-26.0,0.0,0.025,1e-05,0.025,1e-05,0.025,1e-05,0.025,1e-05,0.025,1e-05,0.025,1e-05,3155070,387273,6210,389223,6210,0.1227462465175099,0.0019682606091148,0.1233642993657826,0.0019682606091148
08-14-2021,227.72,292.08,9.0,20.0,280.0,26.0,-3.0,-3.0,0.025,1e-05,0.025,1e-05,0.025,1e-05,0.025,1e-05,0.025,1e-05,0.025,1e-05,3155070,389223,6210,389807,6210,0.1233642993657826,0.0019682606091148,0.1235493982700859,0.0019682606091148
08-15-2021,188.48,207.6,25.0,29.0,249.0,32.0,-4.0,-4.0,0.025,1e-05,0.025,1e-05,0.025,1e-05,0.025,1e-05,0.025,1e-05,0.025,1e-05,3155070,389223,6210,390391,6210,0.1233642993657826,0.0019682606091148,0.1237344971743891,0.0019682606091148
08-16-2021,190.9,272.75,18.0,24.0,173.0,13.0,-28.0,4.0,0.025,1e-05,0.025,1e-05,0.025,1e-05,0.025,1e-05,0.025,1e-05,0.025,1e-05,3155070,389223,6210,390978,6210,0.1233642993657826,0.0019682606091148,0.1239205469292282,0.0019682606091148
08-17-2021,195.52,272.57,14.0,21.0,157.0,7.0,-28.0,4.0,0.025,1e-05,0.025,1e-05,0.025,1e-05,0.025,1e-05,0.025,1e-05,0.025,1e-05,3155070,390978,6210,391974,6210,0.1239205469292282,0.0019682606091148,0.1242362293071152,0.0019682606091148
08-18-2021,197.95,276.11,19.0,23.0,154.0,16.0,-25.0,3.0,0.025,1e-05,0.025,1e-05,0.025,1e-05,0.025,1e-05,0.025,1e-05,0.025,1e-05,3155070,392970,6226,392970,6226,0.1245519116850022,0.0019733318119724,0.1245519116850022,0.0019733318119724
08-19-2021,203.62,289.31,16.0,14.0,164.0,10.0,-26.0,4.0,0.025,1e-05,0.025,1e-05,0.025,1e-05,0.025,1e-05,0.025,1e-05,0.025,1e-05,3155070,392970,6226,394068,6226,0.1245519116850022,0.0019733318119724,0.1248999229811066,0.0019733318119724
08-20-2021,232.38,328.06,16.0,16.0,174.0,17.0,-24.0,1.0,0.025,1e-05,0.025,1e-05,0.025,1e-05,0.025,1e-05,0.025,1e-05,0.025,1e-05,3155070,392970,6226,395167,6226,0.1245519116850022,0.0019733318119724,0.1252482512273895,0.0019733318119724
08-21-2021,226.16,431.46,9.0,21.0,243.0,17.0,-2.0,-2.0,0.025,1e-05,0.025,1e-05,0.025,1e-05,0.025,1e-05,0.025,1e-05,0.025,1e-05,3155070,395167,6226,395951,6226,0.1252482512273895,0.0019733318119724,0.125496740167413,0.0019733318119724
08-22-2021,177.06,269.68,25.0,31.0,214.0,22.0,-2.0,-3.0,0.025,1e-05,0.025,1e-05,0.025,1e-05,0.025,1e-05,0.025,1e-05,0.025,1e-05,3155070,395167,6226,396735,6226,0.1252482512273895,0.0019733318119724,0.1257452291074366,0.0019733318119724
08-23-2021,176.53,409.63,12.0,22.0,105.0,7.0,-26.0,4.0,0.025,1e-05,0.025,1e-05,0.025,1e-05,0.025,1e-05,0.025,1e-05,0.025,1e-05,3155070,395167,6226,397522,6226,0.1252482512273895,0.0019733318119724,0.1259946688979959,0.0019733318119724
08-24-2021,172.37,354.1,3.0,16.0,79.0,2.0,-26.0,5.0,0.025,1e-05,0.025,1e-05,0.025,1e-05,0.025,1e-05,0.025,1e-05,0.025,1e-05,3155070,397522,6226,398802,6226,0.1259946688979959,0.0019733318119724,0.1264003651266057,0.0019733318119724
08-25-2021,173.47,309.5,10.0,21.0,101.0,9.0,-23.0,4.0,0.025,1e-05,0.025,1e-05,0.025,1e-05,0.025,1e-05,0.025,1e-05,0.025,1e-05,3155070,400082,6268,400082,6268,0.1268060613552155,0.0019866437194737,0.1268060613552155,0.0019866437194737
08-26-2021,178.21,296.16,5.0,9.0,102.0,5.0,-24.0,5.0,0.025,1e-05,0.025,1e-05,0.025,1e-05,0.025,1e-05,0.025,1e-05,0.025,1e-05,3155070,400082,6268,401403,6268,0.1268060613552155,0.0019866437194737,0.127224752541148,0.0019866437194737
08-27-2021,217.83,323.59,10.0,14.0,134.0,10.0,-20.0,0.0,0.025,1e-05,0.025,1e-05,0.025,1e-05,0.025,1e-05,0.025,1e-05,0.025,1e-05,3155070,400082,6268,402725,6268,0.1268060613552155,0.0019866437194737,0.1276437606772591,0.0019866437194737
08-28-2021,212.11,296.36,3.0,19.0,198.0,6.0,1.0,-1.0,0.025,1e-05,0.025,1e-05,0.025,1e-05,0.025,1e-05,0.025,1e-05,0.025,1e-05,3155070,402725,6268,403398,6268,0.1276437606772591,0.0019866437194737,0.1278570681474579,0.0019866437194737
08-29-2021,160.17,171.66,16.0,27.0,179.0,11.0,-2.0,-1.0,0.025,1e-05,0.025,1e-05,0.025,1e-05,0.025,1e-05,0.025,1e-05,0.025,1e-05,3155070,402725,6268,404071,6268,0.1276437606772591,0.0019866437194737,0.1280703756176566,0.0019866437194737
08-30-2021,162.19,232.13,8.0,20.0,120.0,3.0,-23.0,3.0,0.025,1e-05,0.025,1e-05,0.025,1e-05,0.025,1e-05,0.025,1e-05,0.025,1e-05,3155070,402725,6268,404747,6268,0.1276437606772591,0.0019866437194737,0.1282846339383912,0.0019866437194737
08-31-2021,164.79,242.83,4.0,17.0,90.0,0.0,-23.0,4.0,0.025,1e-05,0.025,1e-05,0.025,1e-05,0.025,1e-05,0.025,1e-05,0.025,1e-05,3155070,404747,6268,406568,6268,0.1282846339383912,0.0019866437194737,0.1288618002136244,0.0019866437194737
