date,Louisiana-apple-driving,Louisiana-apple-walking,Louisiana-google-retail_and_recreation,Louisiana-google-grocery_and_pharmacy,Louisiana-google-parks,Louisiana-google-transit_stations,Louisiana-google-workplaces,Louisiana-google-residential,Louisiana-jh_beta_7,Louisiana-jh_gamma_7,Louisiana-cdc_beta_7,Louisiana-cdc_gamma_7,Louisiana-jh_beta_14,Louisiana-jh_gamma_14,Louisiana-cdc_beta_14,Louisiana-cdc_gamma_14,Louisiana-jh_beta_30,Louisiana-jh_gamma_30,Louisiana-cdc_beta_30,Louisiana-cdc_gamma_30,Louisiana-census_pop,Louisiana-jh_confirmed,Louisiana-jh_death,Louisiana-cdc_confirmed,Louisiana-cdc_death,Louisiana-jh_confirmed_ratio,Louisiana-jh_death_ratio,Louisiana-cdc_confirmed_ratio,Louisiana-cdc_death_ratio
01-01-2021,76.01,41.92,-44.0,-28.0,-28.0,-47.0,-69.0,24.0,0.0250000003290028,2.128909288737986e-05,0.0250000003290028,2.128909288737986e-05,0.0250000262614288,0.0001145105585663,0.0250000262614288,0.0001145105585663,0.0250000111485511,0.0001041050367302,0.0250000111485511,0.0001041050367302,4648794,315275,7488,315275,7488,0.0678186643675757,0.0016107403339446,0.0678186643675757,0.0016107403339446
01-02-2021,96.0,44.94,-24.0,-10.0,-42.0,-23.0,-20.0,8.0,0.0250000004007601,2.459023610520025e-05,0.0250000004007601,2.459023610520025e-05,0.025000024967417,0.0001143644137779,0.025000024967417,0.0001143644137779,0.0250000107652704,0.0001008447095298,0.0250000107652704,0.0001008447095298,4648794,315275,7488,315275,7488,0.0678186643675757,0.0016107403339446,0.0678186643675757,0.0016107403339446
01-03-2021,76.0,30.49,-22.0,-9.0,-28.0,-16.0,-18.0,5.0,0.0250000004443218,2.7083156093829687e-05,0.0250000004443218,2.7083156093829687e-05,0.0250000276516164,0.0001234164899131,0.0250000276516164,0.0001234164899131,0.0250000107368177,0.0001010414249707,0.0250000107368177,0.0001010414249707,4648794,321058,7537,321058,7537,0.0690626429134093,0.0016212807020487,0.0690626429134093,0.0016212807020487
01-04-2021,95.85,36.65,-10.0,-2.0,-25.0,-20.0,-23.0,7.0,0.0250000004681259,2.8306734217782773e-05,0.0250000004681259,2.8306734217782773e-05,0.0250000236776434,0.000116405297273,0.0250000236776434,0.000116405297273,0.0250000107032438,0.000101124634607,0.0250000107032438,0.000101124634607,4648794,322181,7585,322181,7585,0.0693042109415904,0.0016316059605996,0.0693042109415904,0.0016316059605996
01-05-2021,99.94,38.16,-11.0,1.0,-24.0,-20.0,-24.0,7.0,0.0250000004422488,2.708027044837204e-05,0.0250000004422488,2.708027044837204e-05,0.0250000200169563,0.0001058376336396,0.0250000200169563,0.0001058376336396,0.02500001121908,0.000106095313464,0.02500001121908,0.000106095313464,4648794,326648,7635,326648,7635,0.0702651053154861,0.0016423614382568,0.0702651053154861,0.0016423614382568
01-06-2021,93.92,37.07,-14.0,-5.0,-24.0,-18.0,-23.0,7.0,0.0250000003954998,2.4712592754932205e-05,0.0250000003954998,2.4712592754932205e-05,0.0250000175535267,9.9518141339624e-05,0.0250000175535267,9.9518141339624e-05,0.0250000110035388,0.0001043658655486,0.0250000110035388,0.0001043658655486,4648794,333524,7681,333524,7681,0.0717441986029064,0.0016522564777015,0.0717441986029064,0.0016522564777015
01-07-2021,95.3,37.33,-20.0,-7.0,-42.0,-24.0,-24.0,10.0,0.0250000003836066,2.3764297154139712e-05,0.0250000003836066,2.3764297154139712e-05,0.0250000029748944,6.536045594706957e-05,0.0250000029748944,6.536045594706957e-05,0.0250000111542609,0.000105824977346,0.0250000111542609,0.000105824977346,4648794,338054,7728,338054,7728,0.0727186448786502,0.0016623666266993,0.0727186448786502,0.0016623666266993
01-08-2021,110.45,43.66,-21.0,-5.0,-40.0,-28.0,-23.0,10.0,0.0250000004027645,2.4225038565482103e-05,0.0250000004027645,2.4225038565482103e-05,0.0250000029418348,6.413678890174864e-05,0.0250000029418348,6.413678890174864e-05,0.0250000109211085,0.000103696444789,0.0250000109211085,0.000103696444789,4648794,341431,7833,341431,7833,0.0734450698396186,0.0016849531297794,0.0734450698396186,0.0016849531297794
01-09-2021,104.67,44.94,-21.0,-5.0,-46.0,-25.0,-14.0,7.0,0.0250000005769823,3.080187176725754e-05,0.0250000005769823,3.080187176725754e-05,0.0250000181634136,0.0001004730010877,0.0250000181634136,0.0001004730010877,0.02500001089071,0.0001033652449836,0.02500001089071,0.0001033652449836,4648794,341431,7833,341431,7833,0.0734450698396186,0.0016849531297794,0.0734450698396186,0.0016849531297794
01-10-2021,71.32,29.42,-27.0,-7.0,-51.0,-31.0,-20.0,7.0,0.0250000006937002,3.598448612458204e-05,0.0250000006937002,3.598448612458204e-05,0.0250000220545672,0.000113342625274,0.0250000220545672,0.000113342625274,0.0250000107770966,0.0001022994501706,0.0250000107770966,0.0001022994501706,4648794,346829,7873,346829,7873,0.0746062312074916,0.0016935575119052,0.0746062312074916,0.0016935575119052
01-11-2021,85.31,33.33,-27.0,-15.0,-49.0,-31.0,-30.0,12.0,0.0250000006877338,3.603975960668146e-05,0.0250000006877338,3.603975960668146e-05,0.0250000228949109,0.0001191737357164,0.0250000228949109,0.0001191737357164,0.0250000106025329,0.0001007004572219,0.0250000106025329,0.0001007004572219,4648794,348234,7918,348234,7918,0.0749084601296594,0.0017032374417967,0.0749084601296594,0.0017032374417967
01-12-2021,93.52,36.36,-18.0,-6.0,-38.0,-24.0,-25.0,9.0,0.0250000006756297,3.5769623172686606e-05,0.0250000006756297,3.5769623172686606e-05,0.0250000225354498,0.0001182568802766,0.0250000225354498,0.0001182568802766,0.0250000111857917,0.0001061153577111,0.0250000111857917,0.0001061153577111,4648794,352939,7971,352939,7971,0.0759205505772034,0.0017146382481133,0.0759205505772034,0.0017146382481133
01-13-2021,97.01,38.41,-17.0,-7.0,-25.0,-20.0,-24.0,7.0,0.0250000006720521,3.567780425050875e-05,0.0250000006720521,3.567780425050875e-05,0.025000019810351,0.0001119078406886,0.025000019810351,0.0001119078406886,0.0250000108480235,0.0001030373985783,0.0250000108480235,0.0001030373985783,4648794,355835,8022,355835,8022,0.0765435078431094,0.0017256088353237,0.0765435078431094,0.0017256088353237
01-14-2021,100.06,39.47,-19.0,-8.0,-29.0,-23.0,-24.0,8.0,0.0250000006878458,3.629470585708354e-05,0.0250000006878458,3.629470585708354e-05,0.0250000171335488,0.0001080411797879,0.0250000171335488,0.0001080411797879,0.0250000110273412,0.0001046075904189,0.0250000110273412,0.0001046075904189,4648794,361148,8080,361148,8080,0.0776863848989651,0.0017380851894061,0.0776863848989651,0.0017380851894061
01-15-2021,115.65,47.35,-22.0,-11.0,-32.0,-26.0,-24.0,9.0,0.0250000007078397,3.690892562541201e-05,0.0250000007078397,3.690892562541201e-05,0.0250000163762473,0.0001089934109705,0.0250000163762473,0.0001089934109705,0.0250000108336515,0.000102685635574,0.0250000108336515,0.000102685635574,4648794,364853,8080,364853,8080,0.0784833657933649,0.0017380851894061,0.0784833657933649,0.0017380851894061
01-16-2021,107.43,50.49,-23.0,-10.0,-38.0,-25.0,-16.0,6.0,0.0250000005166279,2.913895632499463e-05,0.0250000005166279,2.913895632499463e-05,0.025000018351916,0.0001209662658175,0.025000018351916,0.0001209662658175,0.0250000107158514,0.0001017574055915,0.0250000107158514,0.0001017574055915,4648794,364853,8080,364853,8080,0.0784833657933649,0.0017380851894061,0.0784833657933649,0.0017380851894061
01-17-2021,78.79,37.1,-25.0,-9.0,-25.0,-29.0,-19.0,5.0,0.0250000005740363,3.237080613440477e-05,0.0250000005740363,3.237080613440477e-05,0.0250000195536278,0.0001312549944074,0.0250000195536278,0.0001312549944074,0.0250000106153073,0.0001012131255841,0.0250000106153073,0.0001012131255841,4648794,368980,8203,368980,8203,0.0793711229191915,0.0017645436644428,0.0793711229191915,0.0017645436644428
01-18-2021,94.62,37.38,-21.0,-14.0,-19.0,-28.0,-41.0,12.0,0.0250000006242161,3.39009279952851e-05,0.0250000006242161,3.39009279952851e-05,0.0250000168735368,0.0001285402108552,0.0250000168735368,0.0001285402108552,0.0250000106790932,0.0001018346070786,0.0250000106790932,0.0001018346070786,4648794,369951,8253,369951,8253,0.0795799942952946,0.0017752991421,0.0795799942952946,0.0017752991421
01-19-2021,94.89,37.67,-21.0,-7.0,-24.0,-25.0,-24.0,7.0,0.0250000006543708,3.468724918127237e-05,0.0250000006543708,3.468724918127237e-05,0.0250000166012532,0.0001280899218654,0.0250000166012532,0.0001280899218654,0.0250000112877666,0.000107456122559,0.0250000112877666,0.000107456122559,4648794,372089,8324,372089,8324,0.0800398985199172,0.0017905719203733,0.0800398985199172,0.0017905719203733
01-20-2021,92.99,36.94,-19.0,-9.0,-19.0,-19.0,-24.0,7.0,0.0250000006870738,3.543672433504056e-05,0.0250000006870738,3.543672433504056e-05,0.0250000150666568,0.0001266998566875,0.0250000150666568,0.0001266998566875,0.0250000111245035,0.0001058551041695,0.0250000111245035,0.0001058551041695,4648794,374582,8383,374582,8383,0.080576166635906,0.0018032633840088,0.080576166635906,0.0018032633840088
01-21-2021,94.99,37.87,-23.0,-11.0,-32.0,-25.0,-24.0,8.0,0.0250000007243817,3.657216805983633e-05,0.0250000007243817,3.657216805983633e-05,0.0250000126829797,0.0001258881572139,0.0250000126829797,0.0001258881572139,0.0250000108793177,0.0001032191718252,0.0250000108793177,0.0001032191718252,4648794,378318,8442,378318,8442,0.0813798159264531,0.0018159548476443,0.0813798159264531,0.0018159548476443
01-22-2021,107.71,44.11,-25.0,-12.0,-43.0,-30.0,-24.0,11.0,0.02500000074507,3.723990788317994e-05,0.02500000074507,3.723990788317994e-05,0.0250000056296347,0.0001172863389728,0.0250000056296347,0.0001172863389728,0.0250000107179311,0.0001016013098601,0.0250000107179311,0.0001016013098601,4648794,380255,8483,380255,8483,0.0817964831308937,0.0018247743393232,0.0817964831308937,0.0018247743393232
01-23-2021,105.02,47.3,-23.0,-10.0,-45.0,-28.0,-16.0,7.0,0.0250000009120405,4.470030334232822e-05,0.0250000009120405,4.470030334232822e-05,0.0250000050879209,0.0001051855072544,0.0250000050879209,0.0001051855072544,0.0250000103658871,9.814700007518482e-05,0.0250000103658871,9.814700007518482e-05,4648794,380255,8483,380255,8483,0.0817964831308937,0.0018247743393232,0.0817964831308937,0.0018247743393232
01-24-2021,74.26,31.74,-24.0,-11.0,-26.0,-26.0,-19.0,5.0,0.025000001012614,5.006319302961008e-05,0.025000001012614,5.006319302961008e-05,0.0250000055889394,0.0001164983179089,0.0250000055889394,0.0001164983179089,0.0250000102503154,9.718049110482e-05,0.0250000102503154,9.718049110482e-05,4648794,383862,8565,383862,8565,0.0825723832890853,0.0018424133226811,0.0825723832890853,0.0018424133226811
01-25-2021,90.52,34.96,-20.0,-12.0,-30.0,-26.0,-23.0,7.0,0.0250000008025511,4.1165010491098987e-05,0.0250000008025511,4.1165010491098987e-05,0.0250000057861005,0.000120692221631,0.0250000057861005,0.000120692221631,0.0250000108680942,0.0001029963050772,0.0250000108680942,0.0001029963050772,4648794,385942,8590,385942,8590,0.0830198111596254,0.0018477910615097,0.0830198111596254,0.0018477910615097
01-26-2021,94.8,35.98,-17.0,-7.0,-29.0,-23.0,-24.0,7.0,0.0250000007758095,4.03030489774412e-05,0.0250000007758095,4.03030489774412e-05,0.0250000058124305,0.0001216500648094,0.0250000058124305,0.0001216500648094,0.0250000114556393,0.0001086412119706,0.0250000114556393,0.0001086412119706,4648794,388562,8621,388562,8621,0.0835833981888636,0.0018544594576571,0.0835833981888636,0.0018544594576571
01-27-2021,96.62,36.62,-16.0,-9.0,-22.0,-19.0,-23.0,7.0,0.0250000006764955,3.6294214424863e-05,0.0250000006764955,3.6294214424863e-05,0.0250000057493942,0.000120914041372,0.0250000057493942,0.000120914041372,0.0250000116342413,0.0001106790657677,0.0250000116342413,0.0001106790657677,4648794,392416,8688,392416,8688,0.0844124304066818,0.0018688717977178,0.0844124304066818,0.0018688717977178
01-28-2021,99.04,38.17,-19.0,-10.0,-30.0,-22.0,-24.0,7.0,0.0250000006440431,3.461869408812247e-05,0.0250000006440431,3.461869408812247e-05,0.0250000057383702,0.0001208905438086,0.0250000057383702,0.0001208905438086,0.0250000116268498,0.000110625072426,0.0250000116268498,0.000110625072426,4648794,394909,8743,394909,8743,0.0849486985226706,0.0018807028231407,0.0849486985226706,0.0018807028231407
01-29-2021,116.86,48.09,-19.0,-10.0,-25.0,-24.0,-22.0,8.0,0.0250000006235532,3.3361300736035265e-05,0.0250000006235532,3.3361300736035265e-05,0.0250000056899313,0.0001199577597966,0.0250000056899313,0.0001199577597966,0.0250000112926117,0.0001076444543495,0.0250000112926117,0.0001076444543495,4648794,397276,8801,397276,8801,0.0854578628349632,0.0018931791772231,0.0854578628349632,0.0018931791772231
01-30-2021,112.59,54.13,-20.0,-9.0,-32.0,-23.0,-15.0,5.0,0.0250000006657408,3.481968394877617e-05,0.0250000006657408,3.481968394877617e-05,0.0250000063503309,0.0001342632937676,0.0250000063503309,0.0001342632937676,0.0250000109813418,0.0001050853438937,0.0250000109813418,0.0001050853438937,4648794,397276,8801,397276,8801,0.0854578628349632,0.0018931791772231,0.0854578628349632,0.0018931791772231
01-31-2021,81.22,34.09,-18.0,-6.0,-15.0,-21.0,-18.0,4.0,0.0250000007736108,3.998912385536797e-05,0.0250000007736108,3.998912385536797e-05,0.0249999972833327,0.0001362219671925,0.0249999972833327,0.0001362219671925,0.0250000108626237,0.0001043693908541,0.0250000108626237,0.0001043693908541,4648794,400626,8859,400626,8859,0.0861784798379966,0.0019056555313055,0.0861784798379966,0.0019056555313055
02-01-2021,93.87,35.22,-16.0,-8.0,-28.0,-22.0,-22.0,6.0,0.0250000006573116,3.510389338170856e-05,0.0250000006573116,3.510389338170856e-05,0.0249999984462463,0.0001155001953173,0.0249999984462463,0.0001155001953173,0.0250000113980662,0.0001096707403592,0.0250000113980662,0.0001096707403592,4648794,401591,8912,401591,8912,0.0863860605567809,0.0019170563376221,0.0863860605567809,0.0019170563376221
02-02-2021,96.13,35.55,-16.0,-5.0,-27.0,-21.0,-23.0,7.0,0.0250000007244465,3.7972725758066114e-05,0.0250000007244465,3.7972725758066114e-05,0.0249999983271078,0.0001140042454141,0.0249999983271078,0.0001140042454141,0.0250000119420424,0.0001150322349614,0.0250000119420424,0.0001150322349614,4648794,404194,8953,404194,8953,0.0869459907236156,0.0019258758293011,0.0869459907236156,0.0019258758293011
02-03-2021,98.53,37.39,-12.0,-3.0,-16.0,-15.0,-22.0,5.0,0.0250000007691782,3.99399357821337e-05,0.0250000007691782,3.99399357821337e-05,0.0249999986496399,0.0001068970899983,0.0249999986496399,0.0001068970899983,0.0250000116487095,0.0001127070086491,0.0250000116487095,0.0001127070086491,4648794,406235,9006,406235,9006,0.0873850293215832,0.0019372766356177,0.0873850293215832,0.0019372766356177
02-04-2021,103.37,39.08,-15.0,-4.0,-22.0,-19.0,-23.0,6.0,0.0250000007135062,3.737578351786311e-05,0.0250000007135062,3.737578351786311e-05,0.0249999985703487,0.0001029338475193,0.0249999985703487,0.0001029338475193,0.0250000115822026,0.0001121806475302,0.0250000115822026,0.0001121806475302,4648794,408995,9044,408995,9044,0.0879787316882615,0.0019454507986372,0.0879787316882615,0.0019454507986372
02-05-2021,115.08,46.12,-21.0,-8.0,-43.0,-25.0,-23.0,9.0,0.0250000006837102,3.604797989537806e-05,0.0250000006837102,3.604797989537806e-05,0.024999998236584,9.848049624658696e-05,0.024999998236584,9.848049624658696e-05,0.0250000113427149,0.0001102499467622,0.0250000113427149,0.0001102499467622,4648794,409861,9076,409861,9076,0.0881650165612844,0.0019523343043378,0.0881650165612844,0.0019523343043378
02-06-2021,109.13,51.21,-22.0,-6.0,-51.0,-26.0,-16.0,7.0,0.0250000006300448,3.389881989883811e-05,0.0250000006300448,3.389881989883811e-05,0.0249999976416169,9.843809109032724e-05,0.0249999976416169,9.843809109032724e-05,0.0250000110418391,0.0001079288650449,0.0250000110418391,0.0001079288650449,4648794,409861,9076,409861,9076,0.0881650165612844,0.0019523343043378,0.0881650165612844,0.0019523343043378
02-07-2021,78.44,35.19,-23.0,-2.0,-27.0,-26.0,-17.0,4.0,0.0250000007102641,3.814175495407596e-05,0.0250000007102641,3.814175495407596e-05,0.0249999956332382,0.0001071845864728,0.0249999956332382,0.0001071845864728,0.0250000107814886,0.0001059510853797,0.0250000107814886,0.0001059510853797,4648794,411812,9119,411812,9119,0.088584695299469,0.001961584015123,0.088584695299469,0.001961584015123
02-08-2021,92.44,35.5,-20.0,-11.0,-24.0,-23.0,-22.0,6.0,0.0250000006255211,3.481528988152753e-05,0.0250000006255211,3.481528988152753e-05,0.0249999965329288,9.568301011481438e-05,0.0249999965329288,9.568301011481438e-05,0.0250000099486972,9.82011822692248e-05,0.0250000099486972,9.82011822692248e-05,4648794,412989,9142,412989,9142,0.0888378792435199,0.0019665315348453,0.0888378792435199,0.0019665315348453
02-09-2021,100.2,37.58,-14.0,-3.0,-17.0,-21.0,-22.0,6.0,0.0250000005433413,3.152694956221227e-05,0.0250000005433413,3.152694956221227e-05,0.0249999953340996,9.74844521753958e-05,0.0249999953340996,9.74844521753958e-05,0.0250000103542385,0.0001024691761489,0.0250000103542385,0.0001024691761489,4648794,414354,9162,414354,9162,0.0891315037835619,0.0019708337259082,0.0891315037835619,0.0019708337259082
02-10-2021,99.91,37.99,-14.0,-4.0,-18.0,-17.0,-22.0,6.0,0.0250000004914424,2.9504850654374164e-05,0.0250000004914424,2.9504850654374164e-05,0.0249999943835434,9.71340345698814e-05,0.0249999943835434,9.71340345698814e-05,0.0250000101131337,0.000100769510458,0.0250000101131337,0.000100769510458,4648794,414687,9212,414687,9212,0.089203135264759,0.0019815892035654,0.089203135264759,0.0019815892035654
02-11-2021,97.69,36.83,-21.0,-7.0,-46.0,-24.0,-24.0,9.0,0.0250000004285891,2.6494362184470418e-05,0.0250000004285891,2.6494362184470418e-05,0.0249999952191996,8.862715099038148e-05,0.0249999952191996,8.862715099038148e-05,0.0250000099778917,9.97674186283103e-05,0.0250000099778917,9.97674186283103e-05,4648794,417415,9239,417415,9239,0.0897899541257366,0.0019873971615003,0.0897899541257366,0.0019873971615003
02-12-2021,116.45,47.28,-21.0,-4.0,-47.0,-27.0,-25.0,11.0,0.0250000004096403,2.548401747256173e-05,0.0250000004096403,2.548401747256173e-05,0.0249999958034111,8.297604417951076e-05,0.0249999958034111,8.297604417951076e-05,0.0250000096362308,9.69431530252747e-05,0.0250000096362308,9.69431530252747e-05,4648794,418585,9276,418585,9276,0.0900416323029155,0.0019953562149667,0.0900416323029155,0.0019953562149667
02-13-2021,108.57,53.12,-20.0,3.0,-54.0,-23.0,-17.0,7.0,0.0250000004163072,2.5571905975386803e-05,0.0250000004163072,2.5571905975386803e-05,0.0249999965933647,7.680346456902422e-05,0.0249999965933647,7.680346456902422e-05,0.0250000093819309,9.483129907032704e-05,0.0250000093819309,9.483129907032704e-05,4648794,418585,9276,418585,9276,0.0900416323029155,0.0019953562149667,0.0900416323029155,0.0019953562149667
02-14-2021,76.17,39.83,-24.0,3.0,-52.0,-34.0,-22.0,7.0,0.025000000488315,2.9093225007032023e-05,0.025000000488315,2.9093225007032023e-05,0.0249999950491608,8.31888128823298e-05,0.0249999950491608,8.31888128823298e-05,0.0250000089468827,9.11525381703879e-05,0.0250000089468827,9.11525381703879e-05,4648794,419891,9292,419891,9292,0.090322565379322,0.001998797967817,0.090322565379322,0.001998797967817
02-15-2021,41.08,21.51,-71.0,-53.0,-69.0,-66.0,-76.0,31.0,0.0250000004116838,2.61895111741754e-05,0.0250000004116838,2.61895111741754e-05,0.0249999959819225,7.52657715064311e-05,0.0249999959819225,7.52657715064311e-05,0.025000009133199,9.356661894744456e-05,0.025000009133199,9.356661894744456e-05,4648794,420394,9325,420394,9325,0.0904307654845536,0.0020058965830707,0.0904307654845536,0.0020058965830707
02-16-2021,60.07,26.22,-54.0,-30.0,-62.0,-56.0,-73.0,28.0,0.0250000004131852,2.6381079991657785e-05,0.0250000004131852,2.6381079991657785e-05,0.0250000038402205,8.675353126706273e-05,0.0250000038402205,8.675353126706273e-05,0.0250000094316357,9.684119090513669e-05,0.0250000094316357,9.684119090513669e-05,4648794,420394,9325,420394,9325,0.0904307654845536,0.0020058965830707,0.0904307654845536,0.0020058965830707
02-17-2021,77.88,30.12,-43.0,-27.0,-57.0,-45.0,-53.0,20.0,0.0250000003967786,2.606212049297517e-05,0.0250000003967786,2.606212049297517e-05,0.0250000035737744,8.163558167783784e-05,0.0250000035737744,8.163558167783784e-05,0.0250000083484647,8.664000881320692e-05,0.0250000083484647,8.664000881320692e-05,4648794,421018,9391,421018,9391,0.0905649938457156,0.0020200938135783,0.0905649938457156,0.0020200938135783
02-18-2021,86.13,34.54,-35.0,-17.0,-55.0,-39.0,-46.0,17.0,0.0250000003388875,2.3014909586649175e-05,0.0250000003388875,2.3014909586649175e-05,0.0250000032596593,7.449662189643767e-05,0.0250000032596593,7.449662189643767e-05,0.0250000081269197,8.468132992653764e-05,0.0250000081269197,8.468132992653764e-05,4648794,421846,9406,421846,9406,0.0907431045557191,0.0020233204568754,0.0907431045557191,0.0020233204568754
02-19-2021,105.64,44.69,-30.0,-11.0,-44.0,-36.0,-39.0,16.0,0.0250000003414393,2.289811769050123e-05,0.0250000003414393,2.289811769050123e-05,0.0250000031136192,7.12836121621115e-05,0.0250000031136192,7.12836121621115e-05,0.0250000076529843,8.028090637134068e-05,0.0250000076529843,8.028090637134068e-05,4648794,422287,9440,422287,9440,0.0908379678686558,0.0020306341816823,0.0908379678686558,0.0020306341816823
02-20-2021,108.84,51.02,-23.0,-6.0,-37.0,-20.0,-15.0,7.0,0.0250000003193824,2.167430413487266e-05,0.0250000003193824,2.167430413487266e-05,0.0250000030599028,6.993990912484174e-05,0.0250000030599028,6.993990912484174e-05,0.0250000072967555,7.702103441125402e-05,0.0250000072967555,7.702103441125402e-05,4648794,422287,9440,422287,9440,0.0908379678686558,0.0020306341816823,0.0908379678686558,0.0020306341816823
02-21-2021,82.22,34.66,-18.0,-2.0,-23.0,-17.0,-15.0,5.0,0.0250000003852335,2.485982213387726e-05,0.0250000003852335,2.485982213387726e-05,0.0250000033607539,7.690951783787755e-05,0.0250000033607539,7.690951783787755e-05,0.0250000068864319,7.333384397143261e-05,0.0250000068864319,7.333384397143261e-05,4648794,424176,9466,424176,9466,0.0912443098145454,0.0020362270300641,0.0912443098145454,0.0020362270300641
02-22-2021,101.93,39.39,-12.0,-3.0,-16.0,-17.0,-22.0,6.0,0.0250000004036371,2.5885661159127867e-05,0.0250000004036371,2.5885661159127867e-05,0.025000003096737,7.135026200879167e-05,0.025000003096737,7.135026200879167e-05,0.025000006694328,7.171754174236179e-05,0.025000006694328,7.171754174236179e-05,4648794,424644,9477,424644,9477,0.091344981085417,0.0020385932351487,0.091344981085417,0.0020385932351487
02-23-2021,107.32,40.7,-10.0,0.0,-12.0,-14.0,-22.0,5.0,0.0250000003512038,2.3935914344936323e-05,0.0250000003512038,2.3935914344936323e-05,0.0250000030656173,7.107274540540987e-05,0.0250000030656173,7.107274540540987e-05,0.0250000069221223,7.42431287318246e-05,0.0250000069221223,7.42431287318246e-05,4648794,426048,9503,426048,9503,0.0916469948980316,0.0020441860835304,0.0916469948980316,0.0020441860835304
02-24-2021,107.63,40.95,-9.0,-4.0,-9.0,-10.0,-21.0,5.0,0.0250000004168018,2.689477672193295e-05,0.0250000004168018,2.689477672193295e-05,0.0250000030888449,7.181657032943347e-05,0.0250000030888449,7.181657032943347e-05,0.0250000062899376,6.826677246601958e-05,0.0250000062899376,6.826677246601958e-05,4648794,426925,9528,426925,9528,0.0918356459761391,0.002049563822359,0.0918356459761391,0.002049563822359
02-25-2021,111.65,43.88,-12.0,-4.0,-18.0,-15.0,-21.0,6.0,0.0250000002687564,2.0347796693418905e-05,0.0250000002687564,2.0347796693418905e-05,0.0250000027060475,6.347577809878247e-05,0.0250000027060475,6.347577809878247e-05,0.0250000062350108,6.797746990080429e-05,0.0250000062350108,6.797746990080429e-05,4648794,427689,9561,427689,9561,0.0919999896747414,0.0020566624376128,0.0919999896747414,0.0020566624376128
02-26-2021,131.95,57.88,-14.0,-6.0,-14.0,-19.0,-20.0,6.0,0.0250000003055182,2.1654220215051187e-05,0.0250000003055182,2.1654220215051187e-05,0.025000002676621,6.26977946449467e-05,0.025000002676621,6.26977946449467e-05,0.0250000061211297,6.706157112995878e-05,0.0250000061211297,6.706157112995878e-05,4648794,428592,9587,428592,9587,0.0921942336012307,0.0020622552859946,0.0921942336012307,0.0020622552859946
02-27-2021,126.29,65.12,-13.0,-4.0,-17.0,-15.0,-12.0,3.0,0.0250000002807005,2.03421961521914e-05,0.0250000002807005,2.03421961521914e-05,0.0250000025095673,5.885895728677081e-05,0.0250000025095673,5.885895728677081e-05,0.0250000056527415,6.259342795026798e-05,0.0250000056527415,6.259342795026798e-05,4648794,428592,9587,428592,9587,0.0921942336012307,0.0020622552859946,0.0921942336012307,0.0020622552859946
02-28-2021,89.35,39.91,-11.0,-2.0,-3.0,-13.0,-15.0,3.0,0.0250000003390893,2.315539035073497e-05,0.0250000003390893,2.315539035073497e-05,0.0250000027809887,6.517586111990627e-05,0.0250000027809887,6.517586111990627e-05,0.0250000053038156,5.931941269366779e-05,0.0250000053038156,5.931941269366779e-05,4648794,430100,9608,430100,9608,0.0925186188073724,0.0020667725866106,0.0925186188073724,0.0020667725866106
03-01-2021,100.35,37.93,-14.0,-7.0,-30.0,-18.0,-20.0,6.0,0.0250000003135597,2.2247620625650768e-05,0.0250000003135597,2.2247620625650768e-05,0.0250000028382569,6.673001888524704e-05,0.0250000028382569,6.673001888524704e-05,0.0250000049324045,5.5789681205441445e-05,0.0250000049324045,5.5789681205441445e-05,4648794,430504,9628,430504,9628,0.0926055230668427,0.0020710747776735,0.0926055230668427,0.0020710747776735
03-02-2021,99.53,36.6,-14.0,-5.0,-44.0,-21.0,-23.0,8.0,0.0250000003385516,2.3481330467707453e-05,0.0250000003385516,2.3481330467707453e-05,0.0250000026558592,6.29366603515432e-05,0.0250000026558592,6.29366603515432e-05,0.0250000051274639,5.787727833001124e-05,0.0250000051274639,5.787727833001124e-05,4648794,431271,9647,431271,9647,0.0927705120941044,0.0020751618591832,0.0927705120941044,0.0020751618591832
03-03-2021,111.12,43.04,-3.0,4.0,-8.0,-10.0,-21.0,4.0,0.0250000003134319,2.246187425397312e-05,0.0250000003134319,2.246187425397312e-05,0.0250000029243487,6.903661388339085e-05,0.0250000029243487,6.903661388339085e-05,0.0250000047379504,5.416270341103159e-05,0.0250000047379504,5.416270341103159e-05,4648794,431771,9668,431771,9668,0.0928780668706765,0.0020796791597992,0.0928780668706765,0.0020796791597992
03-04-2021,116.97,46.24,-8.0,1.0,-9.0,-13.0,-21.0,5.0,0.0250000002942892,2.159380601072254e-05,0.0250000002942892,2.159380601072254e-05,0.0250000022851762,5.502064855703898e-05,0.0250000022851762,5.502064855703898e-05,0.0250000044349311,5.122462598802391e-05,0.0250000044349311,5.122462598802391e-05,4648794,432527,9686,432527,9686,0.0930406896928536,0.0020835511317558,0.0930406896928536,0.0020835511317558
03-05-2021,132.92,58.12,-13.0,-2.0,-17.0,-18.0,-21.0,6.0,0.025,1e-05,0.025,1e-05,0.025000002347115,5.647599426402236e-05,0.025000002347115,5.647599426402236e-05,0.0250000042139872,4.915186239889079e-05,0.0250000042139872,4.915186239889079e-05,4648794,433045,9716,433045,9716,0.0931521164413824,0.0020900044183502,0.0931521164413824,0.0020900044183502
03-06-2021,134.81,70.49,-10.0,1.0,-8.0,-11.0,-13.0,2.0,0.025,1e-05,0.025,1e-05,0.0250000021734744,5.252684781837077e-05,0.0250000021734744,5.252684781837077e-05,0.0250000039054136,4.61336860099405e-05,0.0250000039054136,4.61336860099405e-05,4648794,433045,9716,433045,9716,0.0931521164413824,0.0020900044183502,0.0931521164413824,0.0020900044183502
03-07-2021,95.67,44.57,-8.0,3.0,10.0,-10.0,-16.0,2.0,0.0250000002884781,2.1297887156625963e-05,0.0250000002884781,2.1297887156625963e-05,0.0250000024116571,5.808974285924999e-05,0.0250000024116571,5.808974285924999e-05,0.0250000037033212,4.425888453074567e-05,0.0250000037033212,4.425888453074567e-05,4648794,433785,9748,433785,9748,0.0933112975107092,0.0020968879240508,0.0933112975107092,0.0020968879240508
03-08-2021,105.97,42.8,-11.0,-3.0,-5.0,-17.0,-20.0,5.0,0.0250000002880113,2.1218325670760737e-05,0.0250000002880113,2.1218325670760737e-05,0.0250000023336058,5.637791902944114e-05,0.0250000023336058,5.637791902944114e-05,0.0250000035908624,4.319639139311478e-05,0.0250000035908624,4.319639139311478e-05,4648794,434289,9758,434289,9758,0.0934197127254939,0.0020990390195822,0.0934197127254939,0.0020990390195822
03-09-2021,110.73,43.5,-7.0,2.0,-5.0,-14.0,-22.0,5.0,0.0250000002779851,2.0887534841229124e-05,0.0250000002779851,2.0887534841229124e-05,0.0250000024322424,5.872743947847536e-05,0.0250000024322424,5.872743947847536e-05,0.0250000037604311,4.499138652724061e-05,0.0250000037604311,4.499138652724061e-05,4648794,434926,9769,434926,9769,0.0935567375108469,0.0021014052246668,0.0935567375108469,0.0021014052246668
03-10-2021,113.74,44.17,-6.0,-1.0,2.0,-9.0,-21.0,4.0,0.0250000002634946,2.042643465912732e-05,0.0250000002634946,2.042643465912732e-05,0.0250000023035916,5.615190889740541e-05,0.0250000023035916,5.615190889740541e-05,0.0250000035203273,4.269826817781848e-05,0.0250000035203273,4.269826817781848e-05,4648794,435514,9812,435514,9812,0.0936832219280957,0.002110654935452,0.0936832219280957,0.002110654935452
03-11-2021,119.11,49.12,-8.0,0.0,-7.0,-11.0,-21.0,5.0,0.0250000002754727,2.063710392800092e-05,0.0250000002754727,2.063710392800092e-05,0.0250000022597082,5.4883500371685176e-05,0.0250000022597082,5.4883500371685176e-05,0.0250000034872588,4.240356791912029e-05,0.0250000034872588,4.240356791912029e-05,4648794,435935,9828,435935,9828,0.0937737830499695,0.0021140966883023,0.0937737830499695,0.0021140966883023
03-12-2021,119.11,49.12,-10.0,-1.0,-3.0,-12.0,-21.0,5.0,0.0250000002896632,2.111826457517657e-05,0.0250000002896632,2.111826457517657e-05,0.0250000020895251,5.093590783993552e-05,0.0250000020895251,5.093590783993552e-05,0.0250000034737254,4.231835012439719e-05,0.0250000034737254,4.231835012439719e-05,4648794,436482,9861,436482,9861,0.0938914479755394,0.0021211953035561,0.0938914479755394,0.0021211953035561
03-13-2021,148.53,81.29,-3.0,4.0,0.0,1.0,-14.0,1.0,0.0250000002769949,2.029457929645384e-05,0.0250000002769949,2.029457929645384e-05,0.0250000020537492,4.975212693965769e-05,0.0250000020537492,4.975212693965769e-05,0.0250000032239212,3.977040966331932e-05,0.0250000032239212,3.977040966331932e-05,4648794,436482,9861,436482,9861,0.0938914479755394,0.0021211953035561,0.0938914479755394,0.0021211953035561
03-14-2021,103.22,54.76,-2.0,5.0,10.0,-1.0,-17.0,2.0,0.0250000003363258,2.311795371469664e-05,0.0250000003363258,2.311795371469664e-05,0.0250000023184324,5.571531534314312e-05,0.0250000023184324,5.571531534314312e-05,0.0250000031279815,3.88930362929196e-05,0.0250000031279815,3.88930362929196e-05,4648794,437393,9884,437393,9884,0.0940874127784539,0.0021261428232784,0.0940874127784539,0.0021261428232784
03-15-2021,114.6,51.84,-3.0,-1.0,-3.0,-9.0,-21.0,5.0,0.0250000002916942,2.1295089974986373e-05,0.0250000002916942,2.1295089974986373e-05,0.0250000023029743,5.5418536149443815e-05,0.0250000023029743,5.5418536149443815e-05,0.0250000029672514,3.730848862556849e-05,0.0250000029672514,3.730848862556849e-05,4648794,437565,9903,437565,9903,0.0941244116215947,0.0021302299047882,0.0941244116215947,0.0021302299047882
03-16-2021,117.71,52.54,0.0,4.0,-4.0,-8.0,-22.0,5.0,0.0250000003215474,2.2721972312574623e-05,0.0250000003215474,2.2721972312574623e-05,0.0250000022964239,5.53231353780286e-05,0.0250000022964239,5.53231353780286e-05,0.0250000031357119,3.904330735252212e-05,0.0250000031357119,3.904330735252212e-05,4648794,438557,9925,438557,9925,0.0943378002983139,0.0021349623149573,0.0943378002983139,0.0021349623149573
03-17-2021,111.36,51.2,0.0,1.0,-21.0,-7.0,-23.0,6.0,0.0250000003513657,2.405919378539654e-05,0.0250000003513657,2.405919378539654e-05,0.0250000023118682,5.566821223114808e-05,0.0250000023118682,5.566821223114808e-05,0.025000003154485,3.92753702326967e-05,0.025000003154485,3.92753702326967e-05,4648794,439002,9955,439002,9955,0.0944335240494631,0.0021414156015517,0.0944335240494631,0.0021414156015517
03-18-2021,139.0,63.02,5.0,6.0,-2.0,-3.0,-21.0,3.0,0.0250000002840186,2.092270411791068e-05,0.0250000002840186,2.092270411791068e-05,0.025000002326904,5.581367084295609e-05,0.025000002326904,5.581367084295609e-05,0.0250000030457997,3.816221726222711e-05,0.0250000030457997,3.816221726222711e-05,4648794,439543,9974,439543,9974,0.0945498983177142,0.0021455026830614,0.0945498983177142,0.0021455026830614
03-19-2021,157.08,77.89,-3.0,0.0,-11.0,-10.0,-21.0,5.0,0.0250000003055038,2.1752642022189387e-05,0.0250000003055038,2.1752642022189387e-05,0.025000002378237,5.684519311471552e-05,0.025000002378237,5.684519311471552e-05,0.0250000032227105,3.994433311782628e-05,0.0250000032227105,3.994433311782628e-05,4648794,439737,9988,439737,9988,0.0945916295710242,0.0021485142168054,0.0945916295710242,0.0021485142168054
03-20-2021,155.57,91.61,0.0,4.0,-5.0,0.0,-14.0,1.0,0.025,1e-05,0.025,1e-05,0.0250000022382469,5.3807659493621946e-05,0.0250000022382469,5.3807659493621946e-05,0.025000002824376,3.59059102543309e-05,0.025000002824376,3.59059102543309e-05,4648794,439737,9988,439737,9988,0.0945916295710242,0.0021485142168054,0.0945916295710242,0.0021485142168054
03-21-2021,111.34,55.95,4.0,7.0,21.0,2.0,-15.0,1.0,0.0250000003017968,2.2032064248661423e-05,0.0250000003017968,2.2032064248661423e-05,0.0250000024646442,5.927980619151353e-05,0.0250000024646442,5.927980619151353e-05,0.0250000028413334,3.614803489234456e-05,0.0250000028413334,3.614803489234456e-05,4648794,439737,9988,439737,9988,0.0945916295710242,0.0021485142168054,0.0945916295710242,0.0021485142168054
03-22-2021,114.24,49.39,-1.0,1.0,3.0,-10.0,-20.0,4.0,0.0250000002476153,2.0173534499310265e-05,0.0250000002476153,2.0173534499310265e-05,0.0250000021898495,5.392820494607904e-05,0.0250000021898495,5.392820494607904e-05,0.0250000026845743,3.46618983295797e-05,0.0250000026845743,3.46618983295797e-05,4648794,441066,10030,441066,10030,0.094877510167153,0.0021575488180375,0.094877510167153,0.0021575488180375
03-23-2021,100.58,40.14,-14.0,-8.0,-38.0,-19.0,-24.0,8.0,0.025,1e-05,0.025,1e-05,0.0250000023054013,5.657357380286669e-05,0.0250000023054013,5.657357380286669e-05,0.0250000028428611,3.629713135402783e-05,0.0250000028428611,3.629713135402783e-05,4648794,441771,10037,441771,10037,0.0950291624021197,0.0021590545849095,0.0950291624021197,0.0021590545849095
03-24-2021,113.37,47.24,-1.0,1.0,-20.0,-11.0,-23.0,6.0,0.025,1e-05,0.025,1e-05,0.0250000023752164,5.837998035185053e-05,0.0250000023752164,5.837998035185053e-05,0.0250000027513379,3.545714227265734e-05,0.0250000027513379,3.545714227265734e-05,4648794,442221,10056,442221,10056,0.0951259617010347,0.0021631416664192,0.0951259617010347,0.0021631416664192
03-25-2021,120.06,52.71,-5.0,0.0,-22.0,-12.0,-21.0,6.0,0.025,1e-05,0.025,1e-05,0.025000001996376,5.010983730078668e-05,0.025000001996376,5.010983730078668e-05,0.0250000028017854,3.602593502813794e-05,0.0250000028017854,3.602593502813794e-05,4648794,442620,10073,442620,10073,0.0952117904127393,0.0021667985288227,0.0952117904127393,0.0021667985288227
03-26-2021,149.51,76.62,-4.0,1.0,-2.0,-12.0,-21.0,4.0,0.025,1e-05,0.025,1e-05,0.0250000020029199,5.031862587870618e-05,0.0250000020029199,5.031862587870618e-05,0.025000002715798,3.52199695748189e-05,0.025000002715798,3.52199695748189e-05,4648794,443069,10087,443069,10087,0.0953083746021011,0.0021698100625667,0.0953083746021011,0.0021698100625667
03-27-2021,146.48,87.93,-2.0,2.0,-2.0,-7.0,-14.0,1.0,0.025,1e-05,0.025,1e-05,0.0250000017597115,4.501482035028861e-05,0.0250000017597115,4.501482035028861e-05,0.0250000026404684,3.4516768467320254e-05,0.0250000026404684,3.4516768467320254e-05,4648794,443069,10087,443069,10087,0.0953083746021011,0.0021698100625667,0.0953083746021011,0.0021698100625667
03-28-2021,100.88,52.75,-1.0,3.0,-9.0,-5.0,-17.0,2.0,0.025,1e-05,0.025,1e-05,0.0250000019404302,4.939304903091067e-05,0.0250000019404302,4.939304903091067e-05,0.0250000024844129,3.303019709343851e-05,0.0250000024844129,3.303019709343851e-05,4648794,443069,10087,443069,10087,0.0953083746021011,0.0021698100625667,0.0953083746021011,0.0021698100625667
03-29-2021,116.31,52.74,1.0,2.0,9.0,-9.0,-19.0,3.0,0.025,1e-05,0.025,1e-05,0.0250000017550445,4.584743770769779e-05,0.0250000017550445,4.584743770769779e-05,0.0250000023722884,3.2029555993632435e-05,0.0250000023722884,3.2029555993632435e-05,4648794,443905,10122,443905,10122,0.0954882061885297,0.0021773388969268,0.0954882061885297,0.0021773388969268
03-30-2021,118.75,52.51,2.0,5.0,-4.0,-10.0,-21.0,4.0,0.025,1e-05,0.025,1e-05,0.0250000016933525,4.445504327469064e-05,0.0250000016933525,4.445504327469064e-05,0.0250000025028311,3.342419089371313e-05,0.0250000025028311,3.342419089371313e-05,4648794,444414,10132,444414,10132,0.0955976969510802,0.0021794899924582,0.0955976969510802,0.0021794899924582
03-31-2021,121.19,52.62,4.0,5.0,-10.0,-7.0,-22.0,4.0,0.025,1e-05,0.025,1e-05,0.0250000015767263,4.189832623494265e-05,0.0250000015767263,4.189832623494265e-05,0.0250000024392327,3.287458066506027e-05,0.0250000024392327,3.287458066506027e-05,4648794,444933,10141,444933,10141,0.0957093388091621,0.0021814259784365,0.0957093388091621,0.0021814259784365
04-01-2021,140.34,62.84,10.0,14.0,-2.0,0.0,-22.0,2.0,0.025,1e-05,0.025,1e-05,0.0250000013305163,3.652005849752664e-05,0.0250000013305163,3.652005849752664e-05,0.0250000023882666,3.244462868950564e-05,0.0250000023882666,3.244462868950564e-05,4648794,445469,10161,445469,10161,0.0958246375296474,0.0021857281694994,0.0958246375296474,0.0021857281694994
04-02-2021,134.96,74.39,-4.0,9.0,4.0,-14.0,-48.0,10.0,0.025,1e-05,0.025,1e-05,0.0250000012622044,3.493291952180838e-05,0.0250000012622044,3.493291952180838e-05,0.0250000023467896,3.209502891917426e-05,0.0250000023467896,3.209502891917426e-05,4648794,445469,10161,445469,10161,0.0958246375296474,0.0021857281694994,0.0958246375296474,0.0021857281694994
04-03-2021,126.44,76.71,-4.0,14.0,-11.0,-9.0,-19.0,1.0,0.025,1e-05,0.025,1e-05,0.0250000012249024,3.4327629095671944e-05,0.0250000012249024,3.4327629095671944e-05,0.0250000022779792,3.1495228150358465e-05,0.0250000022779792,3.1495228150358465e-05,4648794,445469,10161,445469,10161,0.0958246375296474,0.0021857281694994,0.0958246375296474,0.0021857281694994
04-04-2021,92.46,49.43,-26.0,-2.0,13.0,-5.0,-26.0,-1.0,0.025,1e-05,0.025,1e-05,0.0250000013539776,3.7625455665532575e-05,0.0250000013539776,3.7625455665532575e-05,0.0250000022199299,3.103625419642319e-05,0.0250000022199299,3.103625419642319e-05,4648794,445469,10161,445469,10161,0.0958246375296474,0.0021857281694994,0.0958246375296474,0.0021857281694994
04-05-2021,122.07,55.09,1.0,2.0,10.0,-7.0,-31.0,5.0,0.025,1e-05,0.025,1e-05,0.0250000014537694,4.038633778691885e-05,0.0250000014537694,4.038633778691885e-05,0.0250000020539567,2.9492533804625395e-05,0.0250000020539567,2.9492533804625395e-05,4648794,446737,10165,446737,10165,0.0960973964430344,0.002186588607712,0.0960973964430344,0.002186588607712
04-06-2021,121.44,52.92,1.0,5.0,5.0,-7.0,-27.0,4.0,0.025,1e-05,0.025,1e-05,0.0250000009374612,2.9443299984784723e-05,0.0250000009374612,2.9443299984784723e-05,0.025000002133081,3.0451778091416748e-05,0.025000002133081,3.0451778091416748e-05,4648794,446955,10174,446955,10174,0.0961442903256199,0.0021885245936903,0.0961442903256199,0.0021885245936903
04-07-2021,121.54,53.18,2.0,3.0,6.0,-4.0,-26.0,4.0,0.025,1e-05,0.025,1e-05,0.0250000009289357,2.962167272724701e-05,0.0250000009289357,2.962167272724701e-05,0.0250000019408597,2.863758188976952e-05,0.0250000019408597,2.863758188976952e-05,4648794,447655,10185,447655,10185,0.0962948670128209,0.0021908907987749,0.0962948670128209,0.0021908907987749
04-08-2021,129.7,59.94,1.0,5.0,3.0,-6.0,-25.0,4.0,0.025,1e-05,0.025,1e-05,0.0250000007577659,2.6027497565165563e-05,0.0250000007577659,2.6027497565165563e-05,0.0250000019321729,2.867845079309436e-05,0.0250000019321729,2.867845079309436e-05,4648794,448104,10200,448104,10200,0.0963914512021827,0.002194117442072,0.0963914512021827,0.002194117442072
04-09-2021,145.79,74.14,-7.0,0.0,-5.0,-12.0,-25.0,5.0,0.025,1e-05,0.025,1e-05,0.0250000006366702,2.3336939081397027e-05,0.0250000006366702,2.3336939081397027e-05,0.025000001918057,2.863751974516065e-05,0.025000001918057,2.863751974516065e-05,4648794,448838,10216,448838,10216,0.0965493416141907,0.0021975591949223,0.0965493416141907,0.0021975591949223
04-10-2021,136.55,80.38,-7.0,0.0,-21.0,-7.0,-17.0,3.0,0.025,1e-05,0.025,1e-05,0.0250000005803413,2.1917500852857967e-05,0.0250000005803413,2.1917500852857967e-05,0.0250000016464817,2.5934014491767384e-05,0.0250000016464817,2.5934014491767384e-05,4648794,448838,10216,448838,10216,0.0965493416141907,0.0021975591949223,0.0965493416141907,0.0021975591949223
04-11-2021,106.79,53.92,0.0,7.0,30.0,-2.0,-16.0,0.0,0.025,1e-05,0.025,1e-05,0.0250000006987451,2.457365701943012e-05,0.0250000006987451,2.457365701943012e-05,0.0250000015884673,2.5429641881432687e-05,0.0250000015884673,2.5429641881432687e-05,4648794,448838,10216,448838,10216,0.0965493416141907,0.0021975591949223,0.0965493416141907,0.0021975591949223
04-12-2021,115.62,48.3,-3.0,1.0,7.0,-9.0,-19.0,3.0,0.025,1e-05,0.025,1e-05,0.0250000007932479,2.6822606123060663e-05,0.0250000007932479,2.6822606123060663e-05,0.0250000013822541,2.3424748084783367e-05,0.0250000013822541,2.3424748084783367e-05,4648794,449827,10241,449827,10241,0.0967620849622504,0.0022029369337509,0.0967620849622504,0.0022029369337509
04-13-2021,105.26,40.52,-13.0,-6.0,-33.0,-14.0,-22.0,7.0,0.025,1e-05,0.025,1e-05,0.025,1e-05,0.025,1e-05,0.0250000014628259,2.429346707051085e-05,0.0250000014628259,2.429346707051085e-05,4648794,450279,10255,450279,10255,0.0968593144802716,0.002205948467495,0.0968593144802716,0.002205948467495
04-14-2021,106.33,42.58,-10.0,-6.0,-36.0,-14.0,-23.0,7.0,0.025,1e-05,0.025,1e-05,0.025,1e-05,0.025,1e-05,0.025000001353123,2.3204504496409265e-05,0.025000001353123,2.3204504496409265e-05,4648794,450673,10264,450673,10264,0.0969440676442105,0.0022078844534733,0.0969440676442105,0.0022078844534733
04-15-2021,118.74,52.07,-4.0,2.0,-21.0,-11.0,-21.0,6.0,0.025,1e-05,0.025,1e-05,0.025,1e-05,0.025,1e-05,0.0250000012794867,2.2472635808334825e-05,0.0250000012794867,2.2472635808334825e-05,4648794,451476,10273,451476,10273,0.0971168006153854,0.0022098204394516,0.0971168006153854,0.0022098204394516
04-16-2021,133.99,70.36,-13.0,-6.0,-36.0,-17.0,-22.0,8.0,0.025,1e-05,0.025,1e-05,0.025,1e-05,0.025,1e-05,0.0250000011759385,2.1437385850755404e-05,0.0250000011759385,2.1437385850755404e-05,4648794,451955,10282,451955,10282,0.0972198380913415,0.0022117564254299,0.0972198380913415,0.0022117564254299
04-17-2021,130.06,76.59,-12.0,-4.0,-39.0,-13.0,-17.0,5.0,0.025,1e-05,0.025,1e-05,0.025,1e-05,0.025,1e-05,0.0250000010098601,1.975301648301499e-05,0.0250000010098601,1.975301648301499e-05,4648794,451955,10282,452420,10285,0.0972198380913415,0.0022117564254299,0.0973198640335536,0.0022124017540893
04-18-2021,101.78,53.6,-2.0,5.0,4.0,-4.0,-16.0,1.0,0.025,1e-05,0.025,1e-05,0.0250000006113749,2.1788141339337385e-05,0.0250000006201379,2.1923575174140555e-05,0.0250000009245796,1.8918174694807852e-05,0.0250000009271008,1.893610151595301e-05,4648794,451955,10282,452885,10289,0.0972198380913415,0.0022117564254299,0.0974198899757657,0.0022132621923019
04-19-2021,115.64,50.01,-3.0,2.0,6.0,-9.0,-19.0,3.0,0.025,1e-05,0.025,1e-05,0.0250000007066671,2.426031010796716e-05,0.0250000007345735,2.4700640084849298e-05,0.0250000008739666,1.845462760045862e-05,0.0250000008821733,1.8513558780756536e-05,4648794,453351,10293,453351,10293,0.097520131027531,0.0022141226305144,0.097520131027531,0.0022141226305144
04-20-2021,122.31,52.07,1.0,6.0,10.0,-7.0,-20.0,3.0,0.025,1e-05,0.025,1e-05,0.0250000007535347,2.5554916377771604e-05,0.025000000777271,2.595955997749972e-05,0.0250000009399505,1.917069174015482e-05,0.0250000009475233,1.9226977909096584e-05,4648794,453711,10306,453711,10306,0.0975975704666629,0.0022169190547053,0.0975975704666629,0.0022169190547053
04-21-2021,121.21,50.31,1.0,4.0,11.0,-4.0,-21.0,3.0,0.025,1e-05,0.025,1e-05,0.0250000007429938,2.5420138547302595e-05,0.0250000007628942,2.57888371246e-05,0.0250000010096931,1.9906432238900385e-05,0.0250000010166635,1.996012710968882e-05,4648794,454377,10316,454377,10316,0.097740833429057,0.0022190701502368,0.097740833429057,0.0022190701502368
04-22-2021,126.72,56.38,-3.0,3.0,7.0,-6.0,-20.0,3.0,0.025,1e-05,0.025,1e-05,0.0250000007074345,2.46683893451144e-05,0.0250000007238916,2.500224301795512e-05,0.0250000007342842,1.710548513339207e-05,0.0250000007406605,1.715648750067028e-05,4648794,455000,10324,455000,10324,0.097874846680666,0.0022207910266619,0.097874846680666,0.0022207910266619
04-23-2021,140.12,71.87,-10.0,-2.0,-13.0,-15.0,-20.0,6.0,0.025,1e-05,0.025,1e-05,0.0250000006116241,2.256156776066028e-05,0.0250000006249916,2.2861070613308644e-05,0.0250000007445231,1.7224761558075018e-05,0.0250000007503491,1.727320931636323e-05,4648794,455541,10336,455541,10336,0.097991220948917,0.0022233723412997,0.097991220948917,0.0022233723412997
04-24-2021,142.3,86.85,-6.0,2.0,-10.0,-8.0,-15.0,2.0,0.025,1e-05,0.025,1e-05,0.0250000005111302,2.026760133662302e-05,0.0250000005217655,2.0533605778130296e-05,0.0250000006619084,1.6378494617593216e-05,0.0250000006672184,1.6424471071734315e-05,4648794,455541,10336,455838,10336,0.097991220948917,0.0022233723412997,0.0980551084862009,0.0022233723412997
04-25-2021,107.34,56.14,-2.0,6.0,25.0,-3.0,-16.0,0.0,0.025,1e-05,0.025,1e-05,0.0250000006186908,2.2783645261591506e-05,0.0250000006269203,2.3016406450207344e-05,0.0250000005883161,1.564587996573437e-05,0.0250000005931405,1.568944509967827e-05,4648794,455541,10336,456135,10336,0.097991220948917,0.0022233723412997,0.0981189960234848,0.0022233723412997
04-26-2021,115.21,49.08,-5.0,0.0,10.0,-9.0,-19.0,3.0,0.025,1e-05,0.025,1e-05,0.0250000007037133,2.4915721327387104e-05,0.0250000007098703,2.5115964508159496e-05,0.0250000005319286,1.5108989417484327e-05,0.0250000005362954,1.515019242174258e-05,4648794,456432,10342,456432,10342,0.0981828835607686,0.0022246629986185,0.0981828835607686,0.0022246629986185
04-27-2021,117.39,48.16,-3.0,4.0,3.0,-8.0,-20.0,4.0,0.025,1e-05,0.025,1e-05,0.025,1e-05,0.025,1e-05,0.0250000005884669,1.5728468713877402e-05,0.0250000005924087,1.5767401715169677e-05,4648794,456884,10352,456884,10352,0.0982801130787899,0.00222681409415,0.0982801130787899,0.00222681409415
04-28-2021,123.2,50.96,0.0,4.0,15.0,-4.0,-20.0,3.0,0.025,1e-05,0.025,1e-05,0.025,1e-05,0.025,1e-05,0.0250000006471418,1.6358571595828227e-05,0.0250000006506845,1.6395281928173242e-05,4648794,457326,10367,457326,10367,0.0983751915012796,0.0022300407374471,0.0983751915012796,0.0022300407374471
04-29-2021,127.9,55.61,-3.0,4.0,1.0,-6.0,-21.0,3.0,0.025,1e-05,0.025,1e-05,0.025,1e-05,0.025,1e-05,0.0250000004278117,1.4117546121591516e-05,0.0250000004309737,1.4152014828519747e-05,4648794,457896,10376,457896,10376,0.0984978039465719,0.0022319767234254,0.0984978039465719,0.0022319767234254
04-30-2021,145.07,73.02,-6.0,1.0,-10.0,-11.0,-20.0,5.0,0.025,1e-05,0.025,1e-05,0.025,1e-05,0.025,1e-05,0.0250000004113297,1.395214960100816e-05,0.0250000004141397,1.3984455645408469e-05,4648794,458581,10382,458581,10382,0.0986451539904758,0.0022332673807443,0.0986451539904758,0.0022332673807443
05-01-2021,144.36,85.58,-5.0,4.0,-2.0,-4.0,-15.0,1.0,0.025,1e-05,0.025,1e-05,0.025,1e-05,0.025,1e-05,0.0250000004010525,1.385621533529855e-05,0.0250000004035354,1.3886407756215371e-05,4648794,458581,10382,458834,10382,0.0986451539904758,0.0022332673807443,0.0986995767074213,0.0022332673807443
05-02-2021,96.34,47.94,-9.0,2.0,-25.0,-6.0,-19.0,3.0,0.025,1e-05,0.025,1e-05,0.025,1e-05,0.025,1e-05,0.0250000002962559,1.2810865191609151e-05,0.025000000298437,1.2839007153716852e-05,4648794,458581,10382,459087,10382,0.0986451539904758,0.0022332673807443,0.0987539994243668,0.0022332673807443
05-03-2021,115.89,49.7,0.0,7.0,-1.0,-9.0,-19.0,3.0,0.025,1e-05,0.025,1e-05,0.025,1e-05,0.025,1e-05,0.0250000003469001,1.33775544413665e-05,0.0250000003488022,1.3403692463335138e-05,4648794,459340,10393,459340,10393,0.0988084221413123,0.0022356335858289,0.0988084221413123,0.0022356335858289
05-04-2021,112.48,47.5,-4.0,5.0,-20.0,-13.0,-20.0,5.0,0.025,1e-05,0.025,1e-05,0.025,1e-05,0.025,1e-05,0.0250000004009902,1.396638234034486e-05,0.0250000004026368,1.3990575147139356e-05,4648794,460337,10405,460337,10405,0.0990228863657972,0.0022382149004666,0.0990228863657972,0.0022382149004666
05-05-2021,120.99,52.64,3.0,6.0,-6.0,-7.0,-21.0,3.0,0.025,1e-05,0.025,1e-05,0.025,1e-05,0.025,1e-05,0.0250000004591229,1.458133310671954e-05,0.0250000004605352,1.4603622230252958e-05,4648794,460803,10418,460803,10418,0.0991231274175624,0.0022410113246575,0.0991231274175624,0.0022410113246575
05-06-2021,134.55,58.97,1.0,8.0,10.0,-4.0,-21.0,2.0,0.025,1e-05,0.025,1e-05,0.025,1e-05,0.025,1e-05,0.0250000004853226,1.4857488753899278e-05,0.0250000004865171,1.4877859939125423e-05,4648794,461210,10425,461210,10425,0.0992106770056922,0.0022425170915295,0.0992106770056922,0.0022425170915295
05-07-2021,160.67,80.53,-2.0,7.0,11.0,-8.0,-20.0,3.0,0.025,1e-05,0.025,1e-05,0.025,1e-05,0.025,1e-05,0.0250000004747106,1.4750364975009582e-05,0.0250000004757111,1.476890913166197e-05,4648794,461773,10433,461773,10433,0.0993317836841124,0.0022442379679546,0.0993317836841124,0.0022442379679546
05-08-2021,153.2,88.29,1.0,19.0,4.0,0.0,-14.0,-1.0,0.025,1e-05,0.025,1e-05,0.025,1e-05,0.025,1e-05,0.0250000004467212,1.446387257301944e-05,0.0250000004475459,1.448061349260385e-05,4648794,461773,10433,462137,10433,0.0993317836841124,0.0022442379679546,0.099410083561457,0.0022442379679546
05-09-2021,99.21,50.85,-3.0,16.0,3.0,-2.0,-18.0,-1.0,0.025,1e-05,0.025,1e-05,0.025,1e-05,0.025,1e-05,0.0250000003815814,1.3812254911737485e-05,0.0250000003822497,1.382724399867072e-05,4648794,461773,10433,462501,10433,0.0993317836841124,0.0022442379679546,0.0994883834388015,0.0022442379679546
05-10-2021,110.56,47.64,-10.0,-1.0,-21.0,-14.0,-23.0,7.0,0.025,1e-05,0.025,1e-05,0.025,1e-05,0.025,1e-05,0.0250000003019161,1.3028027547293947e-05,0.0250000003024459,1.3041297848317058e-05,4648794,462868,10438,462868,10438,0.0995673286448055,0.0022453135157204,0.0995673286448055,0.0022453135157204
05-11-2021,113.23,48.65,-8.0,4.0,-24.0,-13.0,-22.0,6.0,0.025,1e-05,0.025,1e-05,0.025,1e-05,0.025,1e-05,0.0250000003501087,1.3555640975645666e-05,0.0250000003505187,1.3567253177203503e-05,4648794,463517,10451,463517,10451,0.0997069347447961,0.0022481099399112,0.0997069347447961,0.0022481099399112
05-12-2021,120.09,52.44,-1.0,7.0,-10.0,-5.0,-22.0,5.0,0.025,1e-05,0.025,1e-05,0.025,1e-05,0.025,1e-05,0.0250000004037061,1.4117632162669057e-05,0.0250000004040128,1.4127622382214083e-05,4648794,463997,10463,463997,10463,0.0998101873303054,0.002250691254549,0.0998101873303054,0.002250691254549
05-13-2021,134.52,62.37,1.0,8.0,7.0,-5.0,-21.0,3.0,0.025,1e-05,0.025,1e-05,0.025,1e-05,0.025,1e-05,0.0250000002605337,1.2644077575639885e-05,0.0250000002607529,1.2652467851949172e-05,4648794,464412,10469,464412,10469,0.0998994577948603,0.0022519819118678,0.0998994577948603,0.0022519819118678
05-14-2021,161.54,85.73,-3.0,4.0,12.0,-8.0,-21.0,3.0,0.025,1e-05,0.025,1e-05,0.025,1e-05,0.025,1e-05,0.0250000002052739,1.2074047477390454e-05,0.025000000205421,1.2080880784494552e-05,4648794,464833,10478,464833,10478,0.0999900189167341,0.0022539178978461,0.0999900189167341,0.0022539178978461
05-15-2021,154.24,98.59,-4.0,7.0,11.0,2.0,-16.0,0.0,0.025,1e-05,0.025,1e-05,0.025,1e-05,0.025,1e-05,0.025000000191258,1.1922976815639957e-05,0.0250000001913484,1.1928291737667629e-05,4648794,464833,10478,465203,10478,0.0999900189167341,0.0022539178978461,0.1000696094513975,0.0022539178978461
05-16-2021,111.54,61.24,-1.0,8.0,20.0,2.0,-15.0,0.0,0.025,1e-05,0.025,1e-05,0.025,1e-05,0.025,1e-05,0.025000000170201,1.1720138228012693e-05,0.0250000001702489,1.1723967391928976e-05,4648794,464833,10478,465573,10478,0.0999900189167341,0.0022539178978461,0.1001491999860609,0.0022539178978461
05-17-2021,116.38,50.86,-11.0,-3.0,-27.0,-11.0,-22.0,6.0,0.025,1e-05,0.025,1e-05,0.025,1e-05,0.025,1e-05,0.02500000014463,1.1486350613374942e-05,0.0250000001446495,1.148873321712763e-05,4648794,465946,10489,465946,10489,0.1002294358493837,0.0022562841029307,0.1002294358493837,0.0022562841029307
05-18-2021,120.91,51.4,-5.0,6.0,-24.0,-10.0,-27.0,8.0,0.025,1e-05,0.025,1e-05,0.025,1e-05,0.025,1e-05,0.0250000001950253,1.2018811480997125e-05,0.0250000001701631,1.1765501577608654e-05,4648794,466440,10500,466440,10500,0.100335699968637,0.0022586503080153,0.100335699968637,0.0022586503080153
05-19-2021,120.57,53.24,-2.0,4.0,-10.0,-7.0,-23.0,5.0,0.025,1e-05,0.025,1e-05,0.025,1e-05,0.025,1e-05,0.0250000002490462,1.2575736170074584e-05,0.0250000001913978,1.198580755757107e-05,4648794,467055,10509,467055,10509,0.1004679923438207,0.0022605862939936,0.1004679923438207,0.0022605862939936
05-20-2021,127.26,60.69,-6.0,2.0,-25.0,-10.0,-23.0,7.0,0.025,1e-05,0.025,1e-05,0.025,1e-05,0.025,1e-05,0.0250000002143108,1.2217353327540574e-05,0.0250000002143108,1.2217353327540574e-05,4648794,467475,10517,467475,10517,0.1005583383561414,0.0022623071704188,0.1005583383561414,0.0022623071704188
05-21-2021,151.19,83.23,-7.0,2.0,-14.0,-15.0,-22.0,6.0,0.025,1e-05,0.025,1e-05,0.025,1e-05,0.025,1e-05,0.0250000001678319,1.1730995399639644e-05,0.0250000001678319,1.1730995399639644e-05,4648794,467815,10522,467815,10522,0.1006314756042104,0.0022633827181845,0.1006314756042104,0.0022633827181845
05-22-2021,152.72,95.74,-5.0,5.0,-1.0,-3.0,-14.0,1.0,0.025,1e-05,0.025,1e-05,0.025,1e-05,0.025,1e-05,0.0250000001423831,1.1467660055139442e-05,0.0250000001423831,1.1467660055139442e-05,4648794,467815,10522,468010,10522,0.1006314756042104,0.0022633827181845,0.1006734219670736,0.0022633827181845
05-23-2021,110.66,59.82,-3.0,7.0,16.0,-2.0,-14.0,1.0,0.025,1e-05,0.025,1e-05,0.025,1e-05,0.025,1e-05,0.0250000001271279,1.1327002149692884e-05,0.0250000001271279,1.1327002149692884e-05,4648794,467815,10522,468205,10522,0.1006314756042104,0.0022633827181845,0.1007153683299367,0.0022633827181845
05-24-2021,126.56,56.66,-2.0,3.0,9.0,-8.0,-22.0,4.0,0.025,1e-05,0.025,1e-05,0.025,1e-05,0.025,1e-05,0.025,1e-05,0.025,1e-05,4648794,468402,10535,468402,10535,0.1007577449119061,0.0022661791423754,0.1007577449119061,0.0022661791423754
05-25-2021,129.93,56.96,1.0,7.0,7.0,-4.0,-22.0,3.0,0.025,1e-05,0.025,1e-05,0.025,1e-05,0.025,1e-05,0.0250000001250881,1.1348258998943935e-05,0.0250000001243095,1.1341141829760696e-05,4648794,469445,10548,469445,10548,0.1009821041758357,0.0022689755665662,0.1009821041758357,0.0022689755665662
05-26-2021,132.45,57.68,3.0,7.0,14.0,1.0,-23.0,3.0,0.025,1e-05,0.025,1e-05,0.025,1e-05,0.025,1e-05,0.0250000001796729,1.190378627858667e-05,0.0250000001780364,1.188886660830133e-05,4648794,469864,10562,469864,10562,0.1010722350786031,0.0022719871003103,0.1010722350786031,0.0022719871003103
05-27-2021,144.65,64.54,2.0,9.0,10.0,0.0,-24.0,3.0,0.025,1e-05,0.025,1e-05,0.025,1e-05,0.025,1e-05,0.0250000001907361,1.1995452437729028e-05,0.0250000001907361,1.1995452437729028e-05,4648794,470331,10570,470331,10570,0.1011726912399215,0.0022737079767354,0.1011726912399215,0.0022737079767354
05-28-2021,164.0,88.57,-2.0,7.0,8.0,-4.0,-25.0,4.0,0.025,1e-05,0.025,1e-05,0.025,1e-05,0.025,1e-05,0.025000000172354,1.1781493781898834e-05,0.025000000172354,1.1781493781898834e-05,4648794,470685,10576,470685,10576,0.1012488400217346,0.0022749986340543,0.1012488400217346,0.0022749986340543
05-29-2021,147.84,104.57,-5.0,8.0,3.0,3.0,-15.0,1.0,0.025,1e-05,0.025,1e-05,0.025,1e-05,0.025,1e-05,0.0250000001140499,1.1160802819094743e-05,0.0250000001140499,1.1160802819094743e-05,4648794,470685,10576,470929,10576,0.1012488400217346,0.0022749986340543,0.1013013267527018,0.0022749986340543
05-30-2021,117.85,82.06,3.0,14.0,41.0,1.0,-15.0,-1.0,0.025,1e-05,0.025,1e-05,0.025,1e-05,0.025,1e-05,0.025,1e-05,0.025,1e-05,4648794,470685,10576,471173,10576,0.1012488400217346,0.0022749986340543,0.101353813483669,0.0022749986340543
05-31-2021,112.03,55.17,-11.0,1.0,22.0,-15.0,-61.0,12.0,0.025,1e-05,0.025,1e-05,0.025,1e-05,0.025,1e-05,0.0250000000955799,1.0991535264264194e-05,0.0250000000955799,1.0991535264264194e-05,4648794,470685,10576,471417,10576,0.1012488400217346,0.0022749986340543,0.1014063002146363,0.0022749986340543
06-01-2021,132.41,57.2,1.0,11.0,-4.0,-2.0,-26.0,4.0,0.025,1e-05,0.025,1e-05,0.025,1e-05,0.025,1e-05,0.0250000001381123,1.1463448508406206e-05,0.0250000001374459,1.1457365401224265e-05,4648794,471663,10592,471663,10592,0.1014592171647098,0.0022784403869046,0.1014592171647098,0.0022784403869046
06-02-2021,131.97,57.44,3.0,9.0,8.0,1.0,-26.0,4.0,0.025,1e-05,0.025,1e-05,0.025,1e-05,0.025,1e-05,0.0250000001887693,1.1991008686802382e-05,0.0250000001873743,1.1978291563547986e-05,4648794,472304,10595,472304,10595,0.1015971023882753,0.002279085715564,0.1015971023882753,0.002279085715564
06-03-2021,136.75,62.35,1.0,10.0,-1.0,-2.0,-25.0,4.0,0.025,1e-05,0.025,1e-05,0.025,1e-05,0.025,1e-05,0.0250000001494671,1.1600505245463828e-05,0.0250000001494671,1.1600505245463828e-05,4648794,472617,10605,472617,10605,0.1016644316784095,0.0022812368110955,0.1016644316784095,0.0022812368110955
06-04-2021,152.15,78.43,-7.0,3.0,-6.0,-9.0,-25.0,6.0,0.025,1e-05,0.025,1e-05,0.025,1e-05,0.025,1e-05,0.0250000001049498,1.1145577887724236e-05,0.0250000001049498,1.1145577887724236e-05,4648794,472981,10615,472981,10615,0.101742731555754,0.0022833879066269,0.101742731555754,0.0022833879066269
06-05-2021,137.37,79.89,-9.0,5.0,-27.0,-3.0,-14.0,4.0,0.025,1e-05,0.025,1e-05,0.025,1e-05,0.025,1e-05,0.025,1e-05,0.025,1e-05,4648794,472981,10615,473245,10615,0.101742731555754,0.0022833879066269,0.1017995204777841,0.0022833879066269
06-06-2021,103.95,51.06,-11.0,2.0,-20.0,-1.0,-14.0,3.0,0.025,1e-05,0.025,1e-05,0.025,1e-05,0.025,1e-05,0.025,1e-05,0.025,1e-05,4648794,472981,10615,473509,10615,0.101742731555754,0.0022833879066269,0.1018563093998142,0.0022833879066269
06-07-2021,126.6,56.49,-3.0,5.0,2.0,-7.0,-25.0,5.0,0.025,1e-05,0.025,1e-05,0.025,1e-05,0.025,1e-05,0.025,1e-05,0.025,1e-05,4648794,473777,10619,473777,10619,0.1019139587600569,0.0022842483448395,0.1019139587600569,0.0022842483448395
06-08-2021,129.57,56.92,1.0,9.0,4.0,-4.0,-25.0,4.0,0.025,1e-05,0.025,1e-05,0.025,1e-05,0.025,1e-05,0.025,1e-05,0.025,1e-05,4648794,473879,10622,473879,10622,0.1019358999344776,0.0022848936734989,0.1019358999344776,0.0022848936734989
06-09-2021,133.43,57.22,2.0,8.0,15.0,1.0,-26.0,3.0,0.025,1e-05,0.025,1e-05,0.025,1e-05,0.025,1e-05,0.0250000001099261,1.1295514985162747e-05,0.0250000001080781,1.1278415196845508e-05,4648794,474653,10631,474653,10631,0.1021023947286113,0.0022868296594772,0.1021023947286113,0.0022868296594772
06-10-2021,143.58,66.08,0.0,8.0,5.0,-1.0,-25.0,4.0,0.025,1e-05,0.025,1e-05,0.025,1e-05,0.025,1e-05,0.0250000001106043,1.132767551489254e-05,0.0250000001106043,1.132767551489254e-05,4648794,475126,10638,475126,10638,0.1022041415472485,0.0022883354263492,0.1022041415472485,0.0022883354263492
06-11-2021,163.35,85.19,-5.0,4.0,7.0,-7.0,-26.0,5.0,0.025,1e-05,0.025,1e-05,0.025,1e-05,0.025,1e-05,0.025,1e-05,0.025,1e-05,4648794,475354,10648,475354,10648,0.1022531865253655,0.0022904865218807,0.1022531865253655,0.0022904865218807
06-12-2021,158.02,95.86,-7.0,5.0,3.0,3.0,-13.0,1.0,0.025,1e-05,0.025,1e-05,0.025,1e-05,0.025,1e-05,0.025,1e-05,0.025,1e-05,4648794,475354,10648,475538,10648,0.1022531865253655,0.0022904865218807,0.102292766683144,0.0022904865218807
06-13-2021,115.67,57.48,-4.0,6.0,8.0,4.0,-14.0,1.0,0.025,1e-05,0.025,1e-05,0.025,1e-05,0.025,1e-05,0.025,1e-05,0.025,1e-05,4648794,475354,10648,475722,10648,0.1022531865253655,0.0022904865218807,0.1023323468409226,0.0022904865218807
06-14-2021,131.92,59.23,-1.0,5.0,4.0,-3.0,-26.0,4.0,0.025,1e-05,0.025,1e-05,0.025,1e-05,0.025,1e-05,0.025,1e-05,0.025,1e-05,4648794,475908,10655,475908,10655,0.1023723572178074,0.0022919922887527,0.1023723572178074,0.0022919922887527
06-15-2021,132.99,57.89,1.0,8.0,-1.0,-3.0,-25.0,4.0,0.025,1e-05,0.025,1e-05,0.025,1e-05,0.025,1e-05,0.025,1e-05,0.025,1e-05,4648794,476467,10660,476467,10660,0.1024926034580151,0.0022930678365184,0.1024926034580151,0.0022930678365184
06-16-2021,137.11,59.57,3.0,8.0,14.0,3.0,-26.0,3.0,0.025,1e-05,0.025,1e-05,0.025,1e-05,0.025,1e-05,0.025,1e-05,0.025,1e-05,4648794,476792,10670,476792,10670,0.102562514062787,0.0022952189320499,0.102562514062787,0.0022952189320499
06-17-2021,147.44,66.24,2.0,11.0,10.0,3.0,-26.0,3.0,0.025,1e-05,0.025,1e-05,0.025,1e-05,0.025,1e-05,0.025,1e-05,0.025,1e-05,4648794,477127,10677,477127,10677,0.1026345757630903,0.0022967246989219,0.1026345757630903,0.0022967246989219
06-18-2021,154.25,64.99,-9.0,4.0,-19.0,-7.0,-29.0,8.0,0.025,1e-05,0.025,1e-05,0.025,1e-05,0.025,1e-05,0.025,1e-05,0.025,1e-05,4648794,477453,10688,477453,10688,0.1027047014774154,0.0022990909040065,0.1027047014774154,0.0022990909040065
06-19-2021,133.3,74.93,-7.0,6.0,-18.0,-3.0,-16.0,3.0,0.025,1e-05,0.025,1e-05,0.025,1e-05,0.025,1e-05,0.025,1e-05,0.025,1e-05,4648794,477453,10688,477681,10688,0.1027047014774154,0.0022990909040065,0.1027537464555323,0.0022990909040065
06-20-2021,96.64,48.24,-8.0,7.0,-6.0,-1.0,-17.0,1.0,0.025,1e-05,0.025,1e-05,0.025,1e-05,0.025,1e-05,0.025,1e-05,0.025,1e-05,4648794,477453,10688,477909,10688,0.1027047014774154,0.0022990909040065,0.1028027914336492,0.0022990909040065
06-21-2021,121.83,49.11,-11.0,-5.0,-21.0,-8.0,-27.0,7.0,0.025,1e-05,0.025,1e-05,0.025,1e-05,0.025,1e-05,0.025,1e-05,0.025,1e-05,4648794,478139,10693,478139,10693,0.1028522666308724,0.0023001664517722,0.1028522666308724,0.0023001664517722
06-22-2021,130.93,54.89,-2.0,5.0,-7.0,-3.0,-26.0,6.0,0.025,1e-05,0.025,1e-05,0.025,1e-05,0.025,1e-05,0.025,1e-05,0.025,1e-05,4648794,478464,10699,478464,10699,0.1029221772356443,0.002301457109091,0.1029221772356443,0.002301457109091
06-23-2021,131.49,57.62,-1.0,4.0,6.0,2.0,-26.0,4.0,0.025,1e-05,0.025,1e-05,0.025,1e-05,0.025,1e-05,0.025,1e-05,0.025,1e-05,4648794,478946,10709,478946,10709,0.1030258600402599,0.0023036082046225,0.1030258600402599,0.0023036082046225
06-24-2021,140.64,65.19,-3.0,4.0,-2.0,0.0,-26.0,5.0,0.025,1e-05,0.025,1e-05,0.025,1e-05,0.025,1e-05,0.025,1e-05,0.025,1e-05,4648794,479311,10717,479311,10717,0.1031043750271575,0.0023053290810476,0.1031043750271575,0.0023053290810476
06-25-2021,161.52,84.81,-7.0,1.0,-1.0,-6.0,-27.0,6.0,0.025,1e-05,0.025,1e-05,0.025,1e-05,0.025,1e-05,0.025,1e-05,0.025,1e-05,4648794,479521,10723,479521,10723,0.1031495480333178,0.0023066197383665,0.1031495480333178,0.0023066197383665
06-26-2021,155.41,95.61,-7.0,2.0,0.0,3.0,-13.0,1.0,0.025,1e-05,0.025,1e-05,0.025,1e-05,0.025,1e-05,0.025,1e-05,0.025,1e-05,4648794,479521,10723,479834,10724,0.1031495480333178,0.0023066197383665,0.103216877323452,0.0023068348479196
06-27-2021,110.48,59.14,-6.0,2.0,-5.0,4.0,-14.0,2.0,0.025,1e-05,0.025,1e-05,0.025,1e-05,0.025,1e-05,0.025,1e-05,0.025,1e-05,4648794,479521,10723,480147,10725,0.1031495480333178,0.0023066197383665,0.1032842066135862,0.0023070499574728
06-28-2021,125.73,56.77,-5.0,1.0,-6.0,-4.0,-26.0,3.0,0.025,1e-05,0.025,1e-05,0.025,1e-05,0.025,1e-05,0.025,1e-05,0.025,1e-05,4648794,480463,10728,480463,10728,0.1033521812323798,0.0023076952861322,0.1033521812323798,0.0023076952861322
06-29-2021,132.37,55.54,-4.0,2.0,-9.0,-5.0,-27.0,4.0,0.025,1e-05,0.025,1e-05,0.025,1e-05,0.025,1e-05,0.025,1e-05,0.025,1e-05,4648794,480876,10732,480876,10732,0.1034410214778284,0.0023085557243448,0.1034410214778284,0.0023085557243448
06-30-2021,134.94,55.95,2.0,6.0,7.0,6.0,-26.0,4.0,0.025,1e-05,0.025,1e-05,0.025,1e-05,0.025,1e-05,0.025,1e-05,0.025,1e-05,4648794,481467,10738,481467,10738,0.1035681512237367,0.0023098463816637,0.1035681512237367,0.0023098463816637
07-01-2021,145.46,61.93,3.0,12.0,1.0,6.0,-27.0,4.0,0.025,1e-05,0.025,1e-05,0.025,1e-05,0.025,1e-05,0.025,1e-05,0.025,1e-05,4648794,482035,10748,482035,10748,0.1036903334499227,0.0023119974771951,0.1036903334499227,0.0023119974771951
07-02-2021,161.14,74.89,-3.0,9.0,-3.0,-1.0,-30.0,6.0,0.025,1e-05,0.025,1e-05,0.025,1e-05,0.025,1e-05,0.025,1e-05,0.025,1e-05,4648794,482560,10757,482560,10757,0.1038032659653234,0.0023139334631734,0.1038032659653234,0.0023139334631734
07-03-2021,137.39,85.01,-8.0,11.0,-12.0,3.0,-18.0,3.0,0.025,1e-05,0.025,1e-05,0.025,1e-05,0.025,1e-05,0.025,1e-05,0.025,1e-05,4648794,482560,10757,483063,10758,0.1038032659653234,0.0023139334631734,0.103911466070555,0.0023141485727266
07-04-2021,104.93,70.0,-14.0,10.0,30.0,-4.0,-22.0,0.0,0.025,1e-05,0.025,1e-05,0.025,1e-05,0.025,1e-05,0.025,1e-05,0.025,1e-05,4648794,482560,10757,483566,10759,0.1038032659653234,0.0023139334631734,0.1040196661757866,0.0023143636822797
07-05-2021,112.0,52.83,-8.0,0.0,0.0,-9.0,-61.0,14.0,0.025,1e-05,0.025,1e-05,0.025,1e-05,0.025,1e-05,0.025,1e-05,0.025,1e-05,4648794,482560,10757,484069,10760,0.1038032659653234,0.0023139334631734,0.1041278662810182,0.0023145787918328
07-06-2021,129.02,58.53,-3.0,7.0,-6.0,-2.0,-28.0,6.0,0.025,1e-05,0.025,1e-05,0.025,1e-05,0.025,1e-05,0.025,1e-05,0.025,1e-05,4648794,484577,10763,484577,10763,0.1042371419340155,0.0023152241204923,0.1042371419340155,0.0023152241204923
07-07-2021,130.28,57.86,-1.0,6.0,1.0,1.0,-28.0,5.0,0.025,1e-05,0.025,1e-05,0.025,1e-05,0.025,1e-05,0.025,1e-05,0.025,1e-05,4648794,485803,10765,485803,10765,0.1045008662461705,0.0023156543395986,0.1045008662461705,0.0023156543395986
07-08-2021,137.06,63.56,-4.0,6.0,-5.0,-1.0,-27.0,5.0,0.025,1e-05,0.025,1e-05,0.025,1e-05,0.025,1e-05,0.025,1e-05,0.025,1e-05,4648794,486589,10771,486589,10771,0.1046699423549419,0.0023169449969174,0.1046699423549419,0.0023169449969174
07-09-2021,154.73,79.22,-8.0,2.0,-5.0,-6.0,-27.0,7.0,0.025,1e-05,0.025,1e-05,0.025,1e-05,0.025,1e-05,0.025,1e-05,0.025,1e-05,4648794,487558,10781,487558,10781,0.1048783835119387,0.0023190960924489,0.1048783835119387,0.0023190960924489
07-10-2021,144.48,85.78,-9.0,4.0,-11.0,5.0,-14.0,2.0,0.025,1e-05,0.025,1e-05,0.025,1e-05,0.025,1e-05,0.025,1e-05,0.025,1e-05,4648794,487558,10781,488355,10783,0.1048783835119387,0.0023190960924489,0.1050498258257948,0.0023195263115552
07-11-2021,107.07,54.8,-9.0,3.0,-10.0,4.0,-15.0,3.0,0.025,1e-05,0.025,1e-05,0.025,1e-05,0.025,1e-05,0.025,1e-05,0.025,1e-05,4648794,487558,10781,489152,10785,0.1048783835119387,0.0023190960924489,0.1052212681396508,0.0023199565306615
07-12-2021,124.84,57.23,-6.0,3.0,-7.0,-4.0,-27.0,6.0,0.025,1e-05,0.025,1e-05,0.025,1e-05,0.025,1e-05,0.025,1e-05,0.025,1e-05,4648794,489951,10789,489951,10789,0.1053931406726131,0.002320816968874,0.1053931406726131,0.002320816968874
07-13-2021,130.18,57.34,-2.0,8.0,-4.0,-2.0,-27.0,5.0,0.025,1e-05,0.025,1e-05,0.025,1e-05,0.025,1e-05,0.025,1e-05,0.025,1e-05,4648794,490904,10798,490904,10798,0.1055981400767596,0.0023227529548523,0.1055981400767596,0.0023227529548523
07-14-2021,134.62,58.8,1.0,8.0,8.0,3.0,-26.0,4.0,0.025,1e-05,0.025,1e-05,0.025,1e-05,0.025,1e-05,0.025,1e-05,0.025,1e-05,4648794,492840,10808,492840,10808,0.1060145921716471,0.0023249040503838,0.1060145921716471,0.0023249040503838
07-15-2021,139.28,65.09,0.0,9.0,-6.0,0.0,-26.0,5.0,0.025,1e-05,0.025,1e-05,0.025,1e-05,0.025,1e-05,0.025,1e-05,0.025,1e-05,4648794,494340,10821,494340,10821,0.1063372565013635,0.0023277004745746,0.1063372565013635,0.0023277004745746
07-16-2021,159.35,81.85,-7.0,3.0,-10.0,-4.0,-27.0,6.0,0.025,1e-05,0.025,1e-05,0.025,1e-05,0.025,1e-05,0.025,1e-05,0.025,1e-05,4648794,495945,10828,495945,10828,0.1066825073341602,0.0023292062414467,0.1066825073341602,0.0023292062414467
07-17-2021,149.0,89.83,-7.0,5.0,-12.0,5.0,-14.0,2.0,0.025,1e-05,0.025,1e-05,0.025,1e-05,0.025,1e-05,0.025,1e-05,0.025,1e-05,4648794,495945,10828,497273,10832,0.1066825073341602,0.0023292062414467,0.1069681728207358,0.0023300666796592
07-18-2021,111.42,59.11,-5.0,7.0,-1.0,5.0,-15.0,2.0,0.025,1e-05,0.025,1e-05,0.025,1e-05,0.025,1e-05,0.025,1e-05,0.025,1e-05,4648794,495945,10828,498601,10836,0.1066825073341602,0.0023292062414467,0.1072538383073115,0.0023309271178718
07-19-2021,124.69,56.12,-6.0,3.0,-12.0,-4.0,-27.0,6.0,0.025,1e-05,0.025,1e-05,0.025,1e-05,0.025,1e-05,0.025,1e-05,0.025,1e-05,4648794,499932,10841,499932,10841,0.1075401491225466,0.0023320026656375,0.1075401491225466,0.0023320026656375
07-20-2021,124.63,55.48,-2.0,7.0,-14.0,-3.0,-28.0,6.0,0.025,1e-05,0.025,1e-05,0.025,1e-05,0.025,1e-05,0.025,1e-05,0.025,1e-05,4648794,501494,10861,501494,10861,0.107876150244558,0.0023363048567004,0.107876150244558,0.0023363048567004
07-21-2021,130.6,60.31,0.0,8.0,5.0,2.0,-27.0,4.0,0.025,1e-05,0.025,1e-05,0.025,1e-05,0.025,1e-05,0.025,1e-05,0.025,1e-05,4648794,506882,10874,506882,10874,0.1090351605168996,0.0023391012808913,0.1090351605168996,0.0023391012808913
07-22-2021,137.67,67.97,-3.0,8.0,-3.0,1.0,-27.0,5.0,0.025,1e-05,0.025,1e-05,0.025,1e-05,0.025,1e-05,0.025,1e-05,0.025,1e-05,4648794,509716,10889,509716,10889,0.1096447809905106,0.0023423279241885,0.1096447809905106,0.0023423279241885
07-23-2021,154.52,85.7,-8.0,4.0,-1.0,-5.0,-28.0,6.0,0.025,1e-05,0.025,1e-05,0.025,1e-05,0.025,1e-05,0.025,1e-05,0.025,1e-05,4648794,512843,10900,512843,10900,0.1103174285631929,0.002344694129273,0.1103174285631929,0.002344694129273
07-24-2021,143.62,91.68,-9.0,5.0,-10.0,4.0,-15.0,3.0,0.025,1e-05,0.025,1e-05,0.025,1e-05,0.025,1e-05,0.025,1e-05,0.025,1e-05,4648794,512843,10900,515373,10904,0.1103174285631929,0.002344694129273,0.110861655732648,0.0023455545674856
07-25-2021,107.14,58.24,-7.0,6.0,0.0,6.0,-15.0,2.0,0.025,1e-05,0.025,1e-05,0.025,1e-05,0.025,1e-05,0.025,1e-05,0.025,1e-05,4648794,512843,10900,517903,10908,0.1103174285631929,0.002344694129273,0.1114058829021032,0.0023464150056982
07-26-2021,125.28,57.09,-5.0,5.0,-7.0,-4.0,-28.0,6.0,0.025,1e-05,0.025,1e-05,0.0250000003120447,1.6234494491344567e-05,0.0250000002993652,1.5881708033046654e-05,0.025,1e-05,0.025,1e-05,4648794,520435,10914,520435,10914,0.1119505402906646,0.0023477056630171,0.1119505402906646,0.0023477056630171
07-27-2021,125.56,55.39,-4.0,8.0,-11.0,-4.0,-27.0,6.0,0.025,1e-05,0.025,1e-05,0.0250000003133114,1.631242084581948e-05,0.0250000003321597,1.6702035689800965e-05,0.025,1e-05,0.025,1e-05,4648794,527253,10934,527253,10934,0.1134171572240026,0.00235200785408,0.1134171572240026,0.00235200785408
07-28-2021,128.08,56.94,-1.0,8.0,-1.0,0.0,-28.0,5.0,0.025,1e-05,0.025,1e-05,0.0250000003272081,1.6538202995049443e-05,0.0250000003424827,1.6881391186392672e-05,0.025,1e-05,0.025,1e-05,4648794,531952,10948,531952,10948,0.1144279570142277,0.002355019387824,0.1144279570142277,0.002355019387824
07-29-2021,134.73,61.84,-4.0,8.0,-13.0,-3.0,-28.0,6.0,0.025,1e-05,0.025,1e-05,0.0250000003369109,1.6654244483924296e-05,0.0250000003490532,1.6951579888941723e-05,0.025,1e-05,0.025,1e-05,4648794,536366,10968,536366,10968,0.1153774505818068,0.0023593215788869,0.1153774505818068,0.0023593215788869
07-30-2021,151.46,79.0,-5.0,7.0,-10.0,-5.0,-28.0,7.0,0.025,1e-05,0.025,1e-05,0.0250000003374866,1.648786443316812e-05,0.0250000003469685,1.6740871362902313e-05,0.025,1e-05,0.025,1e-05,4648794,541679,10999,541679,10999,0.1165203276376625,0.0023659899750343,0.1165203276376625,0.0023659899750343
07-31-2021,140.79,83.83,-9.0,5.0,-20.0,3.0,-15.0,3.0,0.025,1e-05,0.025,1e-05,0.0250000004162756,1.792568731781502e-05,0.0250000004235333,1.8135539212677352e-05,0.025,1e-05,0.025,1e-05,4648794,541679,10999,545381,11008,0.1165203276376625,0.0023659899750343,0.1173166632034028,0.0023679259610126
08-01-2021,103.26,52.58,-6.0,8.0,-12.0,3.0,-15.0,2.0,0.025,1e-05,0.025,1e-05,0.0250000005293208,2.036746548155441e-05,0.0250000005141866,1.998440228989425e-05,0.025,1e-05,0.025,1e-05,4648794,541679,10999,549083,11017,0.1165203276376625,0.0023659899750343,0.1181129987691431,0.0023698619469909
08-02-2021,116.0,51.13,-7.0,5.0,-24.0,-5.0,-29.0,7.0,0.025,1e-05,0.025,1e-05,0.0250000006204325,2.2493708169558598e-05,0.0250000005952055,2.1725974919132067e-05,0.025,1e-05,0.0250000001583979,1.1061130869712436e-05,4648794,552787,11026,552787,11026,0.1189097645539897,0.0023717979329692,0.1189097645539897,0.0023717979329692
08-03-2021,119.09,50.94,-1.0,12.0,-23.0,-3.0,-29.0,6.0,0.025,1e-05,0.0250000002638795,2.0785971389515115e-05,0.0250000006220049,2.245884253635268e-05,0.0250000006598692,2.3178546756912885e-05,0.0250000002235726,1.17085377821088e-05,0.0250000002395341,1.1836749017423553e-05,4648794,557540,11085,557540,11085,0.1199321802600846,0.0023844893966047,0.1199321802600846,0.0023844893966047
08-04-2021,124.32,53.59,1.0,12.0,-3.0,-1.0,-28.0,5.0,0.0250000002826492,2.095632209619145e-05,0.0250000002996675,2.176607889508737e-05,0.0250000006456007,2.241810528708042e-05,0.0250000006767459,2.3060811636396112e-05,0.0250000003513794,1.2853851032554724e-05,0.0250000003561845,1.2879607906351829e-05,4648794,562319,11129,562319,11129,0.1209601888145613,0.0023939542169431,0.1209601888145613,0.0023939542169431
08-05-2021,123.81,56.28,-3.0,12.0,-9.0,-4.0,-28.0,6.0,0.0250000003762889,2.422658665373451e-05,0.0250000003868106,2.486145604317287e-05,0.0250000007516993,2.4140038201241323e-05,0.0250000007767093,2.4703630163813316e-05,0.0250000005006612,1.4172612507028328e-05,0.0250000004940939,1.4093871152672576e-05,4648794,567787,11162,567787,11162,0.1221364078511545,0.0024010528321969,0.1221364078511545,0.0024010528321969
08-06-2021,143.58,72.55,-9.0,6.0,-9.0,-9.0,-27.0,7.0,0.0250000004469933,2.675626676408799e-05,0.0250000004526105,2.721678698771199e-05,0.0250000008600667,2.594396138872358e-05,0.0250000008799097,2.643401193053572e-05,0.0250000006103128,1.5079645458543682e-05,0.0250000006286459,1.5259063272616327e-05,4648794,573903,11210,573903,11210,0.1234520178781851,0.0024113780907478,0.1234520178781851,0.0024113780907478
08-07-2021,133.92,75.73,-10.0,10.0,-16.0,-1.0,-15.0,3.0,0.0250000004938161,2.824706643662768e-05,0.0250000004961065,2.853469626284572e-05,0.0250000010306803,2.9094970398309813e-05,0.0250000010460979,2.9513560118763898e-05,0.0250000007724212,1.6485861014015994e-05,0.0250000007889056,1.665380325992596e-05,4648794,573903,11210,579416,11226,0.1234520178781851,0.0024113780907478,0.1246379168446698,0.0024148198435981
08-08-2021,97.74,48.73,-8.0,11.0,-8.0,-2.0,-15.0,3.0,0.0250000006082503,3.391312335859714e-05,0.0250000005975581,3.323622499785995e-05,0.0250000012481398,3.376426230152331e-05,0.0250000012443696,3.364222664962995e-05,0.0250000008903976,1.7509385699601656e-05,0.0250000009171206,1.7752857279347264e-05,4648794,573903,11210,584929,11242,0.1234520178781851,0.0024113780907478,0.1258238158111544,0.0024182615964484
08-09-2021,119.68,51.97,-6.0,8.0,-16.0,-8.0,-28.0,6.0,0.0250000006776605,3.8148807217766725e-05,0.0250000006732372,3.726156247499836e-05,0.0250000014236537,3.787175681368797e-05,0.0250000014205905,3.754064133793815e-05,0.0250000009630911,1.8134919802814436e-05,0.0250000010111216,1.8536380002700574e-05,4648794,590446,11260,590446,11260,0.1270105752158516,0.002422133568405,0.1270105752158516,0.002422133568405
08-10-2021,120.99,51.41,-5.0,11.0,-15.0,-9.0,-28.0,6.0,0.0250000006858475,3.881215960553411e-05,0.025000000732702,4.066444046911624e-05,0.025000001499308,3.96190694336813e-05,0.0250000015649098,4.089982065582087e-05,0.025000001135015,1.97317987816078e-05,0.0250000011606217,1.992974919388376e-05,4648794,596534,11353,596534,11353,0.1283201621753943,0.0024421387568474,0.1283201621753943,0.0024421387568474
08-11-2021,121.4,51.63,-6.0,7.0,-12.0,-6.0,-28.0,6.0,0.0250000006522593,3.603420501177494e-05,0.0250000006839811,3.755584963116847e-05,0.0250000016296923,4.197630217789632e-05,0.0250000016828646,4.310502741255365e-05,0.0250000013600663,2.1736581401789583e-05,0.0250000013627248,2.1726056792278584e-05,4648794,601941,11408,601941,11408,0.1294832595292456,0.0024539697822704,0.1294832595292456,0.0024539697822704
08-12-2021,126.3,56.02,-9.0,7.0,-20.0,-8.0,-27.0,6.0,0.0250000006985419,3.689372335576957e-05,0.025000000718151,3.808643105136841e-05,0.0250000018372434,4.60386703603668e-05,0.0250000018798688,4.702592495457269e-05,0.0250000015342272,2.3212368111402472e-05,0.0250000015704247,2.354933548445e-05,4648794,607228,11462,607228,11462,0.1306205437367196,0.0024655856981402,0.1306205437367196,0.0024655856981402
08-13-2021,146.2,72.86,-10.0,6.0,-16.0,-12.0,-26.0,6.0,0.0250000008013793,4.059789162455964e-05,0.0250000008118619,4.146434638488679e-05,0.0250000020173082,4.951880204229685e-05,0.0250000020508932,5.037023732808617e-05,0.0250000017259432,2.4835283252319374e-05,0.0250000017586672,2.5152054119555265e-05,4648794,614776,11519,614776,11519,0.132244190643853,0.0024778469426694,0.132244190643853,0.0024778469426694
08-14-2021,133.94,80.61,-11.0,7.0,-22.0,-8.0,-15.0,4.0,0.0250000008484445,4.212891991493896e-05,0.0250000008527223,4.2670594367209126e-05,0.0250000021281821,5.150071236413019e-05,0.0250000021540679,5.2220019949774896e-05,0.0250000019214982,2.649920113448968e-05,0.0250000019509121,2.6795687940177145e-05,4648794,614776,11519,619232,11540,0.132244190643853,0.0024778469426694,0.1332027188126641,0.0024823642432854
08-15-2021,100.42,57.81,-9.0,9.0,-15.0,-7.0,-16.0,4.0,0.0250000010122334,5.056586705527422e-05,0.0250000009824097,4.9002269611489306e-05,0.02500000242495,5.823800785288069e-05,0.0250000023876075,5.743798540393093e-05,0.0250000020717947,2.7810246141908714e-05,0.0250000021135493,2.819916043933852e-05,4648794,614776,11519,623688,11561,0.132244190643853,0.0024778469426694,0.1341612469814752,0.0024868815439014
08-16-2021,124.6,73.24,-7.0,7.0,-14.0,-8.0,-27.0,5.0,0.0250000011100121,5.679242955542382e-05,0.025000001073394,5.421985042092289e-05,0.0250000026622944,6.409746116355486e-05,0.0250000025858827,6.217993371282799e-05,0.0250000022391129,2.9415222309764085e-05,0.0250000023074738,3.0002961327954248e-05,4648794,628146,11584,628146,11584,0.1351202053693925,0.0024918290636238,0.1351202053693925,0.0024918290636238
08-17-2021,124.05,63.63,-7.0,9.0,-20.0,-10.0,-27.0,6.0,0.0250000010653504,5.538595963581616e-05,0.025000001130321,5.798110229616162e-05,0.0250000026735055,6.480184975209245e-05,0.0250000027565623,6.649272593395192e-05,0.0250000024923895,3.1837450131035466e-05,0.0250000025159208,3.201413646728747e-05,4648794,631837,11706,631837,11706,0.1359141747300482,0.0025180724291074,0.1359141747300482,0.0025180724291074
08-18-2021,123.67,65.69,-8.0,6.0,-11.0,-8.0,-25.0,5.0,0.0250000009496349,4.840309889226692e-05,0.0250000009936912,5.053882289051279e-05,0.0250000026159651,6.288507499926315e-05,0.0250000026832379,6.437366460220842e-05,0.0250000028104613,3.476265238634196e-05,0.0250000027878286,3.451654415010336e-05,4648794,638443,11793,638443,11793,0.1373351884381196,0.0025367869602309,0.1373351884381196,0.0025367869602309
08-19-2021,128.96,65.89,-11.0,6.0,-21.0,-10.0,-25.0,6.0,0.0250000010500418,5.096225624764647e-05,0.0250000010772922,5.263729233687114e-05,0.0250000027145906,6.435012015296888e-05,0.0250000027682014,6.564373406601221e-05,0.0250000030340876,3.6732861632004535e-05,0.0250000030851108,3.722319167128829e-05,4648794,643993,11851,643993,11851,0.1385290464580706,0.0025492633143133,0.1385290464580706,0.0025492633143133
08-20-2021,144.57,76.39,-12.0,3.0,-15.0,-16.0,-24.0,6.0,0.025000001140184,5.387176405944196e-05,0.0250000011547426,5.508761480063432e-05,0.0250000028838857,6.767213181532597e-05,0.0250000029257811,6.87765440576291e-05,0.0250000032376333,3.8460665228506206e-05,0.0250000032835866,3.892071213537237e-05,4648794,649915,11918,649915,11918,0.1398029252317913,0.002563675654374,0.1398029252317913,0.002563675654374
08-21-2021,130.24,76.16,-13.0,4.0,-19.0,-11.0,-15.0,4.0,0.0250000012187257,5.690510376852684e-05,0.0250000012246761,5.766652997081313e-05,0.0250000029538723,6.885104750504343e-05,0.025000002985926,6.97724493576196e-05,0.0250000034651391,4.055303989425536e-05,0.025000003506019,4.098048665244146e-05,4648794,649915,11918,653544,11937,0.1398029252317913,0.002563675654374,0.140583557800152,0.0025677627358837
08-22-2021,94.13,54.7,-12.0,6.0,-15.0,-12.0,-16.0,4.0,0.0250000074656551,9.438677320735218e-05,0.025000001376643,6.560510933655072e-05,0.0250000033096654,7.716615550579502e-05,0.0250000032101894,7.510581046863336e-05,0.0250000036657661,4.246570239934313e-05,0.0250000037156322,4.296201116864866e-05,4648794,649915,11918,657173,11956,0.1398029252317913,0.002563675654374,0.1413641903685127,0.0025718498173935
08-23-2021,121.57,85.21,-11.0,3.0,-19.0,-12.0,-25.0,5.0,0.0250000080931821,0.0001065318829723,0.0250000067763323,9.65778883549233e-05,0.0250000035931717,8.435987830279103e-05,0.0250000033818926,7.964214238895708e-05,0.0250000038561995,4.442918914288015e-05,0.0250000039275107,4.508732156090637e-05,4648794,660804,11977,660804,11977,0.1421452531559798,0.0025763671180095,0.1421452531559798,0.0025763671180095
08-24-2021,120.49,73.7,-11.0,4.0,-21.0,-13.0,-25.0,5.0,0.0250000059212067,9.70870917028627e-05,0.0250000063911179,0.0001005470351577,0.0250000034251537,8.155979181607417e-05,0.0250000034986833,8.314931693315668e-05,0.0250000041655101,4.754781163123764e-05,0.0250000041740672,4.765457654988837e-05,4648794,664618,12116,664618,12116,0.1429656809916722,0.0026062673458965,0.1429656809916722,0.0026062673458965
08-25-2021,119.12,66.41,-9.0,5.0,-13.0,-10.0,-24.0,5.0,0.0250000012116545,6.025977358951538e-05,0.0250000012534489,6.230548186091981e-05,0.025000003181709,7.561078142102967e-05,0.0250000032405981,7.699670086164046e-05,0.0250000045416234,5.118605341937507e-05,0.0250000044842649,5.07138651287038e-05,4648794,671237,12226,671237,12226,0.1443894911239345,0.0026299293967424,0.1443894911239345,0.0026299293967424
08-26-2021,122.06,63.11,-9.0,15.0,-24.0,-10.0,-24.0,5.0,0.0250000012234941,5.816037444037316e-05,0.0250000012493787,5.976716805308566e-05,0.0250000032594938,7.673323178805844e-05,0.0250000033059192,7.792492235593797e-05,0.0250000047664005,5.340436768936647e-05,0.0250000048183596,5.394281717577328e-05,4648794,676368,12298,676368,12298,0.145493218241118,0.0026454172845688,0.145493218241118,0.0026454172845688
08-27-2021,172.68,63.94,-9.0,31.0,-26.0,-4.0,-23.0,5.0,0.025000001363293,6.28374734727418e-05,0.0250000013771233,6.400380296680414e-05,0.0250000033482748,7.825752917523536e-05,0.0250000033841964,7.926235149264795e-05,0.0250000049643977,5.534632134216381e-05,0.0250000050103888,5.584400110305565e-05,4648794,679796,12359,679796,12359,0.1462306137892967,0.0026585389673106,0.1462306137892967,0.0026585389673106
08-28-2021,213.22,41.07,-29.0,12.0,-48.0,23.0,-29.0,0.0,0.0250000014298908,6.538948258363456e-05,0.0250000014355291,6.611764062089165e-05,0.0250000033890224,7.902530326632623e-05,0.0250000034161576,7.984711346820725e-05,0.0250000052254102,5.793644869415776e-05,0.0250000052661512,5.839680870287883e-05,4648794,679796,12359,682272,12403,0.1462306137892967,0.0026585389673106,0.146763225042882,0.002668003787649
08-29-2021,49.85,19.11,-67.0,-47.0,-61.0,-48.0,-53.0,7.0,0.0250000066080801,9.910688063827768e-05,0.025000006427601,9.67121068926381e-05,0.0250000037561942,8.788307855284336e-05,0.0250000036649739,8.573647553782358e-05,0.0250000054068732,5.985459970002839e-05,0.0250000054721304,6.04960099542169e-05,4648794,679796,12359,684748,12447,0.1462306137892967,0.0026585389673106,0.1472958362964674,0.0026774686079873
08-30-2021,70.53,20.62,-53.0,-44.0,-36.0,-44.0,-68.0,6.0,0.025000006776938,0.0001118410782643,0.0250000068443578,0.0001089114277639,0.0250000040476755,9.550527347835476e-05,0.0250000038831374,9.117554513645328e-05,0.0250000054656872,6.065799807079802e-05,0.0250000055819071,6.168228707729832e-05,4648794,679796,12359,687224,12491,0.1462306137892967,0.0026585389673106,0.1478284475500527,0.0026869334283257
08-31-2021,119.93,30.05,-34.0,-17.0,-28.0,-15.0,-55.0,-2.0,0.0250000043583655,0.000101392916981,0.0250000069054029,0.0001185599367337,0.0250000037579836,9.039923108616836e-05,0.0250000040626057,9.58637574977637e-05,0.0250000057610227,6.390686332531302e-05,0.0250000058428054,6.448192173003404e-05,4648794,679796,12359,689700,12535,0.1462306137892967,0.0026585389673106,0.1483610588036381,0.002696398248664
