date,Maine-apple-driving,Maine-apple-walking,Maine-google-retail_and_recreation,Maine-google-grocery_and_pharmacy,Maine-google-parks,Maine-google-transit_stations,Maine-google-workplaces,Maine-google-residential,Maine-jh_beta_7,Maine-jh_gamma_7,Maine-cdc_beta_7,Maine-cdc_gamma_7,Maine-jh_beta_14,Maine-jh_gamma_14,Maine-cdc_beta_14,Maine-cdc_gamma_14,Maine-jh_beta_30,Maine-jh_gamma_30,Maine-cdc_beta_30,Maine-cdc_gamma_30,Maine-census_pop,Maine-jh_confirmed,Maine-jh_death,Maine-cdc_confirmed,Maine-cdc_death,Maine-jh_confirmed_ratio,Maine-jh_death_ratio,Maine-cdc_confirmed_ratio,Maine-cdc_death_ratio
01-01-2021,104.15,124.9,-34.0,-24.0,31.0,-47.0,-70.0,23.0,0.025,1e-05,0.025,1e-05,0.025,1e-05,0.025,1e-05,0.0250000027935416,3.1811207824898354e-05,0.0250000028444968,3.2230372484200224e-05,1344212,24902,352,25243,358,0.01852535165584,0.0002618634560619,0.0187790318789,0.0002663270376994
01-02-2021,88.23,117.21,-48.0,-33.0,-35.0,-38.0,-25.0,13.0,0.025,1e-05,0.025,1e-05,0.025,1e-05,0.025,1e-05,0.0250000028761402,3.24489993661906e-05,0.0250000030228357,3.367227911508489e-05,1344212,25245,358,25590,359,0.0187805197394458,0.0002663270376994,0.0190371756835975,0.0002670709679723
01-03-2021,98.25,112.81,-15.0,-3.0,9.0,-5.0,-10.0,5.0,0.025,1e-05,0.025,1e-05,0.025,1e-05,0.025,1e-05,0.0250000030515406,3.38782035317537e-05,0.0250000031147181,3.4407901290094353e-05,1344212,25592,359,25966,360,0.0190386635441433,0.0002670709679723,0.0193168934662091,0.0002678148982452
01-04-2021,107.35,138.19,-11.0,1.0,0.0,-22.0,-26.0,9.0,0.025,1e-05,0.025,1e-05,0.025,1e-05,0.025,1e-05,0.0250000031419771,3.461246909370768e-05,0.025000003225579,3.535286728777168e-05,1344212,25967,361,26563,369,0.0193176373964821,0.0002685588285181,0.0197610198391325,0.0002745102707013
01-05-2021,109.99,137.51,-18.0,-4.0,0.0,-24.0,-26.0,11.0,0.025,1e-05,0.025,1e-05,0.025,1e-05,0.025,1e-05,0.0250000032544336,3.557298393374986e-05,0.0250000034383162,3.716744879187034e-05,1344212,26565,369,27088,372,0.0197625076996783,0.0002745102707013,0.0201515832324067,0.00027674206152
01-06-2021,109.62,140.78,-15.0,-4.0,-2.0,-21.0,-26.0,11.0,0.025,1e-05,0.025,1e-05,0.025,1e-05,0.025,1e-05,0.0250000034645842,3.737680501500956e-05,0.025000003700718,3.9404434881564486e-05,1344212,27090,372,27625,385,0.0201530710929526,0.00027674206152,0.0205510737889559,0.0002864131550678
01-07-2021,111.5,139.1,-19.0,-3.0,6.0,-22.0,-24.0,10.0,0.025,1e-05,0.025,1e-05,0.025,1e-05,0.025,1e-05,0.0250000037255945,3.961191904265219e-05,0.0250000035503287,3.79363436136356e-05,1344212,27625,385,28407,427,0.0205510737889559,0.0002864131550678,0.0211328272623663,0.0003176582265297
01-08-2021,126.91,160.85,-23.0,-10.0,-1.0,-30.0,-25.0,12.0,0.025,1e-05,0.025,1e-05,0.025,1e-05,0.025,1e-05,0.0250000035723812,3.8129541966719374e-05,0.0250000037349227,3.902309705531394e-05,1344212,28407,426,29019,432,0.0211328272623663,0.0003169142962568,0.0215881125893832,0.0003213778778942
01-09-2021,123.63,155.24,-19.0,-9.0,-4.0,-24.0,-11.0,7.0,0.025,1e-05,0.025,1e-05,0.025,1e-05,0.0250000006510146,2.0995020891883416e-05,0.0250000037515909,3.918834294390261e-05,0.025000004166161,4.234435014785684e-05,1344212,29019,432,29298,432,0.0215881125893832,0.0003213778778942,0.0217956691355232,0.0003213778778942
01-10-2021,102.87,119.53,-13.0,-2.0,36.0,-21.0,-10.0,4.0,0.025,1e-05,0.025,1e-05,0.0250000006522865,2.106023738684597e-05,0.0250000007005728,2.180940834041508e-05,0.0250000041815045,4.2504680227879264e-05,0.0250000044156447,4.418173757730895e-05,1344212,29298,432,29611,438,0.0217956691355232,0.0003213778778942,0.022028519310942,0.0003258414595316
01-11-2021,106.49,128.55,-17.0,-4.0,2.0,-23.0,-25.0,10.0,0.025,1e-05,0.025,1e-05,0.0250000007204611,2.2247029407246663e-05,0.025000000796552,2.362412157720355e-05,0.0250000044296919,4.433642482706892e-05,0.0250000045701939,4.5194858430075946e-05,1344212,29611,438,30327,449,0.022028519310942,0.0003258414595316,0.0225611733863408,0.0003340246925336
01-12-2021,111.34,138.26,-18.0,-2.0,16.0,-19.0,-26.0,10.0,0.025,1e-05,0.025,1e-05,0.0250000007967124,2.3665309924198967e-05,0.0250000008444739,2.4475278775192772e-05,0.0250000045828032,4.5342166406968006e-05,0.0250000049785656,4.84683184778244e-05,1344212,30326,449,31149,453,0.0225604294560679,0.0003340246925336,0.0231726840706674,0.0003370004136252
01-13-2021,110.73,139.47,-19.0,-5.0,3.0,-23.0,-27.0,10.0,0.025,1e-05,0.025,1e-05,0.025000000844322,2.4503759002259957e-05,0.0250000009438295,2.6454781752151997e-05,0.0250000049941305,4.864176722430484e-05,0.0250000053452235,5.139859527795865e-05,1344212,31150,453,31953,461,0.0231734280009403,0.0003370004136252,0.0237708040100817,0.0003429518558084
01-14-2021,111.54,132.63,-22.0,-5.0,6.0,-24.0,-26.0,10.0,0.025,1e-05,0.025,1e-05,0.0250000009435404,2.6470934327631128e-05,0.0250000009537787,2.666888170725305e-05,0.025000005359407,5.156358914033111e-05,0.0250000055562491,5.2965077197505785e-05,1344212,31958,461,32779,477,0.0237745236614462,0.0003429518558084,0.0243852904154999,0.0003548547401749
01-15-2021,131.38,165.02,-24.0,-9.0,10.0,-37.0,-27.0,11.0,0.025,1e-05,0.025,1e-05,0.0250000009219637,2.604283119321798e-05,0.0250000010279534,2.813366290823237e-05,0.0250000055695762,5.312469365665422e-05,0.0250000060213251,5.665485841611023e-05,1344212,32781,477,33219,507,0.0243867782760457,0.0003548547401749,0.0247126197355774,0.000377172648362
01-16-2021,106.94,139.52,-36.0,-22.0,-39.0,-47.0,-17.0,10.0,0.025,1e-05,0.025,1e-05,0.0250000010009563,2.754223114037755e-05,0.0250000011029101,2.927862859594615e-05,0.0250000060338045,5.68088890652028e-05,0.0250000062747404,5.8183612337495706e-05,1344212,33219,507,33559,511,0.0247126197355774,0.000377172648362,0.0249655560283645,0.0003801483694536
01-17-2021,107.48,133.61,-15.0,-6.0,27.0,-35.0,-13.0,4.0,0.025,1e-05,0.025,1e-05,0.0250000011026667,2.927188056458009e-05,0.025000001242517,3.19503251376162e-05,0.0250000063236869,5.86685862300931e-05,0.0250006686904641,0.0002575816806659,1344212,33559,511,33876,514,0.0249655560283645,0.0003801483694536,0.0252013819248749,0.0003823801602723
01-18-2021,117.73,132.76,-16.0,-7.0,24.0,-37.0,-43.0,12.0,0.025,1e-05,0.025,1e-05,0.0250000012423672,3.194385250135263e-05,0.0250000013663598,3.4457483839600254e-05,0.0250006705507324,0.0002580944101362,0.0250006214763459,0.0002487744781899,1344212,33876,514,34261,519,0.0252013819248749,0.0003823801602723,0.0254877950799427,0.0003860998116368
01-19-2021,107.86,125.02,-23.0,-7.0,13.0,-36.0,-27.0,10.0,0.025,1e-05,0.025,1e-05,0.0250000013548789,3.422311824561342e-05,0.0250000013987815,3.5194211297273314e-05,0.0250006229912242,0.0002492181938099,0.0250006836743044,0.0002626166863902,1344212,34262,519,34962,530,0.0254885390102156,0.0003860998116368,0.026009290201248,0.0003942830446387
01-20-2021,106.57,128.91,-23.0,-9.0,-2.0,-38.0,-28.0,11.0,0.025,1e-05,0.025,1e-05,0.0250000013987902,3.5189948180780654e-05,0.0250000015018627,3.730879912410535e-05,0.0250006849613759,0.0002629902315328,0.0250007178821111,0.0002710864860751,1344212,34963,530,35637,536,0.0260100341315209,0.0003942830446387,0.0265114431354578,0.0003987466262762
01-21-2021,110.67,130.43,-24.0,-9.0,1.0,-37.0,-26.0,10.0,0.025,1e-05,0.025,1e-05,0.025000001501927,3.73066584871382e-05,0.0250000014784594,3.6909735618659e-05,0.0250007277599498,0.0002731978422069,0.0250008107886779,0.0002892391357457,1344212,35638,536,36273,540,0.0265121870657307,0.0003987466262762,0.0269845827890243,0.0004017223473678
01-22-2021,129.52,153.34,-26.0,-11.0,3.0,-39.0,-26.0,12.0,0.025,1e-05,0.025,1e-05,0.0250000014784494,3.690767201363086e-05,0.0250000010924578,2.9262363687974974e-05,0.0250006778727175,0.0002651703010613,0.025000611965372,0.0002549140746012,1344212,36274,540,36274,544,0.0269853267192972,0.0004017223473678,0.0269853267192972,0.0004046980684594
01-23-2021,128.07,162.44,-24.0,-13.0,-1.0,-35.0,-14.0,7.0,0.025,1e-05,0.025,1e-05,0.0250000011048636,2.9510876364332388e-05,0.0250000011378562,3.033945970889965e-05,0.0250006199484675,0.0002568054263967,0.0250005721933493,0.000250190930632,1344212,36598,544,36787,544,0.0272263601277179,0.0004046980684594,0.0273669629492966,0.0004046980684594
01-24-2021,99.51,112.86,-23.0,-11.0,-3.0,-35.0,-12.0,5.0,0.025,1e-05,0.025,1e-05,0.0250000011378562,3.033945970889965e-05,0.0250000012160778,3.220864320555154e-05,0.0250005794475527,0.0002519950234954,0.0250006322467285,0.0002647558210744,1344212,36598,544,37046,547,0.0272263601277179,0.0004046980684594,0.0275596408899786,0.0004069298592781
01-25-2021,104.97,125.51,-22.0,-9.0,2.0,-38.0,-27.0,10.0,0.025,1e-05,0.025,1e-05,0.0250000012160778,3.220864320555154e-05,0.0250000012106708,3.240884422018216e-05,0.0250005930787239,0.0002577564609105,0.0250006420597572,0.0002698039314477,1344212,37046,547,37708,558,0.0275596408899786,0.0004069298592781,0.0280521227306407,0.00041511309228
01-26-2021,106.79,127.38,-22.0,-8.0,15.0,-34.0,-26.0,9.0,0.025,1e-05,0.025,1e-05,0.0250000012106708,3.240884422018216e-05,0.0250000011681689,3.170547371931795e-05,0.0250006422613255,0.0002699143133617,0.0250006244250374,0.0002685537867882,1344212,37710,558,38170,562,0.0280536105911865,0.00041511309228,0.028395818516722,0.0004180888133717
01-27-2021,101.58,122.34,-28.0,-15.0,-5.0,-40.0,-28.0,11.0,0.025,1e-05,0.025,1e-05,0.0250000011681329,3.170479021749626e-05,0.0250000012146887,3.278248103281471e-05,0.0250006385048854,0.0002718532713611,0.0250006298576259,0.0002735139697986,1344212,38170,562,38454,568,0.028395818516722,0.0004180888133717,0.0286070947142266,0.0004225523950091
01-28-2021,107.91,123.81,-25.0,-9.0,1.0,-37.0,-25.0,10.0,0.025,1e-05,0.025,1e-05,0.0250000012147251,3.2783179324212165e-05,0.0250000012064997,3.2697140941407866e-05,0.0250006300215569,0.0002735920341043,0.0250005830566835,0.0002671359617439,1344212,38454,567,38812,572,0.0286070947142266,0.0004218084647362,0.028873421751926,0.0004255281161007
01-29-2021,123.86,145.84,-28.0,-15.0,-15.0,-42.0,-27.0,12.0,0.025,1e-05,0.025,1e-05,0.0250000012038534,3.2661197104536344e-05,0.0250000010786978,3.0165947343586064e-05,0.0250005824814142,0.0002670674136953,0.0250005728060902,0.0002696335088307,1344212,38813,570,39166,590,0.0288741656821989,0.0004240402555549,0.0291367730685338,0.0004389188610129
01-30-2021,125.26,158.32,-24.0,-13.0,-12.0,-38.0,-13.0,7.0,0.025,1e-05,0.025,1e-05,0.0250000010705258,3.004946402135469e-05,0.0250000007691197,2.3693521767584337e-05,0.0250005709487178,0.0002693114098108,0.0250005111615282,0.0002589268103275,1344212,39168,590,39323,590,0.0291382609290796,0.0004389188610129,0.0292535701213796,0.0004389188610129
01-31-2021,101.79,113.21,-16.0,-3.0,22.0,-32.0,-9.0,4.0,0.025,1e-05,0.025,1e-05,0.0250000007620697,2.3584433083276526e-05,0.0250000008084621,2.4403401654020275e-05,0.0250004930545921,0.0002541473918369,0.0250005307081109,0.0002649456757749,1344212,39324,590,39542,595,0.0292543140516525,0.0004389188610129,0.0294164908511455,0.0004426385123775
02-01-2021,102.57,131.1,-10.0,16.0,-2.0,-36.0,-25.0,8.0,0.025,1e-05,0.025,1e-05,0.0250000008025163,2.430318038369153e-05,0.0250000008595491,2.5382318085263555e-05,0.0250004591523177,0.0002502841167304,0.0250004430468413,0.000248693701654,1344212,39543,595,39959,618,0.0294172347814184,0.0004426385123775,0.0297267097749462,0.0004597489086542
02-02-2021,53.55,76.14,-64.0,-51.0,-36.0,-69.0,-60.0,25.0,0.025,1e-05,0.025,1e-05,0.0250000008546113,2.5290986140463007e-05,0.0250000009348481,2.6532823404682893e-05,0.0250004418492724,0.0002484057035264,0.0250004556610399,0.0002552084052308,1344212,39960,618,40233,627,0.0297274537052191,0.0004597489086542,0.0299305466697217,0.0004664442811104
02-03-2021,106.71,126.71,-20.0,-8.0,-1.0,-36.0,-27.0,10.0,0.025,1e-05,0.025,1e-05,0.0250000009308353,2.6450607737652404e-05,0.025000000930399,2.6095209513436324e-05,0.0250004545597575,0.0002549367678451,0.0250004658200929,0.0002613185261713,1344212,40233,627,40533,631,0.0299305466697217,0.0004664442811104,0.0301537257515927,0.000469420002202
02-04-2021,114.02,133.26,-19.0,-3.0,9.0,-34.0,-23.0,9.0,0.025,1e-05,0.025,1e-05,0.0250000009271639,2.602095246222319e-05,0.025000000986774,2.7033364120235567e-05,0.0250004604047172,0.0002597201301773,0.0250004256625464,0.0002540439485315,1344212,40534,630,40797,633,0.0301544696818656,0.0004686760719291,0.0303501233436392,0.0004709078627478
02-05-2021,125.51,154.61,-27.0,-12.0,-9.0,-39.0,-24.0,11.0,0.025,1e-05,0.025,1e-05,0.0250000009811087,2.6923474540726585e-05,0.0250000010551339,2.8388066638767333e-05,0.0250004243858801,0.0002537121607778,0.0250004131230728,0.000254909568162,1344212,40799,632,41063,634,0.030351611204185,0.0004701639324749,0.0305480087962315,0.0004716517930207
02-06-2021,131.99,170.3,-20.0,-6.0,15.0,-33.0,-10.0,6.0,0.025,1e-05,0.025,1e-05,0.0250000010473324,2.8244900706050986e-05,0.0250000010874065,2.920584958142973e-05,0.0250004115933383,0.0002545073824857,0.0250003612025468,0.0002422269992714,1344212,41065,634,41217,635,0.0305494966567773,0.0004716517930207,0.0306625740582586,0.0004723957232936
02-07-2021,87.43,104.73,-27.0,-4.0,7.0,-39.0,-10.0,4.0,0.025,1e-05,0.025,1e-05,0.0250000010896738,2.9236925887655847e-05,0.0250000011796504,3.132605982416166e-05,0.0250003600353391,0.0002418718500946,0.0250002214822223,0.0001914944946923,1344212,41219,635,41418,636,0.0306640619188044,0.0004723957232936,0.0308121040431122,0.0004731396535665
02-08-2021,102.86,118.5,-23.0,-11.0,0.0,-35.0,-27.0,9.0,0.025,1e-05,0.025,1e-05,0.0250000011691,3.111203037466865e-05,0.025000001202868,3.21309432922062e-05,0.0250002232801535,0.0001924091320333,0.0250002044206989,0.0001886691478077,1344212,41419,636,41629,639,0.0308128479733851,0.0004731396535665,0.0309690733306948,0.0004753714443852
02-09-2021,99.17,115.55,-26.0,-11.0,-5.0,-39.0,-26.0,10.0,0.025,1e-05,0.025,1e-05,0.0250000011988211,3.203408413742999e-05,0.0250000011015863,3.039505701198432e-05,0.0250002037688832,0.0001883678510465,0.0250002080522409,0.0001937466880599,1344212,41636,639,41883,641,0.0309742808426051,0.0004753714443852,0.0311580316200123,0.000476859304931
02-10-2021,110.79,126.12,-17.0,-3.0,-3.0,-34.0,-25.0,10.0,0.025,1e-05,0.025,1e-05,0.0250000010984825,3.0313573657338625e-05,0.025000001098925,3.06624237213851e-05,0.0250002074756481,0.0001934651086714,0.0250001958400309,0.0001909707333881,1344212,41889,641,42058,641,0.0311624952016497,0.000476859304931,0.0312882194177704,0.000476859304931
02-11-2021,115.14,135.66,-18.0,-1.0,-3.0,-33.0,-23.0,9.0,0.025,1e-05,0.025,1e-05,0.0250000010965285,3.0594843316823104e-05,0.0250000010450287,2.9914358983477288e-05,0.0250001953547762,0.0001907083913695,0.0250001628816249,0.000179440590638,1344212,42064,641,42259,643,0.0312926829994078,0.000476859304931,0.0314377494026239,0.0004783471654768
02-12-2021,138.13,167.99,-20.0,-4.0,-5.0,-33.0,-25.0,11.0,0.025,1e-05,0.025,1e-05,0.0250000010598582,3.0197970723016688e-05,0.0250000010215809,2.9726708278823368e-05,0.0250001625393058,0.0001792056757042,0.0250001432252863,0.0001754820791032,1344212,42265,643,42418,647,0.0314422129842614,0.0004783471654768,0.0315560343160156,0.0004813228865684
02-13-2021,142.68,215.02,-15.0,1.0,13.0,-23.0,-12.0,5.0,0.025,1e-05,0.025,1e-05,0.0250000010538128,3.0365181161837852e-05,0.0250000007651382,2.4704743701927013e-05,0.0250001429284445,0.0001752568469324,0.0250001197402888,0.0001672551165751,1344212,42425,647,42528,649,0.0315612418279259,0.0004813228865684,0.031637866646035,0.0004828107471142
02-14-2021,114.67,163.16,-5.0,6.0,29.0,-25.0,-9.0,3.0,0.025,1e-05,0.025,1e-05,0.0250000007642376,2.4671388545704232e-05,0.0250000008051026,2.564407223348406e-05,0.0250001194488936,0.0001670292453731,0.0250000896162342,0.0001504043963074,1344212,42529,649,42677,649,0.0316386105763079,0.0004828107471142,0.0317487122566976,0.0004828107471142
02-15-2021,113.08,129.26,-10.0,5.0,20.0,-31.0,-46.0,12.0,0.025,1e-05,0.025,1e-05,0.0250000008044994,2.56168188321666e-05,0.0250000007527225,2.4695005115699077e-05,0.0250000894622997,0.000150213590701,0.0250000577640487,0.0001205892693368,1344212,42677,649,42768,651,0.0317487122566976,0.0004828107471142,0.0318164099115318,0.0004842986076601
02-16-2021,77.81,106.18,-48.0,-34.0,-25.0,-53.0,-47.0,19.0,0.025,1e-05,0.025,1e-05,0.0250000007523639,2.467400144567398e-05,0.025,1e-05,0.0250000576895484,0.0001204228491744,0.0250000532503267,0.0001190270730688,1344212,42773,651,42871,654,0.0318201295628963,0.0004842986076601,0.0318930347296408,0.0004865303984788
02-17-2021,124.54,149.91,-11.0,1.0,5.0,-29.0,-30.0,9.0,0.025,1e-05,0.025,1e-05,0.025,1e-05,0.025,1e-05,0.0250000531999509,0.0001188748439147,0.0250000498373079,0.0001185170058494,1344212,42877,654,43090,655,0.0318974983112782,0.0004865303984788,0.0320559554594067,0.0004872743287517
02-18-2021,124.99,146.93,-15.0,0.0,8.0,-32.0,-30.0,10.0,0.025,1e-05,0.025,1e-05,0.025,1e-05,0.025,1e-05,0.0250000498065494,0.0001183783023885,0.0250000444234034,0.000115471039661,1344212,43095,655,43225,655,0.0320596751107712,0.0004872743287517,0.0321563860462486,0.0004872743287517
02-19-2021,128.73,155.56,-25.0,-11.0,-10.0,-42.0,-32.0,13.0,0.025,1e-05,0.025,1e-05,0.025,1e-05,0.025,1e-05,0.0250000444018429,0.0001153422676705,0.025000033711308,0.0001051092781226,1344212,43229,656,43366,658,0.0321593617673402,0.0004880182590246,0.032261280214728,0.0004895061195704
02-20-2021,134.95,175.61,-19.0,-8.0,13.0,-26.0,-12.0,6.0,0.025,1e-05,0.025,1e-05,0.025,1e-05,0.025,1e-05,0.0250000337875352,0.0001050683096763,0.025000027372468,0.0001001284803827,1344212,43367,658,43497,658,0.0322620241450009,0.0004895061195704,0.0323587350804783,0.0004895061195704
02-21-2021,114.8,129.37,-10.0,-1.0,46.0,-17.0,-9.0,3.0,0.025,1e-05,0.025,1e-05,0.025,1e-05,0.025,1e-05,0.0250000274434903,0.0001000958251746,0.02500002261019,9.712108842392108e-05,1344212,43497,658,43594,658,0.0323587350804783,0.0004895061195704,0.03243089631695,0.0004895061195704
02-22-2021,104.27,117.68,-21.0,-7.0,-8.0,-37.0,-26.0,9.0,0.025,1e-05,0.025,1e-05,0.025,1e-05,0.025,1e-05,0.0250000226757848,9.709618879785264e-05,0.0250000213371448,9.558813271777056e-05,1344212,43594,658,43736,660,0.03243089631695,0.0004895061195704,0.0325365344157022,0.0004909939801162
02-23-2021,112.65,136.48,-17.0,-4.0,17.0,-32.0,-26.0,9.0,0.025,1e-05,0.025,1e-05,0.025,1e-05,0.025,1e-05,0.0250000197899749,9.473997967317233e-05,0.0250000187436869,9.652532606603508e-05,1344212,43736,660,43900,677,0.0325365344157022,0.0004909939801162,0.0326585389804584,0.0005036407947555
02-24-2021,120.43,143.26,-10.0,-1.0,15.0,-29.0,-25.0,9.0,0.025,1e-05,0.025,1e-05,0.025,1e-05,0.025,1e-05,0.0250000197607677,9.70073474645741e-05,0.0250000175092158,9.617409181414046e-05,1344212,43900,677,44117,701,0.0326585389804584,0.0005036407947555,0.0328199718496784,0.0005214951213052
02-25-2021,121.31,143.62,-15.0,-2.0,3.0,-31.0,-23.0,9.0,0.025,1e-05,0.025,1e-05,0.025,1e-05,0.025,1e-05,0.0250000175617979,9.617221649652428e-05,0.0250000079339433,7.8015064812175e-05,1344212,44118,701,44296,701,0.0328207157799513,0.0005214951213052,0.0329531353685281,0.0005214951213052
02-26-2021,143.88,177.34,-15.0,-5.0,6.0,-32.0,-25.0,10.0,0.025,1e-05,0.025,1e-05,0.025,1e-05,0.025,1e-05,0.0250000079382628,7.802202423719802e-05,0.0250000081003351,7.90919987461901e-05,1344212,44296,701,44493,702,0.0329531353685281,0.0005214951213052,0.0330996896322901,0.0005222390515781
02-27-2021,123.41,166.07,-25.0,-14.0,-21.0,-37.0,-14.0,8.0,0.025,1e-05,0.025,1e-05,0.025,1e-05,0.025,1e-05,0.025000008104211,7.910118665873178e-05,0.0250000080218108,7.80240860228424e-05,1344212,44493,702,44634,703,0.0330996896322901,0.0005222390515781,0.0332045838007695,0.000522982981851
02-28-2021,119.26,137.42,-3.0,3.0,57.0,-13.0,-8.0,2.0,0.025,1e-05,0.025,1e-05,0.025,1e-05,0.0250000006118299,2.013898975701412e-05,0.0250000081163578,7.886687984304122e-05,0.02500000810508,7.850879812890594e-05,1344212,44635,703,44763,703,0.0332053277310424,0.000522982981851,0.033300550805974,0.000522982981851
03-01-2021,108.35,128.67,-12.0,-2.0,-10.0,-33.0,-26.0,9.0,0.025,1e-05,0.025,1e-05,0.0250000006122518,2.0155863018042862e-05,0.0250000006900576,2.1794091222214307e-05,0.0250000082920233,8.020063815288856e-05,0.0250000068548438,6.691612524326305e-05,1344212,44763,703,44945,703,0.033300550805974,0.000522982981851,0.0334359461156424,0.000522982981851
03-02-2021,111.03,122.4,-20.0,-10.0,-14.0,-37.0,-28.0,11.0,0.025,1e-05,0.025,1e-05,0.0250000006903171,2.180731637657498e-05,0.0250000007148777,2.249044338529067e-05,0.0250000068583827,6.693800211002021e-05,0.02500000719564,6.994307477236363e-05,1344212,44944,703,45091,705,0.0334352021853695,0.000522982981851,0.0335445599354863,0.0005244708423968
03-03-2021,121.24,142.26,-6.0,3.0,7.0,-29.0,-25.0,8.0,0.025,1e-05,0.025,1e-05,0.0250000007150895,2.250150737788268e-05,0.0250000007149715,2.27272083835796e-05,0.0250000071987993,6.996482228744969e-05,0.0250000070683073,6.871641859099203e-05,1344212,45091,705,45227,705,0.0335445599354863,0.0005244708423968,0.0336457344526012,0.0005244708423968
03-04-2021,122.9,140.69,-12.0,0.0,5.0,-30.0,-23.0,8.0,0.025,1e-05,0.025,1e-05,0.0250000007151158,2.273521241990508e-05,0.0250000007405619,2.3555514422670745e-05,0.0250000070712101,6.873914651354459e-05,0.0250000052382311,5.199988534231242e-05,1344212,45231,705,45452,704,0.0336487101736928,0.0005244708423968,0.0338131187640044,0.0005237269121239
03-05-2021,142.54,166.63,-15.0,-6.0,-7.0,-33.0,-25.0,10.0,0.025,1e-05,0.025,1e-05,0.025000000740648,2.356008777252836e-05,0.0250000007689103,2.4506766678716195e-05,0.0250000052408428,5.202330086079644e-05,0.0250000046509894,4.675248581847541e-05,1344212,45456,704,45635,704,0.0338160944850961,0.0005237269121239,0.0339492580039458,0.0005237269121239
03-06-2021,144.49,202.73,-11.0,-5.0,11.0,-27.0,-12.0,5.0,0.025,1e-05,0.025,1e-05,0.0250000007503932,2.413034794028602e-05,0.0250000007330969,2.415244355844067e-05,0.0250000046532465,4.677613551571996e-05,0.0250000045076863,4.564147454426575e-05,1344212,45639,704,45792,706,0.0339522337250374,0.0005237269121239,0.0340660550567916,0.0005252147726697
03-07-2021,120.89,147.9,-2.0,1.0,45.0,-13.0,-9.0,2.0,0.025,1e-05,0.025,1e-05,0.0250000007331101,2.4152726000067327e-05,0.025000000753826,2.4875821981664583e-05,0.0250000046051914,4.653942914596625e-05,0.0250000045468395,4.621630748579109e-05,1344212,45794,706,45926,706,0.0340675429173374,0.0005252147726697,0.0341657417133606,0.0005252147726697
03-08-2021,115.63,140.02,-11.0,-1.0,17.0,-32.0,-26.0,8.0,0.025,1e-05,0.025,1e-05,0.025000000753826,2.4875821981664583e-05,0.0250000007679838,2.542368955611893e-05,0.0250000046447362,4.712011469034381e-05,0.0250000046581169,4.752332091572072e-05,1344212,45933,706,46059,723,0.034170949225271,0.0005252147726697,0.0342646844396568,0.0005378615873091
03-09-2021,118.58,139.76,-10.0,-2.0,24.0,-30.0,-25.0,8.0,0.025,1e-05,0.025,1e-05,0.0250000007679838,2.542368955611893e-05,0.0250000008055245,2.597209813380474e-05,0.0250000046597401,4.754702069491531e-05,0.0250000049136403,4.9713516294111735e-05,1344212,46066,723,46254,723,0.0342698919515671,0.0005378615873091,0.0344097508428729,0.0005378615873091
03-10-2021,123.13,145.16,-6.0,2.0,25.0,-24.0,-25.0,8.0,0.025,1e-05,0.025,1e-05,0.0250000008055245,2.597209813380474e-05,0.0250000005482174,2.054786505062607e-05,0.0250000049150412,4.973540748963268e-05,0.0250000051398202,5.1754899146544905e-05,1344212,46261,723,46441,723,0.0344149583547833,0.0005378615873091,0.0345488658039059,0.0005378615873091
03-11-2021,126.94,161.2,-9.0,2.0,40.0,-25.0,-23.0,7.0,0.025,1e-05,0.025,1e-05,0.0250000005482174,2.054786505062607e-05,0.025,1e-05,0.0250000051409355,5.177427701583383e-05,0.0250000051404466,5.183587630725995e-05,1344212,46448,723,46650,723,0.0345540733158162,0.0005378615873091,0.0347043472309427,0.0005378615873091
03-12-2021,126.94,161.2,-8.0,-1.0,35.0,-26.0,-25.0,8.0,0.025,1e-05,0.025,1e-05,0.025,1e-05,0.025,1e-05,0.0250000051418796,5.185788929707142e-05,0.0250000052126023,5.266238252377125e-05,1344212,46657,723,46856,724,0.034709554742853,0.0005378615873091,0.0348575968671608,0.000538605517582
03-13-2021,149.26,219.95,-6.0,0.0,8.0,-19.0,-12.0,4.0,0.025,1e-05,0.025,1e-05,0.025,1e-05,0.025,1e-05,0.0250000052137883,5.268194609093044e-05,0.025000005458551,5.513157477891647e-05,1344212,46863,724,47025,724,0.0348628043790711,0.000538605517582,0.0349833210832815,0.000538605517582
03-14-2021,116.53,135.81,-2.0,2.0,8.0,-12.0,-9.0,3.0,0.025,1e-05,0.025,1e-05,0.025,1e-05,0.025,1e-05,0.025000005459618,5.514967476991259e-05,0.0250000054836189,5.56439629181428e-05,1344212,47032,724,47199,725,0.0349885285951918,0.000538605517582,0.0351127649507666,0.0005393494478549
03-15-2021,116.06,131.08,-12.0,-2.0,-10.0,-32.0,-26.0,9.0,0.025,1e-05,0.025,1e-05,0.025,1e-05,0.025,1e-05,0.0250000054845568,5.5660352647130734e-05,0.0250000052918439,5.419296809450326e-05,1344212,47206,725,47388,725,0.035117972462677,0.0005393494478549,0.0352533677723454,0.0005393494478549
03-16-2021,122.03,144.44,-7.0,4.0,18.0,-25.0,-25.0,8.0,0.025,1e-05,0.025,1e-05,0.025,1e-05,0.025,1e-05,0.0250000052927288,5.420817184913136e-05,0.0250000052710838,5.435788546818758e-05,1344212,47395,725,47388,725,0.0352585752842557,0.0005393494478549,0.0352533677723454,0.0005393494478549
03-17-2021,127.36,165.44,5.0,7.0,30.0,-24.0,-24.0,7.0,0.025,1e-05,0.025,1e-05,0.025,1e-05,0.025,1e-05,0.0250000052713666,5.436673087050797e-05,0.0250000054324733,5.623004164696495e-05,1344212,47591,725,47832,727,0.0354043856177448,0.0005393494478549,0.0355836728135145,0.0005408373084007
03-18-2021,126.3,150.37,-6.0,1.0,2.0,-26.0,-23.0,8.0,0.025,1e-05,0.025,1e-05,0.025,1e-05,0.025,1e-05,0.025000005432599,5.623644094889024e-05,0.0250000053908066,5.6201807189299145e-05,1344212,47832,727,48072,728,0.0355836728135145,0.0005408373084007,0.0357622160790113,0.0005415812386736
03-19-2021,152.09,198.85,-7.0,-3.0,3.0,-29.0,-26.0,9.0,0.025,1e-05,0.025,1e-05,0.025,1e-05,0.025,1e-05,0.0250000053913057,5.62106141675498e-05,0.0250000052408382,5.517131703761876e-05,1344212,48071,728,48293,728,0.0357614721487384,0.0005415812386736,0.035926624669323,0.0005415812386736
03-20-2021,159.48,253.77,0.0,-1.0,48.0,-15.0,-10.0,3.0,0.025,1e-05,0.025,1e-05,0.025,1e-05,0.025,1e-05,0.0250000052413624,5.517915916862149e-05,0.0250000052831195,5.592544675513991e-05,1344212,48293,728,48464,729,0.035926624669323,0.0005415812386736,0.0360538367459894,0.0005423251689465
03-21-2021,134.14,184.43,14.0,10.0,102.0,-1.0,-7.0,0.0,0.025,1e-05,0.025,1e-05,0.025,1e-05,0.025,1e-05,0.0250000052835399,5.593097910891753e-05,0.0250000054142081,5.746759549661052e-05,1344212,48464,729,48643,729,0.0360538367459894,0.0005423251689465,0.0361870002648391,0.0005423251689465
03-22-2021,126.96,167.07,1.0,5.0,51.0,-20.0,-25.0,6.0,0.025,1e-05,0.025,1e-05,0.025,1e-05,0.025,1e-05,0.0250000053131839,5.654089730715325e-05,0.0250000052258464,5.60774958573409e-05,1344212,48642,729,48774,731,0.0361862563345662,0.0005423251689465,0.0362844551305895,0.0005438130294923
03-23-2021,128.85,174.14,1.0,5.0,58.0,-21.0,-24.0,7.0,0.025,1e-05,0.025,1e-05,0.025,1e-05,0.025,1e-05,0.0250000052259261,5.607828614621512e-05,0.0250000053489447,5.747366750953381e-05,1344212,48773,731,48973,731,0.0362837112003166,0.0005438130294923,0.0364324972548972,0.0005438130294923
03-24-2021,130.07,162.53,-1.0,3.0,26.0,-20.0,-25.0,8.0,0.025,1e-05,0.025,1e-05,0.025,1e-05,0.025,1e-05,0.0250000053489447,5.747366750953381e-05,0.0250000054556416,5.870564310852034e-05,1344212,48972,731,49191,731,0.0364317533246243,0.0005438130294923,0.0365946740543902,0.0005438130294923
03-25-2021,126.96,159.49,-7.0,2.0,14.0,-23.0,-23.0,8.0,0.025,1e-05,0.025,1e-05,0.025,1e-05,0.025,1e-05,0.0250000054556416,5.870564310852034e-05,0.0250000053491665,5.796006905374721e-05,1344212,49190,731,49444,731,0.0365939301241173,0.0005438130294923,0.0367828884134347,0.0005438130294923
03-26-2021,147.85,195.42,-12.0,-6.0,-7.0,-27.0,-26.0,10.0,0.025,1e-05,0.025,1e-05,0.025,1e-05,0.025,1e-05,0.0250000053491665,5.796006905374721e-05,0.025000003690268,4.292818383023488e-05,1344212,49443,731,49654,736,0.0367821444831618,0.0005438130294923,0.0369391137707445,0.0005475326808568
03-27-2021,161.76,242.47,-1.0,0.0,30.0,-10.0,-11.0,3.0,0.025,1e-05,0.025,1e-05,0.025,1e-05,0.025,1e-05,0.025000003690268,4.292818383023488e-05,0.0250000013422639,2.138941788363711e-05,1344212,49653,736,49653,736,0.0369383698404715,0.0005475326808568,0.0369383698404715,0.0005475326808568
03-28-2021,118.25,142.4,-2.0,0.0,-11.0,-14.0,-11.0,4.0,0.025,1e-05,0.025,1e-05,0.025,1e-05,0.025,1e-05,0.0250000013422596,2.13894087809384e-05,0.0250000014501254,2.244135869893391e-05,1344212,49850,736,50030,736,0.0370849241042335,0.0005475326808568,0.0372188315533561,0.0005475326808568
03-29-2021,123.32,152.04,-3.0,3.0,15.0,-23.0,-25.0,7.0,0.025,1e-05,0.025,1e-05,0.025,1e-05,0.025,1e-05,0.0250000014501254,2.244135869893391e-05,0.0250000014425832,2.2465165702210263e-05,1344212,50030,736,50253,738,0.0372188315533561,0.0005475326808568,0.0373847280042136,0.0005490205414026
03-30-2021,130.55,168.33,1.0,7.0,50.0,-20.0,-24.0,6.0,0.025,1e-05,0.025,1e-05,0.025,1e-05,0.025,1e-05,0.0250000014425832,2.2465165702210263e-05,0.025000001446132,2.255125190863745e-05,1344212,50253,738,50504,743,0.0373847280042136,0.0005490205414026,0.0375714545027123,0.0005527401927672
03-31-2021,131.8,165.02,1.0,5.0,30.0,-21.0,-25.0,7.0,0.025,1e-05,0.025,1e-05,0.025,1e-05,0.025,1e-05,0.0250000014461291,2.2551262628058083e-05,0.0250000015979262,2.38705009748578e-05,1344212,50504,743,50788,743,0.0375714545027123,0.0005527401927672,0.0377827307002169,0.0005527401927672
04-01-2021,130.88,162.37,-4.0,5.0,-1.0,-23.0,-23.0,8.0,0.025,1e-05,0.025,1e-05,0.025,1e-05,0.025,1e-05,0.0250000015979262,2.38705009748578e-05,0.0250000017352553,2.510593052140779e-05,1344212,50788,744,51191,744,0.0377827307002169,0.0005534841230401,0.0380825346001969,0.0005534841230401
04-02-2021,157.68,216.81,-1.0,8.0,18.0,-20.0,-25.0,8.0,0.025,1e-05,0.025,1e-05,0.025,1e-05,0.025,1e-05,0.0250000017463835,2.5176222240689956e-05,0.0250000016594524,2.438637865328547e-05,1344212,51189,744,51470,745,0.0380810467396511,0.0005534841230401,0.038290091146337,0.000554228053313
04-03-2021,154.12,226.55,3.0,20.0,27.0,-11.0,-10.0,2.0,0.025,1e-05,0.025,1e-05,0.025,1e-05,0.025,1e-05,0.0250000016697246,2.4453715255000787e-05,0.0250000017917674,2.5586513635289325e-05,1344212,51470,745,51765,745,0.038290091146337,0.000554228053313,0.0385095505768435,0.000554228053313
04-04-2021,100.12,124.04,-47.0,-42.0,56.0,-13.0,-25.0,3.0,0.025,1e-05,0.025,1e-05,0.025,1e-05,0.025,1e-05,0.0250000018012372,2.565115623088369e-05,0.0250000020176963,2.7686712419845704e-05,1344212,51765,745,51988,746,0.0385095505768435,0.000554228053313,0.0386754470277009,0.0005549719835859
04-05-2021,127.32,144.15,2.0,11.0,7.0,-21.0,-26.0,7.0,0.025,1e-05,0.025,1e-05,0.025,1e-05,0.025,1e-05,0.0250000020264245,2.774871995274908e-05,0.0250000021370941,2.8798251439132567e-05,1344212,51986,746,52278,746,0.0386739591671551,0.0005549719835859,0.0388911868068429,0.0005549719835859
04-06-2021,133.46,166.32,-1.0,6.0,48.0,-18.0,-24.0,7.0,0.025,1e-05,0.025,1e-05,0.025,1e-05,0.025,1e-05,0.0250000021451039,2.8857528252709386e-05,0.0250000020306076,2.7851411455950303e-05,1344212,52277,746,52679,747,0.03889044287657,0.0005549719835859,0.0391895028462772,0.0005557159138588
04-07-2021,139.34,170.96,4.0,6.0,43.0,-16.0,-25.0,7.0,0.025,1e-05,0.025,1e-05,0.025,1e-05,0.025,1e-05,0.0250000020379008,2.790757169031266e-05,0.0250000021376865,2.885370938991444e-05,1344212,52677,747,52999,748,0.0391880149857314,0.0005557159138588,0.0394275605336063,0.0005564598441317
04-08-2021,145.56,187.86,1.0,8.0,68.0,-12.0,-22.0,6.0,0.025,1e-05,0.025,1e-05,0.025,1e-05,0.025,1e-05,0.0250000021443754,2.8907792067467265e-05,0.025,1e-05,1344212,52996,748,53438,750,0.0394253287427876,0.0005564598441317,0.0397541459234108,0.0005579477046775
04-09-2021,167.61,221.96,-2.0,2.0,66.0,-18.0,-25.0,7.0,0.025,1e-05,0.025,1e-05,0.025,1e-05,0.025,1e-05,0.025,1e-05,0.025,1e-05,1344212,53434,750,53745,750,0.0397511702023192,0.0005579477046775,0.0399825325171922,0.0005579477046775
04-10-2021,178.38,288.49,3.0,4.0,87.0,-6.0,-11.0,1.0,0.025,1e-05,0.025,1e-05,0.025,1e-05,0.025,1e-05,0.025,1e-05,0.025,1e-05,1344212,53745,750,53963,750,0.0399825325171922,0.0005579477046775,0.0401447093166851,0.0005579477046775
04-11-2021,133.56,173.22,11.0,11.0,68.0,2.0,-9.0,1.0,0.025,1e-05,0.025,1e-05,0.025,1e-05,0.025,1e-05,0.025,1e-05,0.025,1e-05,1344212,53960,750,54258,751,0.0401424775258664,0.0005579477046775,0.0403641687471916,0.0005586916349504
04-12-2021,135.4,160.76,2.0,8.0,45.0,-17.0,-25.0,6.0,0.025,1e-05,0.025,1e-05,0.025,1e-05,0.025,1e-05,0.025,1e-05,0.025,1e-05,1344212,54256,751,54828,753,0.0403626808866458,0.0005586916349504,0.0407882090027465,0.0005601794954962
04-13-2021,137.73,169.88,1.0,7.0,66.0,-17.0,-25.0,6.0,0.025,1e-05,0.025,1e-05,0.025,1e-05,0.025,1e-05,0.025,1e-05,0.025,1e-05,1344212,54827,753,55375,757,0.0407874650724736,0.0005601794954962,0.0411951388620247,0.0005631552165878
04-14-2021,142.91,182.09,4.0,7.0,62.0,-12.0,-25.0,6.0,0.025,1e-05,0.025,1e-05,0.025,1e-05,0.025,1e-05,0.025,1e-05,0.025,1e-05,1344212,55374,757,55953,758,0.0411943949317518,0.0005631552165878,0.0416251305597628,0.0005638991468607
04-15-2021,145.07,183.67,0.0,10.0,58.0,-15.0,-23.0,6.0,0.025,1e-05,0.025,1e-05,0.025,1e-05,0.025,1e-05,0.025,1e-05,0.025,1e-05,1344212,55954,758,56526,763,0.0416258744900358,0.0005638991468607,0.0420514026061365,0.0005676187982252
04-16-2021,143.3,184.78,-18.0,-9.0,-17.0,-26.0,-30.0,12.0,0.025,1e-05,0.025,1e-05,0.025,1e-05,0.025,1e-05,0.025,1e-05,0.025,1e-05,1344212,56525,763,56939,764,0.0420506586758636,0.0005676187982252,0.0423586458088456,0.0005683627284981
04-17-2021,159.03,249.56,-6.0,-2.0,0.0,-10.0,-14.0,5.0,0.025,1e-05,0.025,1e-05,0.025,1e-05,0.025,1e-05,0.025,1e-05,0.025,1e-05,1344212,56939,764,57285,765,0.0423586458088456,0.0005683627284981,0.0426160456832701,0.000569106658771
04-18-2021,141.44,196.44,9.0,7.0,80.0,6.0,-11.0,1.0,0.025,1e-05,0.025,1e-05,0.025,1e-05,0.025,1e-05,0.025,1e-05,0.025,1e-05,1344212,57285,765,57545,767,0.0426160456832701,0.000569106658771,0.042809467554225,0.0005705945193168
04-19-2021,153.25,213.38,10.0,10.0,103.0,-8.0,-38.0,7.0,0.025,1e-05,0.025,1e-05,0.025,1e-05,0.025,1e-05,0.025,1e-05,0.0250000013666683,2.115618059774572e-05,1344212,57545,767,57965,767,0.042809467554225,0.0005705945193168,0.0431219182688445,0.0005705945193168
04-20-2021,156.6,209.84,9.0,12.0,110.0,-6.0,-32.0,6.0,0.025,1e-05,0.025,1e-05,0.025,1e-05,0.025,1e-05,0.025000001368109,2.1180156206179492e-05,0.0250000014179458,2.157022610737274e-05,1344212,57965,767,58466,768,0.0431219182688445,0.0005705945193168,0.043494627335569,0.0005713384495897
04-21-2021,147.45,197.34,3.0,5.0,44.0,-9.0,-32.0,8.0,0.025,1e-05,0.025,1e-05,0.025,1e-05,0.025,1e-05,0.0250000014191419,2.159200747684873e-05,0.0250000015775111,2.300776842980777e-05,1344212,58465,768,58868,769,0.0434938834052961,0.0005713384495897,0.0437936873052762,0.0005720823798627
04-22-2021,152.27,190.76,-2.0,5.0,20.0,-12.0,-31.0,8.0,0.025,1e-05,0.025,1e-05,0.025,1e-05,0.025,1e-05,0.0250000015784933,2.302742258308747e-05,0.025000001506761,2.233492103976645e-05,1344212,58868,769,59239,771,0.0437936873052762,0.0005720823798627,0.0440696854365234,0.0005735702404085
04-23-2021,177.08,251.66,-2.0,4.0,56.0,-14.0,-32.0,8.0,0.025,1e-05,0.025,1e-05,0.025,1e-05,0.025,1e-05,0.0250000015075491,2.2352456467822026e-05,0.0250000016702833,2.3812207488282745e-05,1344212,59239,771,59612,772,0.0440696854365234,0.0005735702404085,0.0443471714283163,0.0005743141706814
04-24-2021,181.44,287.3,1.0,4.0,115.0,0.0,-13.0,1.0,0.025,1e-05,0.025,1e-05,0.025,1e-05,0.025,1e-05,0.0250000016708977,2.3827642810868344e-05,0.0250000018298667,2.527363382945092e-05,1344212,59612,772,59777,772,0.0443471714283163,0.0005743141706814,0.0444699199233454,0.0005743141706814
04-25-2021,133.11,161.22,7.0,8.0,51.0,6.0,-10.0,2.0,0.025,1e-05,0.025,1e-05,0.025,1e-05,0.025,1e-05,0.02500000183033,2.5287008425861876e-05,0.0250000019738452,2.664263359664152e-05,1344212,59776,772,60005,772,0.0444691759930725,0.0005743141706814,0.0446395360255673,0.0005743141706814
04-26-2021,139.03,164.22,2.0,9.0,52.0,-13.0,-25.0,6.0,0.025,1e-05,0.025,1e-05,0.025,1e-05,0.025,1e-05,0.0250000019741801,2.6653989345301623e-05,0.0250000015269942,2.2585893829404437e-05,1344212,60005,772,60430,777,0.0446395360255673,0.0005743141706814,0.0449557063915513,0.0005780338220459
04-27-2021,146.13,180.66,4.0,11.0,105.0,-10.0,-24.0,5.0,0.025,1e-05,0.025,1e-05,0.025,1e-05,0.025,1e-05,0.0250000015272326,2.2595358138042486e-05,0.0250000017030168,2.414875445174481e-05,1344212,60430,777,60691,778,0.0449557063915513,0.0005780338220459,0.0451498721927791,0.0005787777523188
04-28-2021,146.92,188.36,4.0,8.0,66.0,-13.0,-25.0,6.0,0.025,1e-05,0.025,1e-05,0.025,1e-05,0.025,1e-05,0.0250000017022241,2.4153068249213614e-05,0.0250000018725365,2.5685706299291123e-05,1344212,60691,778,60946,782,0.0451498721927791,0.0005787777523188,0.0453395744123694,0.0005817534734104
04-29-2021,144.48,179.14,-1.0,8.0,48.0,-10.0,-23.0,6.0,0.025,1e-05,0.025,1e-05,0.025,1e-05,0.025,1e-05,0.0250000018726175,2.5691263060516467e-05,0.0250000018425055,2.5283027719524228e-05,1344212,60945,782,61213,784,0.0453388304820965,0.0005817534734104,0.0455382037952346,0.0005832413339562
04-30-2021,167.55,227.59,-4.0,2.0,15.0,-16.0,-25.0,9.0,0.025,1e-05,0.025,1e-05,0.025,1e-05,0.025,1e-05,0.0250000018425412,2.5286703898987195e-05,0.025000001465095,2.1660705917596712e-05,1344212,61213,784,61530,784,0.0455382037952346,0.0005832413339562,0.045774029691745,0.0005832413339562
05-01-2021,185.64,284.24,5.0,7.0,83.0,1.0,-10.0,1.0,0.025,1e-05,0.025,1e-05,0.025,1e-05,0.025,1e-05,0.0250000014651038,2.166253100937394e-05,0.0250000016510427,2.333366053051734e-05,1344212,61616,789,61847,789,0.0458380076952147,0.0005869609853207,0.0460098555882554,0.0005869609853207
05-02-2021,153.58,199.76,17.0,14.0,143.0,22.0,-7.0,-1.0,0.025,1e-05,0.025,1e-05,0.025,1e-05,0.025,1e-05,0.0250000015955707,2.2639784843642016e-05,0.0250000017627975,2.4209236461280604e-05,1344212,61847,789,62092,791,0.0460098555882554,0.0005869609853207,0.0461921185051167,0.0005884488458665
05-03-2021,148.26,180.12,8.0,15.0,76.0,-5.0,-25.0,5.0,0.025,1e-05,0.025,1e-05,0.025,1e-05,0.025,1e-05,0.0250000018204904,2.459061614698537e-05,0.0250000018783815,2.5131116999101488e-05,1344212,62092,790,62509,790,0.0461921185051167,0.0005877049155936,0.0465023374289174,0.0005877049155936
05-04-2021,148.9,182.88,8.0,15.0,88.0,-10.0,-24.0,5.0,0.025,1e-05,0.025,1e-05,0.025,1e-05,0.025,1e-05,0.0250000019190093,2.5416124798237603e-05,0.0250000020783575,2.6960424344587524e-05,1344212,62510,790,62857,791,0.0465030813591903,0.0005877049155936,0.0467612251638878,0.0005884488458665
05-05-2021,144.17,174.07,3.0,9.0,12.0,-16.0,-25.0,8.0,0.025,1e-05,0.025,1e-05,0.025,1e-05,0.025,1e-05,0.0250000021157015,2.7233051736241503e-05,0.0250000021514949,2.7645582402517405e-05,1344212,62858,791,63175,793,0.0467619690941607,0.0005884488458665,0.0469977949906711,0.0005899367064123
05-06-2021,161.62,213.36,4.0,13.0,91.0,-3.0,-22.0,5.0,0.025,1e-05,0.025,1e-05,0.025,1e-05,0.025,1e-05,0.0250000021856763,2.7905582747448005e-05,0.0250000023510313,2.949816981199413e-05,1344212,63176,793,63463,794,0.046998538920944,0.0005899367064123,0.0472120469092672,0.0005906806366852
05-07-2021,186.87,261.34,3.0,10.0,102.0,-3.0,-24.0,5.0,0.025,1e-05,0.025,1e-05,0.025,1e-05,0.025,1e-05,0.0250000023822563,2.9746117183450663e-05,0.0250000024231205,3.020051729834212e-05,1344212,63464,794,63750,795,0.0472127908395401,0.0005906806366852,0.0474255548975905,0.0005914245669581
05-08-2021,191.15,285.99,7.0,16.0,82.0,5.0,-10.0,0.0,0.025,1e-05,0.025,1e-05,0.025,1e-05,0.025,1e-05,0.0250000024516001,3.0436992853843328e-05,0.0250000024878384,3.0857464146133447e-05,1344212,63751,795,63994,795,0.0474262988278634,0.0005914245669581,0.0476070738841789,0.0005914245669581
05-09-2021,150.12,199.09,30.0,24.0,169.0,23.0,-7.0,-3.0,0.025,1e-05,0.025,1e-05,0.025,1e-05,0.025,1e-05,0.0250000025136798,3.108222418916673e-05,0.025000002410162,3.025334270786692e-05,1344212,63994,795,64208,795,0.0476070738841789,0.0005914245669581,0.0477662749625803,0.0005914245669581
05-10-2021,155.01,199.35,7.0,15.0,100.0,-6.0,-26.0,4.0,0.025,1e-05,0.025,1e-05,0.025,1e-05,0.025,1e-05,0.0250000024335713,3.0467089987195848e-05,0.025000002560184,3.1813209608073433e-05,1344212,64219,795,64446,797,0.0477744581955822,0.0005914245669581,0.0479433303675313,0.0005929124275039
05-11-2021,158.2,203.79,5.0,16.0,95.0,-10.0,-24.0,5.0,0.025,1e-05,0.025,1e-05,0.025,1e-05,0.025,1e-05,0.0250000025812582,3.201579448699663e-05,0.0250000027200921,3.342634468838572e-05,1344212,64457,797,64749,798,0.0479515136005332,0.0005929124275039,0.048168741240221,0.0005936563577768
05-12-2021,164.15,209.29,9.0,17.0,89.0,-3.0,-26.0,5.0,0.025,1e-05,0.025,1e-05,0.025,1e-05,0.025,1e-05,0.0250000027389115,3.361703565491385e-05,0.0250000027520682,3.385514845251184e-05,1344212,64748,798,65043,798,0.0481679973099481,0.0005936563577768,0.0483874567404546,0.0005936563577768
05-13-2021,169.37,229.3,6.0,17.0,122.0,-1.0,-23.0,4.0,0.025,1e-05,0.025,1e-05,0.025,1e-05,0.025,1e-05,0.0250000027688312,3.40348237344032e-05,0.025000002642325,3.301463823316466e-05,1344212,65044,798,65348,799,0.0483882006707275,0.0005936563577768,0.0486143554736901,0.0005944002880498
05-14-2021,196.23,295.46,5.0,12.0,126.0,-1.0,-27.0,4.0,0.025,1e-05,0.025,1e-05,0.025,1e-05,0.025,1e-05,0.0250000026572422,3.318432735122281e-05,0.0250000022723326,2.9739506740334272e-05,1344212,65348,799,65523,802,0.0486143554736901,0.0005944002880498,0.0487445432714482,0.0005966320788685
05-15-2021,200.92,336.64,8.0,14.0,154.0,13.0,-13.0,-1.0,0.025,1e-05,0.025,1e-05,0.025,1e-05,0.025,1e-05,0.0250000022855115,2.989910835851188e-05,0.0250000023056258,3.013913617404868e-05,1344212,65524,801,65715,802,0.0487452872017211,0.0005958881485956,0.0488873778838457,0.0005966320788685
05-16-2021,167.52,241.3,24.0,21.0,162.0,32.0,-7.0,-1.0,0.025,1e-05,0.025,1e-05,0.025,1e-05,0.025,1e-05,0.025000002303594,3.020156361067688e-05,0.0250000009376376,1.8102681916318918e-05,1344212,65716,802,65914,803,0.0488881218141186,0.0005966320788685,0.0490354200081534,0.0005973760091414
05-17-2021,166.76,223.22,15.0,21.0,131.0,5.0,-25.0,3.0,0.025,1e-05,0.025,1e-05,0.025,1e-05,0.025,1e-05,0.025000000936338,1.813193181291992e-05,0.0250000009293013,1.809917243782265e-05,1344212,65915,803,66115,805,0.0490361639384263,0.0005973760091414,0.049184949993007,0.0005988638696872
05-18-2021,170.87,230.85,13.0,20.0,144.0,-1.0,-24.0,4.0,0.025,1e-05,0.025,1e-05,0.025,1e-05,0.025,1e-05,0.0250000009277428,1.8124127750719157e-05,0.0250000009293777,1.814965927932729e-05,1344212,66114,805,66315,807,0.0491842060627341,0.0005988638696872,0.0493337360475877,0.000600351730233
05-19-2021,176.2,250.84,15.0,19.0,144.0,4.0,-24.0,4.0,0.025,1e-05,0.025,1e-05,0.025,1e-05,0.025,1e-05,0.0250000009276398,1.8170802741197303e-05,0.0250000008716675,1.7637518657483715e-05,1344212,66316,807,66534,816,0.0493344799778606,0.000600351730233,0.0494966567773535,0.0006070471026891
05-20-2021,182.99,262.37,11.0,20.0,147.0,3.0,-22.0,3.0,0.025,1e-05,0.025,1e-05,0.025,1e-05,0.025,1e-05,0.0250000008697877,1.765500347137591e-05,0.0250000009944506,1.8661653371888825e-05,1344212,66535,816,66703,818,0.0494974007076264,0.0006070471026891,0.0496223809934742,0.0006085349632349
05-21-2021,210.08,325.93,7.0,14.0,139.0,0.0,-25.0,4.0,0.025,1e-05,0.025,1e-05,0.025,1e-05,0.025,1e-05,0.0250000009924707,1.8675554741387653e-05,0.0250000010470183,1.9043253901496047e-05,1344212,66705,818,66863,819,0.04962386885402,0.0006085349632349,0.0497414098371387,0.0006092788935078
05-22-2021,212.33,361.22,8.0,12.0,142.0,7.0,-11.0,0.0,0.025,1e-05,0.025,1e-05,0.025,1e-05,0.025,1e-05,0.0250000010450196,1.9054016592812544e-05,0.0250000010962567,1.9418262348016767e-05,1344212,66863,819,66979,820,0.0497414098371387,0.0006092788935078,0.0498277057487955,0.0006100228237807
05-23-2021,181.63,260.08,25.0,22.0,178.0,32.0,-7.0,-2.0,0.025,1e-05,0.025,1e-05,0.025,1e-05,0.025,1e-05,0.0250000010941907,1.942539182341555e-05,0.0250000010758634,1.9164746423236918e-05,1344212,66979,820,67071,822,0.0498277057487955,0.0006100228237807,0.0498961473339026,0.0006115106843265
05-24-2021,176.52,244.83,17.0,22.0,138.0,4.0,-24.0,3.0,0.025,1e-05,0.025,1e-05,0.025,1e-05,0.025,1e-05,0.0250000010737997,1.916868353078176e-05,0.0250000011208562,1.9526312704601317e-05,1344212,67078,822,67132,824,0.049901354845813,0.0006115106843265,0.0499415270805497,0.0006129985448723
05-25-2021,178.03,246.19,17.0,22.0,153.0,5.0,-23.0,3.0,0.025,1e-05,0.025,1e-05,0.025,1e-05,0.025,1e-05,0.0250000011188246,1.952717004758322e-05,0.0250000012385472,2.056112278926907e-05,1344212,67139,824,67295,825,0.0499467345924601,0.0006129985448723,0.050062787715033,0.0006137424751452
05-26-2021,189.57,261.08,18.0,20.0,154.0,4.0,-24.0,4.0,0.025,1e-05,0.025,1e-05,0.025,1e-05,0.025,1e-05,0.02500000123661,2.0559338791261474e-05,0.0250000013471335,2.153526455456352e-05,1344212,67301,825,67416,825,0.0500672512966704,0.0006137424751452,0.0501528032780543,0.0006137424751452
05-27-2021,194.76,282.69,17.0,25.0,172.0,15.0,-21.0,2.0,0.025,1e-05,0.025,1e-05,0.025,1e-05,0.025,1e-05,0.0250000013452361,2.1530254478282904e-05,0.0250000011192121,1.9400715714194782e-05,1344212,67423,825,67544,825,0.0501580107899646,0.0006137424751452,0.0502480263529859,0.0006137424751452
05-28-2021,229.41,335.24,15.0,23.0,192.0,20.0,-27.0,3.0,0.025,1e-05,0.025,1e-05,0.025,1e-05,0.025,1e-05,0.0250000011174271,1.9392932189279493e-05,0.0250000011403039,1.9625395929830685e-05,1344212,67551,825,67651,825,0.0502532338648963,0.0006137424751452,0.0503276268921866,0.0006137424751452
05-29-2021,220.49,373.27,11.0,17.0,164.0,16.0,-14.0,0.0,0.025,1e-05,0.025,1e-05,0.025,1e-05,0.025,1e-05,0.0250000011386494,1.9614914339368937e-05,0.0250000009642314,1.8026714559304552e-05,1344212,67658,825,67738,825,0.0503328344040969,0.0006137424751452,0.0503923488259292,0.0006137424751452
05-30-2021,189.59,295.28,31.0,23.0,195.0,29.0,-8.0,-1.0,0.025,1e-05,0.025,1e-05,0.025,1e-05,0.025,1e-05,0.0250000009627654,1.8013911678922712e-05,0.0250000009044099,1.7544120964084198e-05,1344212,67745,825,67780,825,0.0503975563378395,0.0006137424751452,0.0504235938973911,0.0006137424751452
05-31-2021,187.48,220.09,14.0,10.0,116.0,5.0,-71.0,15.0,0.025,1e-05,0.025,1e-05,0.025,1e-05,0.025,1e-05,0.0250000009030808,1.7528502415438655e-05,0.0250000009586394,1.8155876770468065e-05,1344212,67787,825,67819,825,0.0504288014093015,0.0006137424751452,0.0504526071780344,0.0006137424751452
06-01-2021,187.28,270.18,19.0,28.0,183.0,13.0,-21.0,3.0,0.025,1e-05,0.025,1e-05,0.025,1e-05,0.025,1e-05,0.0250000006460241,1.5215502002500511e-05,0.0250000006974486,1.5819366167089602e-05,1344212,67819,825,67880,827,0.0504526071780344,0.0006137424751452,0.0504979869246815,0.000615230335691
06-02-2021,191.59,266.88,20.0,23.0,172.0,11.0,-22.0,3.0,0.025,1e-05,0.025,1e-05,0.025,1e-05,0.025,1e-05,0.0250000006965006,1.5803732196519667e-05,0.0250000006304947,1.5281649310312513e-05,1344212,67881,827,67986,837,0.0504987308549544,0.000615230335691,0.0505768435336092,0.0006226696384201
06-03-2021,195.51,279.47,19.0,25.0,148.0,11.0,-19.0,3.0,0.025,1e-05,0.025,1e-05,0.025,1e-05,0.025,1e-05,0.0250000006908839,1.584345135351626e-05,0.0250000007981507,1.678779348245472e-05,1344212,67986,837,68057,838,0.0505768435336092,0.0006226696384201,0.0506296625829854,0.000623413568693
06-04-2021,225.54,353.67,14.0,20.0,172.0,9.0,-21.0,3.0,0.025,1e-05,0.025,1e-05,0.025,1e-05,0.025,1e-05,0.0250000007974699,1.6775551615260225e-05,0.0250000008397195,1.7130995005643986e-05,1344212,68058,838,68154,839,0.0506304065132583,0.000623413568693,0.050701823819457,0.0006241574989659
06-05-2021,239.47,399.76,13.0,19.0,213.0,34.0,-8.0,-2.0,0.025,1e-05,0.025,1e-05,0.025,1e-05,0.025,1e-05,0.0250000008391616,1.712002845879037e-05,0.0250000008167413,1.688731347394456e-05,1344212,68155,839,68232,839,0.0507025677497299,0.0006241574989659,0.0507598503807435,0.0006241574989659
06-06-2021,213.87,301.78,36.0,32.0,293.0,62.0,-1.0,-5.0,0.025,1e-05,0.025,1e-05,0.025,1e-05,0.025,1e-05,0.0250000008162924,1.687758554494476e-05,0.0250000008438131,1.7151686200201e-05,1344212,68233,839,68262,839,0.0507605943110164,0.0006241574989659,0.0507821682889306,0.0006241574989659
06-07-2021,205.17,286.65,28.0,31.0,215.0,17.0,-24.0,3.0,0.025,1e-05,0.025,1e-05,0.025,1e-05,0.025,1e-05,0.0250000008434578,1.7143145445531766e-05,0.025000000860587,1.73516332171386e-05,1344212,68262,839,68332,840,0.0507821682889306,0.0006241574989659,0.0508342434080338,0.0006249014292388
06-08-2021,201.62,284.54,25.0,30.0,199.0,14.0,-23.0,4.0,0.025,1e-05,0.025,1e-05,0.025,1e-05,0.025,1e-05,0.0250000008603119,1.7344243569818796e-05,0.0250000009348705,1.810062421972542e-05,1344212,68333,840,68384,843,0.0508349873383067,0.0006249014292388,0.0508729277822248,0.0006271332200575
06-09-2021,207.73,317.44,24.0,26.0,180.0,13.0,-22.0,3.0,0.025,1e-05,0.025,1e-05,0.025,1e-05,0.025,1e-05,0.0250000009346959,1.8094614502014665e-05,0.025000001019295,1.891388424026399e-05,1344212,68386,843,68449,843,0.0508744156427706,0.0006271332200575,0.0509212832499635,0.0006271332200575
06-10-2021,213.9,318.85,22.0,31.0,199.0,21.0,-20.0,2.0,0.025,1e-05,0.025,1e-05,0.025,1e-05,0.025,1e-05,0.0250000010187882,1.890577478716827e-05,0.0250000009749013,1.854135371734217e-05,1344212,68449,843,68487,845,0.0509212832499635,0.0006271332200575,0.0509495526003338,0.0006286210806033
06-11-2021,238.57,371.4,14.0,20.0,166.0,16.0,-24.0,4.0,0.025,1e-05,0.025,1e-05,0.025,1e-05,0.025,1e-05,0.0250000009744484,1.853436605345025e-05,0.0250000009906762,1.8725475554650862e-05,1344212,68488,844,68540,845,0.0509502965306067,0.0006278771503304,0.0509889809047977,0.0006286210806033
06-12-2021,252.56,433.33,15.0,22.0,211.0,40.0,-7.0,-3.0,0.025,1e-05,0.025,1e-05,0.025,1e-05,0.025,1e-05,0.0250000009845027,1.8682816057691408e-05,0.0250000010557919,1.939869718478454e-05,1344212,68541,845,68590,845,0.0509897248350706,0.0006286210806033,0.0510261774184429,0.0006286210806033
06-13-2021,222.81,335.08,37.0,33.0,293.0,68.0,-1.0,-5.0,0.025,1e-05,0.025,1e-05,0.025,1e-05,0.025,1e-05,0.0250000010500871,1.9358446022986655e-05,0.0250000010536348,1.9455693642476196e-05,1344212,68590,845,68603,845,0.0510261774184429,0.0006286210806033,0.0510358485119906,0.0006286210806033
06-14-2021,207.44,295.58,26.0,30.0,171.0,21.0,-26.0,4.0,0.025,1e-05,0.025,1e-05,0.025,1e-05,0.025,1e-05,0.0250000010484643,1.941863507288696e-05,0.0250000009328916,1.840121769693277e-05,1344212,68606,845,68632,848,0.0510380803028093,0.0006286210806033,0.0510574224899048,0.000630852871422
06-15-2021,210.61,316.89,24.0,28.0,163.0,17.0,-24.0,5.0,0.025,1e-05,0.025,1e-05,0.025,1e-05,0.025,1e-05,0.0250000009859424,1.8912377150844505e-05,0.025000000996532,1.904570646564178e-05,1344212,68635,848,68683,853,0.0510596542807235,0.000630852871422,0.0510953629338229,0.0006345725227865
06-16-2021,224.62,332.42,27.0,28.0,210.0,20.0,-24.0,3.0,0.025,1e-05,0.025,1e-05,0.025,1e-05,0.025,1e-05,0.0250000009921979,1.9012892279393628e-05,0.0250000010246957,1.928155451868947e-05,1344212,68686,853,68717,854,0.0510975947246416,0.0006345725227865,0.0511206565631016,0.0006353164530594
06-17-2021,234.96,356.27,24.0,30.0,237.0,28.0,-24.0,2.0,0.025,1e-05,0.025,1e-05,0.025,1e-05,0.025,1e-05,0.0250000010207561,1.9250473763101097e-05,0.0250000009920496,1.8949888240608284e-05,1344212,68720,854,68753,854,0.0511228883539203,0.0006353164530594,0.0511474380529261,0.0006353164530594
06-18-2021,267.51,425.4,18.0,24.0,252.0,25.0,-30.0,3.0,0.025,1e-05,0.025,1e-05,0.025,1e-05,0.025,1e-05,0.0250000009885483,1.892106490295585e-05,0.0250000009506321,1.855829651012997e-05,1344212,68756,854,68776,854,0.0511496698437448,0.0006353164530594,0.0511645484492029,0.0006353164530594
06-19-2021,264.04,448.67,17.0,24.0,207.0,38.0,-9.0,-2.0,0.025,1e-05,0.025,1e-05,0.025,1e-05,0.025,1e-05,0.0250000009474103,1.8530562970639416e-05,0.0250000005025885,1.4342142637830867e-05,1344212,68794,854,68799,854,0.0511779391941152,0.0006353164530594,0.0511816588454797,0.0006353164530594
06-20-2021,228.64,332.72,41.0,38.0,345.0,79.0,-3.0,-6.0,0.025,1e-05,0.025,1e-05,0.025,1e-05,0.025,1e-05,0.0250000004996989,1.431608435981177e-05,0.0250000004480214,1.3864994367932414e-05,1344212,68826,854,68826,854,0.0512017449628481,0.0006353164530594,0.0512017449628481,0.0006353164530594
06-21-2021,234.58,356.15,29.0,29.0,247.0,24.0,-30.0,3.0,0.025,1e-05,0.025,1e-05,0.025,1e-05,0.025,1e-05,0.0250000004454077,1.3840283947709288e-05,0.0250000004435744,1.3880588071655048e-05,1344212,68846,854,68844,854,0.0512166235683061,0.0006353164530594,0.0512151357077603,0.0006353164530594
06-22-2021,229.11,353.98,25.0,27.0,189.0,20.0,-28.0,5.0,0.025,1e-05,0.025,1e-05,0.025,1e-05,0.025,1e-05,0.0250000004412886,1.3857783458132293e-05,0.0250000004338599,1.3860776642790822e-05,1344212,68866,854,68864,854,0.0512315021737642,0.0006353164530594,0.0512300143132184,0.0006353164530594
06-23-2021,243.01,385.85,29.0,27.0,243.0,25.0,-26.0,3.0,0.025,1e-05,0.025,1e-05,0.025,1e-05,0.025,1e-05,0.025000000431831,1.3839417479592684e-05,0.025,1e-05,1344212,68879,856,68889,856,0.051241173267312,0.0006368043136052,0.051248612570041,0.0006368043136052
06-24-2021,255.86,392.98,26.0,29.0,267.0,30.0,-25.0,2.0,0.025,1e-05,0.025,1e-05,0.025,1e-05,0.025,1e-05,0.025,1e-05,0.025,1e-05,1344212,68889,856,68924,858,0.051248612570041,0.0006368043136052,0.0512746501295926,0.0006382921741511
06-25-2021,281.65,460.2,19.0,20.0,208.0,22.0,-29.0,4.0,0.025,1e-05,0.025,1e-05,0.025,1e-05,0.025,1e-05,0.025,1e-05,0.025,1e-05,1344212,68925,858,68963,858,0.0512753940598655,0.0006382921741511,0.0513036634102358,0.0006382921741511
06-26-2021,282.65,476.71,17.0,19.0,226.0,48.0,-7.0,-2.0,0.025,1e-05,0.025,1e-05,0.025,1e-05,0.025,1e-05,0.025,1e-05,0.025,1e-05,1344212,68964,858,68969,858,0.0513044073405087,0.0006382921741511,0.0513081269918733,0.0006382921741511
06-27-2021,257.01,389.47,39.0,35.0,334.0,83.0,1.0,-5.0,0.025,1e-05,0.025,1e-05,0.025,1e-05,0.025,1e-05,0.025,1e-05,0.0250000003831457,1.369097381162463e-05,1344212,68977,858,68976,858,0.0513140784340565,0.0006382921741511,0.0513133345037836,0.0006382921741511
06-28-2021,240.94,356.88,33.0,32.0,271.0,31.0,-30.0,1.0,0.025,1e-05,0.025,1e-05,0.025,1e-05,0.025,1e-05,0.0250000003903184,1.3738220629619591e-05,0.0250000004193301,1.4111779821194714e-05,1344212,68990,858,69021,858,0.0513237495276042,0.0006382921741511,0.0513468113660642,0.0006382921741511
06-29-2021,240.48,353.18,28.0,30.0,276.0,24.0,-29.0,2.0,0.025,1e-05,0.025,1e-05,0.025,1e-05,0.025,1e-05,0.0250000004258983,1.415692961814908e-05,0.0250000004511586,1.4496531373196044e-05,1344212,69022,858,69037,858,0.0513475552963371,0.0006382921741511,0.0513587142504307,0.0006382921741511
06-30-2021,240.78,355.87,29.0,28.0,207.0,23.0,-26.0,4.0,0.025,1e-05,0.025,1e-05,0.025,1e-05,0.025,1e-05,0.0250000004571558,1.4539650673476315e-05,0.0250000004797516,1.4851949310088838e-05,1344212,69034,858,69054,859,0.051356482459612,0.0006382921741511,0.05137136106507,0.000639036104424
07-01-2021,249.5,372.1,32.0,38.0,253.0,37.0,-26.0,3.0,0.025,1e-05,0.025,1e-05,0.025,1e-05,0.025,1e-05,0.025000000485212,1.489311587935332e-05,0.0250000005104197,1.520872429860634e-05,1344212,69055,859,69069,860,0.051372104995343,0.000639036104424,0.0513825200191636,0.0006397800346969
07-02-2021,268.33,413.05,26.0,32.0,197.0,29.0,-33.0,6.0,0.025,1e-05,0.025,1e-05,0.025,1e-05,0.025,1e-05,0.0250000005155488,1.524952513981211e-05,0.0250000004311393,1.4506135690860676e-05,1344212,69070,860,69099,860,0.0513832639494365,0.0006397800346969,0.0514048379273507,0.0006397800346969
07-03-2021,262.57,448.01,19.0,32.0,220.0,56.0,-11.0,0.0,0.025,1e-05,0.025,1e-05,0.025,1e-05,0.025,1e-05,0.0250000004357644,1.4544883128163553e-05,0.025,1e-05,1344212,69099,860,69108,860,0.0514048379273507,0.0006397800346969,0.0514115332998068,0.0006397800346969
07-04-2021,220.13,373.43,26.0,28.0,325.0,55.0,-12.0,-2.0,0.025,1e-05,0.025,1e-05,0.025,1e-05,0.025,1e-05,0.025,1e-05,0.025,1e-05,1344212,69121,860,69118,860,0.0514212043933546,0.0006397800346969,0.0514189726025359,0.0006397800346969
07-05-2021,268.83,408.16,44.0,37.0,467.0,46.0,-64.0,7.0,0.025,1e-05,0.025,1e-05,0.025,1e-05,0.025,1e-05,0.025,1e-05,0.025,1e-05,1344212,69121,860,69136,860,0.0514212043933546,0.0006397800346969,0.0514323633474481,0.0006397800346969
07-06-2021,265.67,413.49,36.0,38.0,320.0,39.0,-31.0,4.0,0.025,1e-05,0.025,1e-05,0.025,1e-05,0.025,1e-05,0.025,1e-05,0.025,1e-05,1344212,69121,860,69156,861,0.0514212043933546,0.0006397800346969,0.0514472419529062,0.0006405239649698
07-07-2021,261.75,405.17,36.0,35.0,298.0,35.0,-28.0,3.0,0.025,1e-05,0.025,1e-05,0.025,1e-05,0.025,1e-05,0.025,1e-05,0.025,1e-05,1344212,69159,861,69192,861,0.0514494737437249,0.0006405239649698,0.0514740234427307,0.0006405239649698
07-08-2021,260.49,411.62,31.0,34.0,222.0,33.0,-27.0,4.0,0.025,1e-05,0.025,1e-05,0.025,1e-05,0.025,1e-05,0.025,1e-05,0.025,1e-05,1344212,69192,861,69201,862,0.0514740234427307,0.0006405239649698,0.0514807188151868,0.0006412678952427
07-09-2021,263.44,403.25,11.0,14.0,123.0,8.0,-32.0,9.0,0.025,1e-05,0.025,1e-05,0.025,1e-05,0.025,1e-05,0.025,1e-05,0.025,1e-05,1344212,69202,862,69218,862,0.0514814627454598,0.0006412678952427,0.0514933656298262,0.0006412678952427
07-10-2021,302.56,518.13,22.0,29.0,282.0,76.0,-5.0,-4.0,0.025,1e-05,0.025,1e-05,0.025,1e-05,0.025,1e-05,0.025,1e-05,0.025,1e-05,1344212,69220,862,69219,862,0.051494853490372,0.0006412678952427,0.0514941095600991,0.0006412678952427
07-11-2021,259.79,402.64,42.0,39.0,358.0,94.0,2.0,-5.0,0.025,1e-05,0.025,1e-05,0.025,1e-05,0.025,1e-05,0.025,1e-05,0.025,1e-05,1344212,69220,862,69251,862,0.051494853490372,0.0006412678952427,0.051517915328832,0.0006412678952427
07-12-2021,251.81,400.1,38.0,38.0,262.0,32.0,-29.0,3.0,0.025,1e-05,0.025,1e-05,0.025,1e-05,0.025,1e-05,0.025,1e-05,0.025,1e-05,1344212,69220,862,69284,862,0.051494853490372,0.0006412678952427,0.0515424650278378,0.0006412678952427
07-13-2021,253.37,404.68,35.0,37.0,267.0,35.0,-27.0,4.0,0.025,1e-05,0.025,1e-05,0.025,1e-05,0.025,1e-05,0.025,1e-05,0.025,1e-05,1344212,69285,862,69328,862,0.0515432089581107,0.0006412678952427,0.0515751979598456,0.0006412678952427
07-14-2021,254.29,405.56,35.0,33.0,203.0,25.0,-25.0,4.0,0.025,1e-05,0.025,1e-05,0.025,1e-05,0.025,1e-05,0.025,1e-05,0.025,1e-05,1344212,69325,867,69373,877,0.0515729661690269,0.0006449875466072,0.0516086748221262,0.0006524268493362
07-15-2021,271.18,422.59,33.0,37.0,308.0,39.0,-24.0,2.0,0.025,1e-05,0.025,1e-05,0.025,1e-05,0.025,1e-05,0.025,1e-05,0.025,1e-05,1344212,69374,877,69418,878,0.0516094187523991,0.0006524268493362,0.0516421516844069,0.0006531707796091
07-16-2021,303.47,485.67,23.0,28.0,279.0,30.0,-28.0,3.0,0.025,1e-05,0.025,1e-05,0.025,1e-05,0.025,1e-05,0.025,1e-05,0.025,1e-05,1344212,69418,878,69473,882,0.0516421516844069,0.0006531707796091,0.0516830678494166,0.0006561465007007
07-17-2021,303.2,532.98,22.0,27.0,245.0,63.0,-6.0,-2.0,0.025,1e-05,0.025,1e-05,0.025,1e-05,0.025,1e-05,0.025,1e-05,0.025,1e-05,1344212,69476,882,69474,882,0.0516852996402353,0.0006561465007007,0.0516838117796895,0.0006561465007007
07-18-2021,255.56,387.18,39.0,32.0,173.0,77.0,-1.0,-1.0,0.025,1e-05,0.025,1e-05,0.025,1e-05,0.025,1e-05,0.025,1e-05,0.025,1e-05,1344212,69476,882,69550,882,0.0516852996402353,0.0006561465007007,0.0517403504804301,0.0006561465007007
07-19-2021,256.11,415.25,36.0,37.0,243.0,37.0,-28.0,4.0,0.025,1e-05,0.025,1e-05,0.025,1e-05,0.025,1e-05,0.025,1e-05,0.025,1e-05,1344212,69476,882,69627,882,0.0516852996402353,0.0006561465007007,0.0517976331114437,0.0006561465007007
07-20-2021,255.61,417.77,33.0,36.0,293.0,33.0,-26.0,4.0,0.025,1e-05,0.025,1e-05,0.025,1e-05,0.025,1e-05,0.025,1e-05,0.025,1e-05,1344212,69627,882,69674,887,0.0517976331114437,0.0006561465007007,0.0518325978342701,0.0006598661520652
07-21-2021,261.2,430.26,35.0,34.0,229.0,30.0,-24.0,4.0,0.025,1e-05,0.025,1e-05,0.025,1e-05,0.025,1e-05,0.025,1e-05,0.025,1e-05,1344212,69675,887,69780,891,0.051833341764543,0.0006598661520652,0.0519114544431979,0.0006628418731569
07-22-2021,277.13,441.32,32.0,37.0,309.0,45.0,-23.0,2.0,0.025,1e-05,0.025,1e-05,0.025,1e-05,0.025,1e-05,0.025,1e-05,0.025,1e-05,1344212,69781,891,69834,891,0.0519121983734708,0.0006628418731569,0.0519516266779347,0.0006628418731569
07-23-2021,304.52,490.93,23.0,28.0,277.0,38.0,-28.0,3.0,0.025,1e-05,0.025,1e-05,0.025,1e-05,0.025,1e-05,0.025,1e-05,0.025,1e-05,1344212,69835,891,69905,897,0.0519523706082076,0.0006628418731569,0.0520044457273108,0.0006673054547943
07-24-2021,317.97,531.66,21.0,29.0,318.0,76.0,-4.0,-4.0,0.025,1e-05,0.025,1e-05,0.025,1e-05,0.025,1e-05,0.025,1e-05,0.025,1e-05,1344212,69905,897,69904,897,0.0520044457273108,0.0006673054547943,0.0520037017970379,0.0006673054547943
07-25-2021,278.25,410.05,41.0,34.0,202.0,81.0,2.0,-1.0,0.025,1e-05,0.025,1e-05,0.025,1e-05,0.0250000005583444,2.047673370904701e-05,0.025,1e-05,0.025,1e-05,1344212,69905,897,69990,897,0.0520044457273108,0.0006673054547943,0.0520676798005076,0.0006673054547943
07-26-2021,263.69,416.11,37.0,38.0,304.0,40.0,-28.0,3.0,0.025,1e-05,0.025,1e-05,0.0250000005594875,2.055621690947407e-05,0.0250000006123866,2.1759451677120384e-05,0.025,1e-05,0.025,1e-05,1344212,69905,897,70076,898,0.0520044457273108,0.0006673054547943,0.0521316578039773,0.0006680493850672
07-27-2021,260.87,411.77,33.0,38.0,299.0,34.0,-25.0,3.0,0.025,1e-05,0.025,1e-05,0.0250000006127447,2.180861096539733e-05,0.0250000006601932,2.2921591869087764e-05,0.025,1e-05,0.025,1e-05,1344212,70077,898,70141,899,0.0521324017342502,0.0006680493850672,0.052180013271716,0.0006687933153401
07-28-2021,268.85,445.82,37.0,36.0,292.0,36.0,-24.0,2.0,0.025,1e-05,0.025,1e-05,0.0250000006603213,2.294757780647401e-05,0.0250000007030966,2.396213721477252e-05,0.025,1e-05,0.025,1e-05,1344212,70141,899,70261,899,0.052180013271716,0.0006687933153401,0.0522692849044644,0.0006687933153401
07-29-2021,267.92,409.1,28.0,34.0,248.0,35.0,-23.0,3.0,0.025,1e-05,0.025,1e-05,0.0250000005583197,2.0942384441827877e-05,0.025,1e-05,0.025,1e-05,0.0250000005019983,1.366267074033647e-05,1344212,70261,899,70372,899,0.0522692849044644,0.0006687933153401,0.0523518611647567,0.0006687933153401
07-30-2021,300.97,509.19,26.0,30.0,252.0,34.0,-28.0,4.0,0.025,1e-05,0.025,1e-05,0.025,1e-05,0.025,1e-05,0.0250000005077438,1.3740393914511814e-05,0.0250000005799269,1.4451801579463414e-05,1344212,70372,899,70459,900,0.0523518611647567,0.0006687933153401,0.0524165830984993,0.000669537245613
07-31-2021,314.45,553.11,23.0,29.0,287.0,75.0,-3.0,-3.0,0.025,1e-05,0.025,1e-05,0.025,1e-05,0.025,1e-05,0.0250000005849578,1.452424204932544e-05,0.0250000006001887,1.470629842220553e-05,1344212,70463,900,70463,900,0.0524195588195909,0.000669537245613,0.0524195588195909,0.000669537245613
08-01-2021,281.83,422.89,46.0,41.0,342.0,100.0,4.0,-5.0,0.025,1e-05,0.025,1e-05,0.025,1e-05,0.025,1e-05,0.0250000006043691,1.4771950949518462e-05,0.0250000006119784,1.4908127621498684e-05,1344212,70463,900,70590,900,0.0524195588195909,0.000669537245613,0.0525140379642496,0.000669537245613
08-02-2021,260.04,432.93,39.0,39.0,258.0,36.0,-28.0,4.0,0.025,1e-05,0.025,1e-05,0.025,1e-05,0.025,1e-05,0.0250000006154829,1.4967958766503909e-05,0.0250000006701155,1.5573817381158412e-05,1344212,70463,900,70718,900,0.0524195588195909,0.000669537245613,0.0526092610391813,0.000669537245613
08-03-2021,261.61,423.92,40.0,43.0,329.0,39.0,-26.0,3.0,0.025,1e-05,0.025,1e-05,0.025,1e-05,0.025,1e-05,0.025000000673038,1.562816858156062e-05,0.0250000007215615,1.6194084127364757e-05,1344212,70718,900,70857,900,0.0526092610391813,0.000669537245613,0.0527126673471148,0.000669537245613
08-04-2021,266.63,434.99,37.0,37.0,286.0,37.0,-24.0,3.0,0.025,1e-05,0.025,1e-05,0.025,1e-05,0.025,1e-05,0.0250000007235759,1.6239898419974373e-05,0.0250000007663358,1.676539595178944e-05,1344212,70847,900,70997,900,0.0527052280443858,0.000669537245613,0.0528168175853213,0.000669537245613
08-05-2021,266.74,427.13,30.0,35.0,193.0,33.0,-25.0,5.0,0.025,1e-05,0.025,1e-05,0.025,1e-05,0.025,1e-05,0.0250000007681485,1.6808073261654507e-05,0.0250000008048123,1.7287140990032477e-05,1344212,70996,900,71141,901,0.0528160736550484,0.000669537245613,0.0529239435446194,0.0006702811758859
08-06-2021,306.76,504.54,23.0,30.0,315.0,39.0,-28.0,3.0,0.025,1e-05,0.025,1e-05,0.025,1e-05,0.025,1e-05,0.0250000008067307,1.732892082719052e-05,0.0250000007888829,1.7281611704964662e-05,1344212,71141,900,71304,901,0.0529239435446194,0.000669537245613,0.0530452041791027,0.0006702811758859
08-07-2021,311.91,515.06,20.0,29.0,297.0,74.0,-5.0,-3.0,0.025,1e-05,0.025,1e-05,0.025,1e-05,0.025,1e-05,0.0250000007841675,1.7276247963398324e-05,0.0250000008216424,1.774349599989677e-05,1344212,71306,901,71306,901,0.0530466920396485,0.0006702811758859,0.0530466920396485,0.0006702811758859
08-08-2021,279.25,425.66,45.0,41.0,341.0,101.0,3.0,-4.0,0.025,1e-05,0.025,1e-05,0.025,1e-05,0.025,1e-05,0.0250000008171618,1.7735538778827632e-05,0.0250000007957609,1.7649406565015364e-05,1344212,71306,901,71485,901,0.0530466920396485,0.0006702811758859,0.0531798555584982,0.0006702811758859
08-09-2021,265.58,431.67,39.0,39.0,268.0,37.0,-28.0,3.0,0.025,1e-05,0.025,1e-05,0.025,1e-05,0.025,1e-05,0.025000000791426,1.763794999878896e-05,0.0250000008198218,1.8027464282637095e-05,1344212,71305,901,71666,901,0.0530459481093756,0.0006702811758859,0.0533145069378937,0.0006702811758859
08-10-2021,263.39,446.3,37.0,43.0,294.0,39.0,-26.0,3.0,0.025,1e-05,0.025,1e-05,0.025,1e-05,0.025,1e-05,0.02500000081566,1.801257748867836e-05,0.0250000008404717,1.836733895351957e-05,1344212,71666,901,71883,901,0.0533145069378937,0.0006702811758859,0.0534759398071137,0.0006702811758859
08-11-2021,265.18,430.97,36.0,38.0,253.0,33.0,-25.0,4.0,0.025,1e-05,0.025,1e-05,0.025,1e-05,0.025,1e-05,0.0250000008365669,1.8349604311292464e-05,0.0250000008567808,1.8657834171671453e-05,1344212,71883,901,72119,903,0.0534759398071137,0.0006702811758859,0.0536515073515189,0.0006717690364317
08-12-2021,272.15,416.37,30.0,39.0,308.0,45.0,-25.0,3.0,0.025,1e-05,0.025,1e-05,0.025,1e-05,0.025,1e-05,0.02500000085409,1.864550873632875e-05,0.0250000008815516,1.8982574085981853e-05,1344212,72119,903,72332,904,0.0536515073515189,0.0006717690364317,0.0538099644996473,0.0006725129667046
08-13-2021,303.25,501.73,23.0,31.0,305.0,34.0,-29.0,4.0,0.025,1e-05,0.025,1e-05,0.025,1e-05,0.025,1e-05,0.0250000008781787,1.8958875574967e-05,0.0250000009082601,1.92988172313634e-05,1344212,72333,904,72521,904,0.0538107084299202,0.0006725129667046,0.0539505673212261,0.0006725129667046
08-14-2021,307.01,511.2,20.0,29.0,249.0,69.0,-5.0,-2.0,0.025,1e-05,0.025,1e-05,0.025,1e-05,0.025,1e-05,0.0250000006331,1.669077965841619e-05,0.025,1e-05,1344212,72522,904,72645,905,0.053951311251499,0.0006725129667046,0.0540428146750661,0.0006732568969775
08-15-2021,281.09,426.03,47.0,46.0,371.0,105.0,4.0,-5.0,0.025,1e-05,0.025,1e-05,0.025,1e-05,0.025,1e-05,0.025,1e-05,0.025,1e-05,1344212,72522,904,72769,906,0.053951311251499,0.0006725129667046,0.0541350620289061,0.0006740008272504
08-16-2021,260.8,431.03,41.0,42.0,299.0,39.0,-28.0,2.0,0.025,1e-05,0.025,1e-05,0.025,1e-05,0.025,1e-05,0.025,1e-05,0.025,1e-05,1344212,72522,904,72896,908,0.053951311251499,0.0006725129667046,0.0542295411735648,0.0006754886877962
08-17-2021,256.29,431.6,38.0,42.0,308.0,40.0,-27.0,3.0,0.025,1e-05,0.025,1e-05,0.025,1e-05,0.025,1e-05,0.025,1e-05,0.025,1e-05,1344212,72897,907,73087,909,0.0542302851038377,0.0006747447575233,0.0543716318556894,0.0006762326180691
08-18-2021,261.76,428.49,37.0,36.0,239.0,35.0,-24.0,4.0,0.025,1e-05,0.025,1e-05,0.025,1e-05,0.025,1e-05,0.025,1e-05,0.025,1e-05,1344212,73088,909,73269,921,0.0543723757859623,0.0006762326180691,0.0545070271653578,0.000685159781344
08-19-2021,263.96,409.66,28.0,34.0,215.0,34.0,-24.0,5.0,0.025,1e-05,0.025,1e-05,0.025,1e-05,0.025,1e-05,0.025,1e-05,0.025,1e-05,1344212,73270,921,73461,921,0.0545077710956307,0.000685159781344,0.0546498617777552,0.000685159781344
08-20-2021,295.37,492.23,24.0,29.0,273.0,33.0,-28.0,4.0,0.025,1e-05,0.025,1e-05,0.025,1e-05,0.025,1e-05,0.025,1e-05,0.025,1e-05,1344212,73455,922,73653,923,0.0546453981961178,0.0006859037116169,0.0547926963901527,0.0006866476418898
08-21-2021,305.95,483.47,19.0,27.0,249.0,73.0,-4.0,-2.0,0.025,1e-05,0.025,1e-05,0.025,1e-05,0.025,1e-05,0.025,1e-05,0.025,1e-05,1344212,73660,924,73659,924,0.054797903902063,0.0006873915721627,0.0547971599717901,0.0006873915721627
08-22-2021,218.5,321.16,31.0,32.0,171.0,58.0,2.0,-1.0,0.025,1e-05,0.025,1e-05,0.025,1e-05,0.025,1e-05,0.025,1e-05,0.025,1e-05,1344212,73660,924,73840,924,0.054797903902063,0.0006873915721627,0.0549318113511856,0.0006873915721627
08-23-2021,228.81,381.46,31.0,32.0,169.0,23.0,-28.0,6.0,0.025,1e-05,0.025,1e-05,0.025,1e-05,0.025,1e-05,0.025,1e-05,0.025,1e-05,1344212,73660,924,74022,924,0.054797903902063,0.0006873915721627,0.055067206660854,0.0006873915721627
08-24-2021,243.36,403.76,33.0,35.0,265.0,32.0,-26.0,4.0,0.025,1e-05,0.025,1e-05,0.025,1e-05,0.025,1e-05,0.025,1e-05,0.025,1e-05,1344212,74022,924,74309,926,0.055067206660854,0.0006873915721627,0.0552807146491773,0.0006888794327085
08-25-2021,254.86,419.04,33.0,34.0,257.0,34.0,-25.0,3.0,0.025,1e-05,0.025,1e-05,0.025,1e-05,0.025,1e-05,0.025,1e-05,0.025,1e-05,1344212,74313,926,74699,926,0.0552836903702689,0.0006888794327085,0.0555708474556096,0.0006888794327085
08-26-2021,263.01,433.14,30.0,34.0,266.0,39.0,-25.0,3.0,0.025,1e-05,0.025,1e-05,0.025,1e-05,0.025,1e-05,0.025,1e-05,0.025,1e-05,1344212,74703,926,74966,928,0.0555738231767012,0.0006888794327085,0.0557694768384748,0.0006903672932543
08-27-2021,297.34,508.61,23.0,27.0,257.0,32.0,-27.0,3.0,0.025,1e-05,0.025,1e-05,0.025,1e-05,0.025,1e-05,0.025,1e-05,0.025,1e-05,1344212,74966,928,75334,929,0.0557694768384748,0.0006903672932543,0.0560432431789033,0.0006911112235272
08-28-2021,283.38,521.28,20.0,23.0,217.0,59.0,-3.0,-1.0,0.025,1e-05,0.025,1e-05,0.025,1e-05,0.025,1e-05,0.025,1e-05,0.025,1e-05,1344212,75381,930,75381,930,0.0560782079017297,0.0006918551538001,0.0560782079017297,0.0006918551538001
08-29-2021,248.36,408.84,40.0,34.0,227.0,83.0,3.0,-3.0,0.025,1e-05,0.025,1e-05,0.025,1e-05,0.025,1e-05,0.025,1e-05,0.025,1e-05,1344212,75381,930,75619,931,0.0560782079017297,0.0006918551538001,0.0562552633066807,0.000692599084073
08-30-2021,224.86,453.95,30.0,32.0,182.0,22.0,-27.0,4.0,0.025,1e-05,0.025,1e-05,0.025,1e-05,0.025,1e-05,0.025,1e-05,0.025,1e-05,1344212,75381,930,75857,932,0.0560782079017297,0.0006918551538001,0.0564323187116318,0.0006933430143459
08-31-2021,223.94,443.61,29.0,33.0,229.0,25.0,-25.0,3.0,0.025,1e-05,0.025,1e-05,0.025,1e-05,0.025,1e-05,0.025,1e-05,0.025,1e-05,1344212,75856,932,76289,934,0.0564315747813588,0.0006933430143459,0.056753696589526,0.0006948308748917
