date,Missouri-apple-driving,Missouri-apple-walking,Missouri-google-retail_and_recreation,Missouri-google-grocery_and_pharmacy,Missouri-google-parks,Missouri-google-transit_stations,Missouri-google-workplaces,Missouri-google-residential,Missouri-jh_beta_7,Missouri-jh_gamma_7,Missouri-cdc_beta_7,Missouri-cdc_gamma_7,Missouri-jh_beta_14,Missouri-jh_gamma_14,Missouri-cdc_beta_14,Missouri-cdc_gamma_14,Missouri-jh_beta_30,Missouri-jh_gamma_30,Missouri-cdc_beta_30,Missouri-cdc_gamma_30,Missouri-census_pop,Missouri-jh_confirmed,Missouri-jh_death,Missouri-cdc_confirmed,Missouri-cdc_death,Missouri-jh_confirmed_ratio,Missouri-jh_death_ratio,Missouri-cdc_confirmed_ratio,Missouri-cdc_death_ratio
01-01-2021,70.59,90.35,-51.0,-46.0,-34.0,-52.0,-74.0,28.0,0.025,1e-05,0.0250000005106455,2.932518269046697e-05,0.0250000230379393,0.0001230946010628,0.0250000182764537,0.0001134754816707,0.0250000141434856,0.0001307084773694,0.0250000137587272,0.0001293793731281,6137428,445019,5747,450801,6899,0.0725090379878998,0.0009363857303091,0.0734511264327663,0.0011240865065952
01-02-2021,102.9,130.19,-27.0,-12.0,-25.0,-22.0,-19.0,9.0,0.0250000003516402,2.249248999731484e-05,0.0250000005048543,2.91940689192138e-05,0.0250000220757284,0.0001255898754137,0.0250000163232186,0.0001089271772719,0.0250000139563554,0.0001294827989872,0.0250000132846531,0.0001253844989463,6137428,448387,5751,453523,6938,0.073057802063014,0.0009370374691157,0.0738946346906228,0.0011304409599591
01-03-2021,88.62,102.64,-18.0,-11.0,-20.0,-15.0,-14.0,6.0,0.0250000003880754,2.4504697924085496e-05,0.0250000004820547,2.8352723482331047e-05,0.0250000186218974,0.0001181848780223,0.0250000155242149,0.0001078473506094,0.0250000135007017,0.0001259504590806,0.0250000129510071,0.000122727582027,6137428,451605,5770,456021,6985,0.0735821259328826,0.0009401332284468,0.0743016455753126,0.001138098890936
01-04-2021,101.9,125.25,-9.0,0.0,-17.0,-23.0,-29.0,10.0,0.0250000004337422,2.700212599393801e-05,0.0250000004671094,2.775806542333478e-05,0.0250000175268816,0.0001190923797428,0.0250000148533606,0.000106983825091,0.0250000129089027,0.0001211512219985,0.0250000127111716,0.0001209143351087,6137428,454015,5772,462534,7032,0.0739747985638283,0.0009404590978501,0.0753628392870759,0.001145756821913
01-05-2021,107.12,135.26,-11.0,-1.0,8.0,-20.0,-28.0,9.0,0.0250000004512193,2.8357366455805045e-05,0.0250000004636791,2.759074945235612e-05,0.0250000164198032,0.0001218149385586,0.0250000128448092,0.0001018261962829,0.0250000124280915,0.0001175302216085,0.0250000123498828,0.0001177660095263,6137428,458230,5987,467455,7086,0.0746615683312293,0.0009754900587021,0.0761646409538327,0.0011545552958014
01-06-2021,98.52,124.87,-10.0,-6.0,-25.0,-19.0,-26.0,8.0,0.0250000004205055,2.562503906181284e-05,0.0250000004575469,2.7210538320391022e-05,0.0250000031386646,6.982256879198309e-05,0.0250000116242061,9.85527328851835e-05,0.0250000127752272,0.0001210852585532,0.0250000122715116,0.0001172679305366,6137428,462063,6022,471868,7129,0.0752860970426048,0.0009811927732594,0.0768836717921578,0.0011615614879718
01-07-2021,100.37,120.85,-19.0,-8.0,-22.0,-23.0,-26.0,11.0,0.02500000039455,2.3668538630211503e-05,0.0250000004627861,2.738125270713337e-05,0.0250000027800121,6.106853692477254e-05,0.0250000107055629,9.673889710602016e-05,0.0250000131457817,0.0001248969239118,0.0250000118725444,0.0001139471798038,6137428,467936,6094,475713,7178,0.0762430125453202,0.0009929240717772,0.077510155719953,0.001169545288352
01-08-2021,119.5,150.61,-13.0,-12.0,-11.0,-20.0,-14.0,9.0,0.0250000004897177,2.7086348704327265e-05,0.0250000004798474,2.806029839362693e-05,0.0250000029364441,6.329164988362368e-05,0.0250000106047159,9.892878250667908e-05,0.0250000120701052,0.0001148027082169,0.025000011456538,0.0001103330989043,6137428,473282,6131,479274,7214,0.0771140614602729,0.0009989526557378,0.0780903661924832,0.0011754109376109
01-09-2021,118.54,153.36,-18.0,-6.0,-17.0,-18.0,-8.0,6.0,0.0250000005758273,3.07665815496877e-05,0.025000000482162,2.824755895683888e-05,0.0250000103765516,8.47916945172576e-05,0.025000010354353,9.820937995028857e-05,0.0250000120646141,0.0001149994709891,0.0250000110136226,0.0001064208056213,6137428,477617,6173,481017,7259,0.0778203833918703,0.0010057959132066,0.0783743613774369,0.0011827429991846
01-10-2021,88.15,104.77,-14.0,-7.0,-25.0,-21.0,-12.0,5.0,0.025000000685269,3.584030253087274e-05,0.025000000494538,2.884702964704097e-05,0.0250000115073484,9.341707544456602e-05,0.0250000095493677,9.552898299327904e-05,0.0250000116467683,0.0001113453851696,0.0250000107439493,0.0001041596996716,6137428,480558,6180,482668,7308,0.0782995743493854,0.0010069364561181,0.07864336656984,0.0011907267995648
01-11-2021,97.96,121.49,-16.0,-6.0,-17.0,-26.0,-26.0,10.0,0.0250000007249848,3.843123612212774e-05,0.0250000004933183,2.8799981597129903e-05,0.0250000123705816,0.0001029131483201,0.0250000037664762,8.218648429332033e-05,0.0250000119675116,0.0001147644814568,0.0250000105104235,0.0001022169861292,6137428,483211,6184,487027,7361,0.078731840112829,0.0010075881949246,0.0793535989342767,0.0011993623387516
01-12-2021,101.69,128.93,-16.0,-6.0,13.0,-23.0,-27.0,9.0,0.0250000007697,4.130198920469184e-05,0.0250000005012769,2.905626044710001e-05,0.0250000123027361,0.0001098094421027,0.0250000037897507,8.259562702232389e-05,0.0250000115917542,0.0001119254752489,0.0250000103375771,0.0001007173894341,6137428,486456,6383,490138,7407,0.0792605632196418,0.0010400122005504,0.0798604887910701,0.0012068573350269
01-13-2021,102.52,128.35,-10.0,-7.0,-2.0,-16.0,-25.0,7.0,0.0250000004933107,2.8390589606513167e-05,0.0250000004917164,2.8586286658225505e-05,0.0250000109072936,0.0001007365600769,0.0250000037671407,8.203416259366575e-05,0.0250000119889929,0.0001157323088822,0.0250000101358209,9.891100701325836e-05,6137428,489319,6411,492975,7456,0.0797270452704292,0.0010445743721963,0.0803227345396149,0.0012148411354072
01-14-2021,105.73,126.69,-20.0,-8.0,-20.0,-21.0,-26.0,10.0,0.0250000005652549,3.092792328518573e-05,0.0250000005069707,2.918014505012532e-05,0.0250000039778009,8.41500067519247e-05,0.0250000038086774,8.284001887971196e-05,0.0250000123610615,0.0001194174263893,0.0250000098052518,9.603593584774394e-05,6137428,492899,6457,495748,7488,0.0803103515022905,0.0010520693684716,0.080774552467255,0.0012200550458596
01-15-2021,108.46,137.22,-27.0,-22.0,-28.0,-25.0,-22.0,13.0,0.0250000005474166,2.9948588424774345e-05,0.0250000004961955,2.884409886918222e-05,0.0250000042633924,9.006738894831988e-05,0.0250000038625952,8.411062626614339e-05,0.0250000105814296,0.0001023158606904,0.0250000095901913,9.423975282402568e-05,6137428,497037,6492,497941,7530,0.0809845752976654,0.0010577720830289,0.0811318682679454,0.0012268983033283
01-16-2021,120.0,164.16,-23.0,-11.0,-22.0,-22.0,-12.0,7.0,0.0250000005858763,3.176578553892426e-05,0.0250000005123468,2.9663276535737225e-05,0.0250000045653337,9.674516247351723e-05,0.0250000038773894,8.456570584292452e-05,0.0250000103594547,0.0001003239856296,0.0250000094494645,9.314352011202296e-05,6137428,499866,6523,499377,7573,0.0814455175685971,0.0010628230587796,0.0813658424994965,0.0012339044954987
01-17-2021,91.88,115.82,-19.0,-12.0,-23.0,-23.0,-15.0,5.0,0.0250000005942654,3.260283648308193e-05,0.0250000005070253,2.9524196149923222e-05,0.0250000049865923,0.0001063271787914,0.0250000039346427,8.593877752843881e-05,0.0250000102177174,9.91994243511342e-05,0.0250000092572122,9.153049711364104e-05,6137428,502063,6526,500560,7619,0.0818034851080941,0.0010633118628845,0.0815585942515333,0.001241399491774
01-18-2021,104.65,129.57,-14.0,-9.0,-9.0,-26.0,-43.0,13.0,0.0250000006429378,3.556763251913448e-05,0.0250000004953869,2.903221315533006e-05,0.0250000051942132,0.0001118252524777,0.0250000039235473,8.579251628065906e-05,0.0250000102367329,9.97680032477169e-05,0.0250000089835001,8.909555516033906e-05,6137428,503740,6530,503461,7663,0.0820767266027397,0.0010639636016911,0.082031267820983,0.0012485686186461
01-19-2021,99.61,134.18,-20.0,-10.0,-5.0,-23.0,-27.0,9.0,0.025000000673806,3.775751146674761e-05,0.0250000004774849,2.8234052821238927e-05,0.0250000054751102,0.0001191468565606,0.0250000039375906,8.617894192710519e-05,0.0250000098867012,9.679295943273048e-05,0.0250000088923701,8.834962993818192e-05,6137428,506104,6543,506043,7708,0.0824619042374102,0.0010660817528124,0.0824519652206103,0.0012559006802197
01-20-2021,98.69,132.72,-13.0,-10.0,-15.0,-18.0,-25.0,7.0,0.0250000002599714,2.0480519118703773e-05,0.0250000004756811,2.8102622172644083e-05,0.0250000038453724,8.527387896782552e-05,0.0250000038789895,8.49629019761439e-05,0.0250000099006443,9.737458540641988e-05,0.0250000088138682,8.771202399821744e-05,6137428,508632,6742,508374,7746,0.0828738031631491,0.0010985057584382,0.0828317660101267,0.001262092198882
01-21-2021,106.22,138.03,-16.0,-8.0,12.0,-18.0,-24.0,8.0,0.0250000003752499,2.3812241437742224e-05,0.0250000004621651,2.754283938253606e-05,0.0250000040962807,8.970679344347e-05,0.0250000039042802,8.56224997051048e-05,0.0250000101754399,0.0001000667913121,0.0250000085040221,8.497711921762957e-05,6137428,511631,6778,510634,7780,0.0833624443333591,0.0011043714076971,0.0831999984358268,0.0012676319787376
01-22-2021,123.66,164.14,-11.0,-12.0,1.0,-16.0,-13.0,8.0,0.0250000004279358,2.5143445360215333e-05,0.0250000004804323,2.844567535920743e-05,0.0250000039944369,8.687507470783138e-05,0.0250000038539204,8.4739291320954e-05,0.0250000086385679,8.511806308466372e-05,0.0250000082743998,8.298232517685118e-05,6137428,514216,6823,512627,7826,0.0837836305370914,0.0011117034692708,0.0835247272961898,0.0012751269750129
01-23-2021,125.74,172.94,-17.0,-6.0,-4.0,-17.0,-8.0,5.0,0.0250000004937899,2.7534346581678546e-05,0.025000000480249,2.8468036335558425e-05,0.0250000041896949,9.06500661787347e-05,0.025000003928584,8.647776510412623e-05,0.0250000080697186,7.965030340900522e-05,0.0250000081166813,8.166158203581504e-05,6137428,516474,6841,513773,7859,0.0841515370933883,0.0011146362939003,0.0837114504642661,0.001280503820167
01-24-2021,87.58,109.21,-19.0,-8.0,-24.0,-23.0,-12.0,5.0,0.0250000005341527,2.954956633211503e-05,0.0250000004703058,2.81358340317268e-05,0.0250000042705787,9.245225793322507e-05,0.0250000038921872,8.588597064917111e-05,0.0250000080163818,7.930961080944051e-05,0.0250000081329786,8.200036328761358e-05,6137428,518742,6848,514757,7889,0.0845210729967015,0.0011157768368117,0.0838717782106771,0.0012853918612161
01-25-2021,92.13,114.54,-25.0,-16.0,-34.0,-30.0,-28.0,11.0,0.0250000006026776,3.334731167456796e-05,0.0250000004458978,2.722815448104949e-05,0.0250000045902576,9.992258488742888e-05,0.02500000379785,8.411898442496178e-05,0.0250000082829404,8.21427692445564e-05,0.0250000080561697,8.13794825763881e-05,6137428,520479,6855,517325,7920,0.0848040905734454,0.0011169173797232,0.0842901945244816,0.0012904428369668
01-26-2021,97.65,122.34,-21.0,-12.0,-16.0,-25.0,-28.0,10.0,0.0250000006419319,3.607538295486484e-05,0.0250000004228706,2.6373488846360777e-05,0.0250000048739691,0.0001069066178578,0.0250000036656973,8.157904805266323e-05,0.025000008487054,8.448774019228894e-05,0.0250000078630544,7.972127147434e-05,6137428,522677,6984,519275,7953,0.085162221047644,0.0011379359562344,0.0846079171926742,0.0012958196821209
01-27-2021,88.77,109.88,-29.0,-23.0,-38.0,-24.0,-33.0,12.0,0.0250000007448484,4.0099254003566346e-05,0.0250000003960858,2.5310460912177084e-05,0.0250000035177995,7.694291818235682e-05,0.025000003581979,8.00773392091225e-05,0.0250000088637549,8.825486127125549e-05,0.0250000077033281,7.837186857524551e-05,6137428,524857,7018,520870,7994,0.0855174186972132,0.0011434757360901,0.0848677980417855,0.001302500004888
01-28-2021,103.49,132.14,-19.0,-10.0,-20.0,-20.0,-26.0,10.0,0.025000000399466,2.4824079923856854e-05,0.0250000003915988,2.508749924336917e-05,0.0250000037234039,8.110185027771299e-05,0.0250000034758586,7.79719357902747e-05,0.0250000091634064,9.134233621754e-05,0.0250000074860109,7.659541638360074e-05,6137428,527523,7041,522644,8026,0.0859518026117781,0.0011472232342277,0.08515684420249,0.0013077139153404
01-29-2021,126.13,167.11,-10.0,-11.0,5.0,-15.0,-13.0,7.0,0.0250000004148815,2.537623656378539e-05,0.0250000003937423,2.5174681661178604e-05,0.0250000037188287,8.110287043956245e-05,0.0250000035202613,7.915830117426262e-05,0.0250000085680809,8.58207178647466e-05,0.0250000072657828,7.472933146468023e-05,6137428,530002,7055,524491,8058,0.0863557177371368,0.0011495043200506,0.085457784596414,0.0013129278257928
01-30-2021,119.18,163.63,-22.0,-14.0,-33.0,-23.0,-9.0,7.0,0.0250000003859721,2.439447902340888e-05,0.0250000003656174,2.396521612187355e-05,0.0250000002085907,7.34739849596963e-05,0.0250000034588423,7.803747419727576e-05,0.0250000080897029,8.149614253805813e-05,0.0250000071006774,7.340574917358923e-05,6137428,531550,7070,525479,8084,0.0866079406552712,0.0011519483405752,0.0856187640816315,0.0013171641280353
01-31-2021,89.3,104.89,-16.0,-9.0,-32.0,-22.0,-12.0,5.0,0.0250000004039497,2.5665390983464902e-05,0.0250000003611958,2.38588904398646e-05,0.0249999995823478,7.404172973028053e-05,0.0250000033660303,7.628342600408226e-05,0.0250000080419023,8.149555707374276e-05,0.0250000069839329,7.254351531197637e-05,6137428,532747,7071,526369,8105,0.086802973493131,0.0011521112752768,0.0857637759660887,0.0013205857567697
02-01-2021,98.31,119.63,-16.0,-7.0,-22.0,-25.0,-25.0,9.0,0.0250000004241241,2.7248157144629134e-05,0.0250000003548254,2.376469503780093e-05,0.0249999983653131,7.876598583852852e-05,0.0250000032186331,7.342721204421685e-05,0.0250000080422794,8.200425059693567e-05,0.0250000068883941,7.1821635063656e-05,6137428,534394,7074,528477,8135,0.0870713269467275,0.0011526000793817,0.08610724231714,0.0013254737978188
02-02-2021,101.48,127.6,-16.0,-8.0,1.0,-23.0,-25.0,8.0,0.0250000004293558,2.8094334047578897e-05,0.0250000003480373,2.3583525215367316e-05,0.0249999971511828,8.248856753321243e-05,0.0250000030943823,7.101683567054165e-05,0.0250000081884506,8.396875609662778e-05,0.0250000067925279,7.114395318850071e-05,6137428,536176,7340,530250,8158,0.087361676585045,0.0011959407100172,0.0863961255431428,0.0013292212959565
02-03-2021,105.65,134.22,-4.0,-1.0,5.0,-14.0,-23.0,5.0,0.0250000003592997,2.262241666539615e-05,0.0250000003315704,2.298591312576217e-05,0.0249999963264082,9.017912005382068e-05,0.0250000029425396,6.803147928198714e-05,0.02500000840971,8.602969172218767e-05,0.0250000066273133,6.978273076269439e-05,6137428,537804,7415,531867,8178,0.0876269342793104,0.00120816081264,0.0866595909556902,0.0013324799899892
02-04-2021,101.63,126.83,-20.0,-9.0,-26.0,-22.0,-24.0,10.0,0.0250000005133381,2.7501053169473703e-05,0.0250000002902963,2.131897936921929e-05,0.0250000035128814,7.623893347875333e-05,0.0250000028379897,6.612420811289255e-05,0.0250000088030161,8.970329294970867e-05,0.0250000063808995,6.775898752508739e-05,6137428,540007,7441,533260,8208,0.0879858794270173,0.0012123971148826,0.0868865589950709,0.0013373680310384
02-05-2021,129.41,170.69,-8.0,-5.0,6.0,-15.0,-12.0,7.0,0.0250000006449248,3.2707774076163896e-05,0.0250000002753985,2.067191431551216e-05,0.0250000038030373,8.113661367590346e-05,0.0250000027758121,6.502917721654111e-05,0.0250000074178591,7.59736481157849e-05,0.0250000061114871,6.542754940949478e-05,6137428,542198,7455,534524,8226,0.0883428693583044,0.0012146782007055,0.0870925084579403,0.0013403008556678
02-06-2021,110.8,154.66,-24.0,-2.0,-25.0,-24.0,-9.0,7.0,0.0250000007468433,3.770910408316336e-05,0.025,1e-05,0.0250000039169349,8.306239368893367e-05,0.0250000025756414,6.097893408740859e-05,0.0250000074638305,7.64582463532609e-05,0.0250000059298846,6.395496764087673e-05,6137428,543392,7472,535264,8235,0.0885374133920593,0.0012174480906334,0.0872130801371519,0.0013417672679826
02-07-2021,76.91,98.54,-36.0,-17.0,-47.0,-30.0,-17.0,6.0,0.0250000008075652,4.151609721130016e-05,0.025,1e-05,0.0249999989010589,7.47322598454963e-05,0.0250000024656233,5.904277859724282e-05,0.0250000071520662,7.356880670704318e-05,0.0250000056970658,6.198086771342731e-05,6137428,544197,7474,535841,8258,0.0886685758268773,0.0012177739600366,0.0873070934599966,0.0013455147661202
02-08-2021,86.52,100.59,-35.0,-22.0,-43.0,-29.0,-36.0,15.0,0.0250000008611682,4.532060626293178e-05,0.025,1e-05,0.0249999974109818,8.05526849394874e-05,0.0250000023838433,5.762914708902936e-05,0.0250000070926363,7.326388749793542e-05,0.0250000055667031,6.099854508249453e-05,6137428,545150,7475,537234,8272,0.0888238525975376,0.0012179368947383,0.0875340614993772,0.0013477958519431
02-09-2021,89.58,103.71,-31.0,-17.0,-36.0,-27.0,-40.0,16.0,0.0250000008825627,4.748881435673822e-05,0.025,1e-05,0.024999995796866,8.536073441710613e-05,0.0250000022787915,5.574041976481861e-05,0.0250000069813144,7.249835429200587e-05,0.0250000053856842,5.946807522675808e-05,6137428,546253,7485,538282,8294,0.0890035695734434,0.0012195662417546,0.087704817066693,0.0013513804153792
02-10-2021,88.24,106.17,-28.0,-18.0,-49.0,-24.0,-36.0,13.0,0.0250000002528722,2.0728704358004185e-05,0.025,1e-05,0.0250000037721893,8.360192810532816e-05,0.0250000021533468,5.328493396708679e-05,0.0250000071395894,7.44143957419951e-05,0.025000005173268,5.760482160185151e-05,6137428,547692,7496,539232,8311,0.0892380326090994,0.0012213585234726,0.0878596050332484,0.001354150305307
02-11-2021,97.63,118.24,-24.0,-10.0,-39.0,-23.0,-33.0,14.0,0.025,1e-05,0.025,1e-05,0.0250000036549037,8.261242430390274e-05,0.0250000019393675,4.8850539074398965e-05,0.0250000073030075,7.641053516053889e-05,0.0250000048886364,5.508010583590341e-05,6137428,549076,7721,540239,8330,0.0894635342361653,0.001258018831341,0.0880236802777971,0.0013572460646381
02-12-2021,121.58,158.56,-14.0,-6.0,-27.0,-19.0,-21.0,11.0,0.025,1e-05,0.025,1e-05,0.0249999969910888,7.215992776305647e-05,0.0250000018123544,4.6253390181031886e-05,0.0250000061392843,6.472944980543369e-05,0.025000004672463,5.318898742993556e-05,6137428,550158,7752,541190,8348,0.0896398295833368,0.0012630698070918,0.0881786311790541,0.0013601788892676
02-13-2021,114.94,165.84,-22.0,2.0,-40.0,-24.0,-11.0,7.0,0.025000000382418,2.280751635603212e-05,0.025,1e-05,0.0249999956803008,7.83807933866246e-05,0.0250000016817335,4.35373268449225e-05,0.0250000062569005,6.584707452090577e-05,0.0250000044354773,5.1069270803715344e-05,6137428,550972,7780,541697,8370,0.0897724584304695,0.0012676319787376,0.0882612390727842,0.0013637634527036
02-14-2021,77.96,104.76,-30.0,-12.0,-53.0,-34.0,-22.0,9.0,0.0250000004889828,2.708362550608873e-05,0.025,1e-05,0.0249999942737074,8.399485262620377e-05,0.0250000016151108,4.213046150480103e-05,0.0250000062124429,6.543776507620895e-05,0.0250000043255747,5.019225126996745e-05,6137428,551526,7782,542162,8388,0.0898627242551766,0.0012679578481409,0.0883370037090455,0.0013666962773331
02-15-2021,51.5,68.29,-59.0,-43.0,-63.0,-52.0,-63.0,26.0,0.0250000005827865,3.179078743282428e-05,0.025,1e-05,0.0249999921769202,9.085384751675384e-05,0.0250000015955675,4.173986532629085e-05,0.0250000062059708,6.554144945553982e-05,0.0250000041466711,4.8600117901489206e-05,6137428,552180,7783,542737,8398,0.0899692835500473,0.0012681207828425,0.0884306911624869,0.0013683256243494
02-16-2021,69.3,88.92,-38.0,-21.0,-42.0,-39.0,-54.0,22.0,0.0250000006398273,3.5441064861245615e-05,0.025,1e-05,0.0249999900889562,9.61205570551376e-05,0.0250000014689899,3.910319383662399e-05,0.0250000062173225,6.587991175841243e-05,0.0250000039609653,4.692903691641011e-05,6137428,552960,7787,543522,8412,0.0900963726173244,0.0012687725216491,0.0885585949032721,0.0013706067101724
02-17-2021,76.49,93.97,-34.0,-23.0,-52.0,-33.0,-43.0,16.0,0.0250000006490021,3.706577467472792e-05,0.025,1e-05,0.0250000031680703,7.127559726544226e-05,0.0250000014045198,3.783737722279915e-05,0.0250000064139401,6.81261288644753e-05,0.0250000037517306,4.5010061279442686e-05,6137428,553915,7821,544279,8424,0.0902519752573879,0.0012743123015047,0.0886819364724115,0.001372561926592
02-18-2021,96.4,118.15,-21.0,-9.0,-33.0,-27.0,-33.0,14.0,0.0250000006669073,3.8396861842353285e-05,0.025,1e-05,0.0250000026925148,6.135958021658689e-05,0.0250000013598532,3.703726304038836e-05,0.0250000066076169,7.031660231910558e-05,0.0250000035344092,4.3035322024715816e-05,6137428,554986,7997,545190,8438,0.0904264783228414,0.0013029888089929,0.088830369985603,0.0013748430124149
02-19-2021,120.5,154.6,-12.0,-10.0,-19.0,-18.0,-16.0,9.0,0.0250000002888582,2.024557780159774e-05,0.025,1e-05,0.0250000030185928,6.70309408540085e-05,0.0250000012093028,3.390515854959323e-05,0.0250000068273288,7.244886613054423e-05,0.0250000033114416,4.098529285006482e-05,6137428,555909,8048,545979,8455,0.0905768670524525,0.0013112984787764,0.0889589254651948,0.0013776129023428
02-20-2021,126.61,177.12,-13.0,-2.0,-6.0,-15.0,-3.0,4.0,0.025000000388124,2.3292779573034768e-05,0.025,1e-05,0.025000003468599,7.575210715705014e-05,0.0250000011826159,3.3442846232081644e-05,0.025000005717403,6.125848349596817e-05,0.0250000031416429,3.944423394218624e-05,6137428,556700,8059,546475,8468,0.0907057484014476,0.0013130907604944,0.0890397410772069,0.001379731053464
02-21-2021,89.56,106.43,-14.0,-8.0,-32.0,-18.0,-10.0,5.0,0.0250000004496834,2.576278024894629e-05,0.025,1e-05,0.0250000037990459,8.271336449239081e-05,0.0250000012413522,3.486959675766898e-05,0.0250000057422623,6.154297558023873e-05,0.0250000029984015,3.815923215068856e-05,6137428,557278,8059,546899,8486,0.0907999246589939,0.0013130907604944,0.0891088253907011,0.0013826638780935
02-22-2021,105.36,129.92,-11.0,-4.0,-3.0,-19.0,-23.0,8.0,0.0250000005298663,2.992238264391833e-05,0.025,1e-05,0.0250000041842994,9.169502220664276e-05,0.0250000011633881,3.3226156065243794e-05,0.0250000056763833,6.101510540730769e-05,0.0250000027740259,3.60351695845093e-05,6137428,558218,8062,547858,8504,0.0909530832785329,0.0013135795645993,0.0892650797695712,0.001385596702723
02-23-2021,113.4,144.33,-7.0,-2.0,62.0,-14.0,-24.0,6.0,0.0250000005796147,3.318467111662605e-05,0.025,1e-05,0.0249999945012622,7.53678435959042e-05,0.0250000011825408,3.365886669940248e-05,0.0250000057770353,6.223612206339415e-05,0.025000002649838,3.488629685150087e-05,6137428,559438,8206,548570,8512,0.0911518636145303,0.0013370421616351,0.0893810892771369,0.0013869001803361
02-24-2021,113.29,143.63,-2.0,-2.0,3.0,-8.0,-22.0,5.0,0.0250000007251343,3.905349966360774e-05,0.025,1e-05,0.0249999927793939,8.18697145441871e-05,0.0250000011038757,3.203149817380073e-05,0.0250000060297172,6.474194647582333e-05,0.0250000025415666,3.390134217572889e-05,6137428,560327,8223,549175,8523,0.0912967125642858,0.0013398120515629,0.0894796647716274,0.0013886924620541
02-25-2021,116.49,143.16,-10.0,-4.0,1.0,-11.0,-22.0,7.0,0.0250000007590525,4.04891182665368e-05,0.025,1e-05,0.0249999909595162,8.733854154172014e-05,0.0250000010687246,3.137833192567294e-05,0.0250000062667557,6.714920366041975e-05,0.0250000024109994,3.270870722413285e-05,6137428,561281,8255,549769,8532,0.0914521522696478,0.0013450259620153,0.0895764479843999,0.0013901588743688
02-26-2021,138.54,177.94,-5.0,-9.0,8.0,-8.0,-11.0,6.0,0.025000000422304,2.57429109428925e-05,0.025,1e-05,0.0250000034608349,7.578018213063356e-05,0.0250000010028749,3.00866483502947e-05,0.0250000056412298,6.092104662075049e-05,0.0250000022671285,3.1373514912650684e-05,6137428,561987,8270,550374,8543,0.0915671841690037,0.0013474699825399,0.0896750234788905,0.0013919511560868
02-27-2021,147.12,212.78,-6.0,2.0,68.0,-6.0,-5.0,2.0,0.0250000003772196,2.3994380213150248e-05,0.025,1e-05,0.0250000035396525,7.78310646922827e-05,0.025000000942806,2.891262424398677e-05,0.0250000056558711,6.119442900257794e-05,0.0250000020681523,2.947335838960228e-05,6137428,562624,8282,550683,8553,0.0916709735739466,0.0013494251989595,0.0897253703016964,0.0013935805031032
02-28-2021,103.44,124.1,-5.0,-2.0,0.0,-10.0,-10.0,3.0,0.0250000004123919,2.6059844660931455e-05,0.025,1e-05,0.0250000035910177,7.973468007828182e-05,0.0250000008360313,2.671235252188981e-05,0.0250000057179956,6.202254856115495e-05,0.0250000019281651,2.816457617320919e-05,6137428,562920,8281,551059,8568,0.0917192022456312,0.0013492622642579,0.089786633749512,0.0013960245236278
03-01-2021,110.92,142.62,-7.0,-1.0,17.0,-14.0,-23.0,7.0,0.0250000004481194,2.841539659391341e-05,0.025,1e-05,0.0250000038355206,8.639215802677637e-05,0.025000000776167,2.5474581773605955e-05,0.0250000058150606,6.327583562974208e-05,0.0250000017892753,2.685245910947907e-05,6137428,563489,8283,551834,8574,0.0918119120908628,0.0013495881336612,0.0899129081432808,0.0013970021318376
03-02-2021,113.86,146.68,-7.0,-2.0,39.0,-13.0,-24.0,7.0,0.0250000004605086,2.964803550663432e-05,0.025,1e-05,0.0250000040324544,9.224724736650644e-05,0.0250000007851254,2.5824707579483763e-05,0.0250000058939273,6.43736354544117e-05,0.0250000016915804,2.5953737888150996e-05,6137428,564139,8298,552471,8581,0.091917819646927,0.0013520321541857,0.0900166975482237,0.001398142674749
03-03-2021,118.59,156.49,5.0,4.0,43.0,-4.0,-22.0,4.0,0.025,1e-05,0.025,1e-05,0.0250000041778637,9.682432762889502e-05,0.0250000007437402,2.510155624480815e-05,0.0250000060596316,6.634893768531557e-05,0.0250000016244783,2.5365623852688786e-05,6137428,564834,8482,553096,8597,0.0920310592645649,0.001382012139287,0.090118531736747,0.0014007496299752
03-04-2021,122.18,156.02,-5.0,0.0,51.0,-7.0,-22.0,6.0,0.025,1e-05,0.025,1e-05,0.0249999933749187,7.308876831827954e-05,0.0250000007339789,2.4959664062532345e-05,0.0250000063113683,6.883979585440637e-05,0.0250000014919072,2.4109771436046183e-05,6137428,565588,8488,553704,8606,0.0921539120295993,0.0013829897474968,0.0902175960353424,0.00140221604229
03-05-2021,144.26,187.25,-2.0,-7.0,26.0,-5.0,-12.0,5.0,0.0250000003091124,2.053209422230318e-05,0.025,1e-05,0.0250000029548092,6.78413181807061e-05,0.0250000006987899,2.4262802922555e-05,0.0250000047643823,5.3238114311404e-05,0.0250000014069375,2.332932547544576e-05,6137428,566213,8504,554253,8611,0.0922557462181226,0.001385596702723,0.0903070471865413,0.0014030307157982
03-06-2021,148.75,217.97,-5.0,3.0,79.0,-1.0,-7.0,1.0,0.0250000003775546,2.340619167553453e-05,0.025,1e-05,0.0250000028171961,6.444542897152888e-05,0.0250000006203997,2.266569336363149e-05,0.0250000044943629,5.0574029819138126e-05,0.0250000013383432,2.2719733766689232e-05,6137428,566841,8512,554583,8620,0.0923580692107508,0.0013869001803361,0.0903608156380816,0.0014044971281129
03-07-2021,111.43,144.35,3.0,5.0,84.0,-1.0,-10.0,1.0,0.025000000422859,2.5879582932304905e-05,0.025,1e-05,0.0250000030394344,6.946937572482194e-05,0.0250000005815516,2.1911731407391023e-05,0.025000004526128,5.10411262208322e-05,0.025000001201655,2.1417357551417688e-05,6137428,567217,8514,554990,8630,0.0924193326585664,0.0013872260497394,0.0904271300616479,0.0014061264751293
03-08-2021,113.48,142.74,-6.0,0.0,45.0,-13.0,-24.0,6.0,0.0250000004719466,2.8911848479380476e-05,0.025,1e-05,0.0250000033127481,7.605024079678818e-05,0.025,1e-05,0.0250000046141986,5.214861084704482e-05,0.0250000011460915,2.092748939907967e-05,6137428,567734,8516,555805,8640,0.0925035698993128,0.0013875519191426,0.0905599218434823,0.0014077558221456
03-09-2021,118.36,150.18,-5.0,-1.0,64.0,-12.0,-25.0,6.0,0.0250000004925534,3.075358369405417e-05,0.025,1e-05,0.0250000035018368,8.101666868738777e-05,0.025,1e-05,0.0250000046718763,5.298266606493747e-05,0.025000001152691,2.105671462271194e-05,6137428,568406,8625,556426,8645,0.092613062018813,0.0014053118016211,0.090661104293199,0.0014085704956538
03-10-2021,119.32,149.05,1.0,1.0,10.0,-4.0,-23.0,4.0,0.0250000005647807,3.334458384915345e-05,0.025,1e-05,0.0250000023861032,5.578880207591744e-05,0.025,1e-05,0.0250000048869014,5.521780860830091e-05,0.0250000010616072,2.020297379342426e-05,6137428,568441,8637,557125,8656,0.0926187647333704,0.0014072670180407,0.0907749956496434,0.0014103627773718
03-11-2021,121.61,150.92,-9.0,-4.0,1.0,-8.0,-23.0,8.0,0.025,1e-05,0.025,1e-05,0.0250000025586491,5.940684581007049e-05,0.025,1e-05,0.0250000050892936,5.737434602448318e-05,0.0250000010280699,1.992599582699359e-05,6137428,568918,8647,557746,8665,0.0926964845860513,0.0014088963650571,0.0908761780993601,0.0014118291896866
03-12-2021,121.61,150.92,-3.0,-8.0,5.0,-4.0,-14.0,7.0,0.025,1e-05,0.025,1e-05,0.0250000025250074,5.888854193154985e-05,0.025,1e-05,0.0250000052130244,5.877534886707254e-05,0.0250000009415946,1.910645298166996e-05,6137428,569758,8655,558358,8668,0.0928333497354266,0.0014101998426702,0.0909758941367621,0.0014123179937915
03-13-2021,149.72,215.4,-2.0,3.0,13.0,1.0,-8.0,2.0,0.025,1e-05,0.025,1e-05,0.0250000026248985,6.166104319865073e-05,0.025,1e-05,0.0250000053087466,5.993025134236159e-05,0.0250000008841833,1.858787704090213e-05,6137428,570508,8660,558720,8673,0.0929555507616545,0.0014110145161784,0.0910348764987548,0.0014131326672997
03-14-2021,110.22,129.66,0.0,-2.0,-17.0,-4.0,-12.0,3.0,0.0250000002589623,2.0296777480022057e-05,0.025,1e-05,0.0250000027108663,6.440403441314237e-05,0.025,1e-05,0.0250000039860209,4.672971533046505e-05,0.0250000008102635,1.790409356647434e-05,6137428,571005,8660,559074,8676,0.0930365293083682,0.0014110145161784,0.0910925553831344,0.0014136214714046
03-15-2021,121.43,147.5,-1.0,0.0,7.0,-11.0,-27.0,7.0,0.0250000002733565,2.1503369165018908e-05,0.025,1e-05,0.0250000028847423,6.930125768872955e-05,0.025,1e-05,0.0250000039217725,4.631973148281102e-05,0.0250000007392302,1.7253910664936203e-05,6137428,571405,8661,559832,8687,0.0931017031890231,0.00141117745088,0.0912160598869754,0.0014154137531226
03-16-2021,128.07,156.4,1.0,2.0,36.0,-9.0,-27.0,7.0,0.0250000002781771,2.2166618244932968e-05,0.025,1e-05,0.0250000029892466,7.27070065247396e-05,0.025,1e-05,0.0250000038633425,4.599768288342488e-05,0.0250000006450674,1.635380180529179e-05,6137428,572074,8694,560426,8691,0.0932107065044184,0.0014165542960341,0.0913128430997479,0.0014160654919291
03-17-2021,126.68,155.22,10.0,1.0,-20.0,-4.0,-25.0,5.0,0.025,1e-05,0.025,1e-05,0.0250000029937045,7.333156815350083e-05,0.025,1e-05,0.0250000039834292,4.744020977973516e-05,0.0250000005745343,1.569572393589548e-05,6137428,572844,8702,560975,8700,0.0933361662246791,0.0014178577736472,0.0914022942509468,0.0014175319042439
03-18-2021,135.25,160.73,-1.0,-2.0,-13.0,-4.0,-26.0,8.0,0.025,1e-05,0.025,1e-05,0.0250000011809768,3.369061552513098e-05,0.025,1e-05,0.0250000040979775,4.883936830604922e-05,0.0250000005573192,1.5569353844102374e-05,6137428,573559,8708,561476,8703,0.0934526645363497,0.001418835381857,0.091483924536467,0.0014180207083488
03-19-2021,167.6,225.38,10.0,-1.0,58.0,6.0,-16.0,4.0,0.025,1e-05,0.025,1e-05,0.0250000012425655,3.54619839062376e-05,0.025,1e-05,0.0250000041803749,4.992043743868949e-05,0.0250000005094536,1.513803650681113e-05,6137428,574201,8709,561948,8707,0.0935572686148008,0.0014189983165586,0.0915608297156398,0.0014186724471553
03-20-2021,170.27,252.21,5.0,6.0,87.0,12.0,-7.0,-1.0,0.025,1e-05,0.025,1e-05,0.0250000011713415,3.440938888258055e-05,0.025,1e-05,0.0250000040528714,4.888086528310744e-05,0.0250000004724684,1.481755043294416e-05,6137428,574847,8713,562273,8714,0.0936625244320585,0.0014196500553652,0.0916137834936719,0.0014198129900668
03-21-2021,127.09,160.91,14.0,9.0,84.0,13.0,-9.0,-1.0,0.025,1e-05,0.025,1e-05,0.0250000011701228,3.490376820422694e-05,0.025,1e-05,0.0250000029962933,3.8401193437647445e-05,0.0250000004217265,1.435151964556452e-05,6137428,575253,8718,562618,8720,0.0937286759209232,0.0014204647288733,0.0916699959657367,0.0014207905982766
03-22-2021,124.84,154.15,3.0,3.0,39.0,-6.0,-26.0,6.0,0.025,1e-05,0.025,1e-05,0.0250000012229503,3.652189916744319e-05,0.025,1e-05,0.0250000027440692,3.608486373409551e-05,0.0250000003509156,1.367724499300889e-05,6137428,575562,8719,563282,8729,0.0937790227437291,0.001420627663575,0.0917781846076239,0.0014222570105914
03-23-2021,123.05,148.18,-2.0,-2.0,7.0,-10.0,-27.0,7.0,0.025,1e-05,0.025,1e-05,0.0250000012601313,3.7726822502453405e-05,0.025,1e-05,0.0250000027414522,3.6310138564270616e-05,0.0250000003086899,1.3281128929551407e-05,6137428,576071,8773,563918,8737,0.0938619565068624,0.0014294261374634,0.0918818110778652,0.0014235604882045
03-24-2021,133.75,168.61,12.0,5.0,26.0,0.0,-24.0,3.0,0.025,1e-05,0.025,1e-05,0.025,1e-05,0.025,1e-05,0.0250000028375794,3.742802294782909e-05,0.025000000234449,1.2552998844039165e-05,6137428,576914,8785,564480,8746,0.0939993104603426,0.001431381353883,0.0919733803801853,0.0014250269005192
03-25-2021,133.22,164.25,-2.0,-3.0,-10.0,-6.0,-25.0,8.0,0.025,1e-05,0.025,1e-05,0.025,1e-05,0.025,1e-05,0.0250000029079069,3.827688633064568e-05,0.0250000001603876,1.1819601119059953e-05,6137428,578148,8788,565035,8755,0.094200371882163,0.001431870157988,0.0920638091395939,0.0014264933128339
03-26-2021,170.0,232.86,9.0,-1.0,77.0,7.0,-14.0,3.0,0.025,1e-05,0.025,1e-05,0.025,1e-05,0.025,1e-05,0.0250000020631678,2.9827010575352383e-05,0.0250000001538269,1.1762934349879422e-05,6137428,579058,8792,565567,8762,0.0943486424606529,0.0014325218967945,0.0921504904008649,0.0014276338557454
03-27-2021,169.16,256.51,2.0,5.0,106.0,10.0,-7.0,0.0,0.025,1e-05,0.025,1e-05,0.025,1e-05,0.025,1e-05,0.0250000020289941,2.9621105049142623e-05,0.025000000127681,1.1505488572642254e-05,6137428,579654,8796,565934,8769,0.0944457515428287,0.0014331736356011,0.0922102874363658,0.0014287743986568
03-28-2021,126.49,160.95,13.0,9.0,58.0,10.0,-9.0,0.0,0.025,1e-05,0.025,1e-05,0.025,1e-05,0.025,1e-05,0.0250000018920801,2.837451046435705e-05,0.0250000001145008,1.1377627335715305e-05,6137428,580080,8796,566304,8778,0.0945151617257261,0.0014331736356011,0.0922705732759716,0.0014302408109716
03-29-2021,128.1,164.36,4.0,5.0,55.0,-5.0,-25.0,5.0,0.025,1e-05,0.025,1e-05,0.025,1e-05,0.025,1e-05,0.0250000018566985,2.8168314452658464e-05,0.025,1e-05,6137428,580417,8797,567024,8788,0.0945700707201779,0.0014333365703027,0.0923878862611504,0.001431870157988
03-30-2021,131.54,162.39,2.0,2.0,52.0,-5.0,-26.0,6.0,0.025,1e-05,0.025,1e-05,0.025000000534207,2.1117664671360527e-05,0.025,1e-05,0.0250000018336856,2.809038204937616e-05,0.025,1e-05,6137428,580980,8848,567595,8794,0.0946618029571996,0.0014416462400862,0.0924809219757853,0.0014328477661978
03-31-2021,135.56,166.38,13.0,7.0,15.0,3.0,-24.0,3.0,0.025,1e-05,0.025,1e-05,0.025,1e-05,0.025,1e-05,0.0250000019218408,2.90368714957408e-05,0.025,1e-05,6137428,581680,8853,568091,8804,0.0947758572483457,0.0014424609135944,0.0925617375877973,0.0014344771132142
04-01-2021,147.44,182.77,8.0,10.0,41.0,2.0,-26.0,5.0,0.025,1e-05,0.025,1e-05,0.025,1e-05,0.025,1e-05,0.0250000019835467,2.9716674371178967e-05,0.025,1e-05,6137428,582380,8859,568684,8811,0.0948899115394917,0.0014434385218042,0.0926583578658682,0.0014356176561256
04-02-2021,168.85,224.23,14.0,9.0,84.0,6.0,-27.0,5.0,0.025,1e-05,0.025,1e-05,0.025,1e-05,0.025,1e-05,0.0250000019577033,2.949870193172577e-05,0.025,1e-05,6137428,583131,8861,569231,8813,0.0950122755004213,0.0014437643912075,0.0927474831476638,0.0014359435255289
04-03-2021,155.26,232.66,2.0,23.0,109.0,5.0,-11.0,-1.0,0.025,1e-05,0.025,1e-05,0.0250000005549804,2.1104095701556705e-05,0.025,1e-05,0.0250000008541292,1.830221479202042e-05,0.025,1e-05,6137428,583691,8866,569579,8818,0.0951035189333382,0.0014445790647157,0.0928041844238335,0.0014367581990371
04-04-2021,103.17,131.73,-19.0,-8.0,89.0,3.0,-20.0,-1.0,0.025,1e-05,0.025,1e-05,0.0250000006070356,2.2455474200758444e-05,0.025,1e-05,0.025000000875983,1.857267198647846e-05,0.025,1e-05,6137428,584228,8866,569846,8822,0.0951910148681173,0.0014445790647157,0.0928476879891707,0.0014374099378436
04-05-2021,135.62,173.91,7.0,7.0,74.0,-2.0,-29.0,6.0,0.025,1e-05,0.025,1e-05,0.0250000006277267,2.321228961747543e-05,0.025,1e-05,0.0250000008282258,1.814714902235937e-05,0.025,1e-05,6137428,584555,8867,570609,8829,0.0952442945155527,0.0014447419994173,0.0929720071665199,0.0014385504807551
04-06-2021,136.94,171.94,5.0,5.0,92.0,-4.0,-25.0,5.0,0.025,1e-05,0.025,1e-05,0.0250000006766612,2.461873991178233e-05,0.025,1e-05,0.025000000825484,1.8188993182975084e-05,0.025,1e-05,6137428,585131,8876,571285,8833,0.0953381449036958,0.001446208411732,0.0930821510248266,0.0014392022195616
04-07-2021,128.12,156.82,7.0,3.0,-2.0,-1.0,-22.0,4.0,0.025,1e-05,0.025,1e-05,0.025,1e-05,0.025,1e-05,0.0250000008616343,1.8615069373569346e-05,0.025,1e-05,6137428,585906,8878,571951,8836,0.0954644192974646,0.0014465342811353,0.093190665536117,0.0014396910236665
04-08-2021,137.17,173.37,1.0,3.0,13.0,-2.0,-22.0,6.0,0.025,1e-05,0.025,1e-05,0.025,1e-05,0.025,1e-05,0.0250000008928894,1.8994017048721096e-05,0.025,1e-05,6137428,586698,8879,572560,8841,0.0955934635811613,0.0014466972158369,0.0932898927694141,0.0014405056971747
04-09-2021,169.87,248.08,8.0,-1.0,91.0,4.0,-12.0,3.0,0.025,1e-05,0.025,1e-05,0.025,1e-05,0.025,1e-05,0.0250000002458044,1.2458005535140371e-05,0.025,1e-05,6137428,587476,8878,573137,8850,0.0957202267790351,0.0014465342811353,0.0933839060922588,0.0014419721094895
04-10-2021,161.1,241.48,-3.0,1.0,17.0,-1.0,-10.0,2.0,0.025,1e-05,0.025,1e-05,0.025,1e-05,0.025,1e-05,0.0250000002059058,1.2122507703735397e-05,0.025,1e-05,6137428,588146,8884,573565,8857,0.095829393029132,0.0014475118893451,0.0934536421445595,0.0014431126524009
04-11-2021,131.3,176.42,14.0,9.0,109.0,10.0,-10.0,-1.0,0.025,1e-05,0.025,1e-05,0.025,1e-05,0.025,1e-05,0.0250000001772124,1.1898746498978857e-05,0.025,1e-05,6137428,588626,8885,573994,8861,0.0959076016859179,0.0014476748240468,0.0935235411315619,0.0014437643912075
04-12-2021,128.36,160.31,2.0,4.0,52.0,-5.0,-23.0,5.0,0.025,1e-05,0.025,1e-05,0.025,1e-05,0.025,1e-05,0.0250000001567605,1.1766078227225632e-05,0.025,1e-05,6137428,588962,8887,574786,8867,0.095962347745668,0.00144800069345,0.0936525854152586,0.0014447419994173
04-13-2021,131.51,163.92,2.0,3.0,70.0,-6.0,-23.0,5.0,0.025,1e-05,0.025,1e-05,0.025,1e-05,0.025,1e-05,0.0250000001527642,1.1803261752463127e-05,0.025,1e-05,6137428,589626,8970,575493,8875,0.0960705363875551,0.0014615242736859,0.0937677802493161,0.0014460454770304
04-14-2021,134.48,169.09,11.0,7.0,42.0,2.0,-22.0,2.0,0.025,1e-05,0.025,1e-05,0.025,1e-05,0.025,1e-05,0.0250000002308776,1.2514083606076303e-05,0.025,1e-05,6137428,590452,8995,576076,8883,0.0962051204511075,0.0014655976412269,0.0938627711803706,0.0014473489546435
04-15-2021,142.4,176.49,3.0,5.0,62.0,0.0,-21.0,5.0,0.025,1e-05,0.025,1e-05,0.025,1e-05,0.025,1e-05,0.025000000311604,1.3228227866845738e-05,0.025,1e-05,6137428,591207,9000,576579,8891,0.0963281361508436,0.001466412314735,0.0939447273352942,0.0014486524322566
04-16-2021,164.6,215.81,4.0,-3.0,47.0,2.0,-12.0,4.0,0.025,1e-05,0.025,1e-05,0.025,1e-05,0.025,1e-05,0.0250000001866768,1.1864797407222455e-05,0.025,1e-05,6137428,592054,9005,576952,8894,0.0964661418431303,0.0014672269882432,0.0940055019790048,0.0014491412363615
04-17-2021,169.88,246.22,-1.0,3.0,69.0,3.0,-9.0,1.0,0.025,1e-05,0.025,1e-05,0.025,1e-05,0.025,1e-05,0.0250000002132621,1.2068716925099374e-05,0.025,1e-05,6137428,583562,9009,587791,8898,0.095082500356827,0.0014678787270498,0.0957715512100508,0.001449792975168
04-18-2021,126.55,152.82,8.0,7.0,68.0,7.0,-11.0,0.0,0.025,1e-05,0.025,1e-05,0.025,1e-05,0.025,1e-05,0.0250000002474386,1.237074503259365e-05,0.025,1e-05,6137428,583941,9009,588234,8901,0.0951442526087475,0.0014678787270498,0.0958437312828761,0.001450281779273
04-19-2021,128.09,156.76,1.0,8.0,64.0,-3.0,-23.0,5.0,0.025,1e-05,0.025,1e-05,0.025,1e-05,0.025,1e-05,0.0250000003056505,1.2944216329147895e-05,0.025,1e-05,6137428,584326,9010,578035,8906,0.0952069824688778,0.0014680416617514,0.094181960260878,0.0014510964527811
04-20-2021,115.5,135.64,-12.0,-4.0,-3.0,-12.0,-25.0,9.0,0.0250000002268671,2.0059724641651784e-05,0.025,1e-05,0.025,1e-05,0.025,1e-05,0.0250000003390685,1.3284397132989736e-05,0.025,1e-05,6137428,584983,9049,578739,8910,0.0953140305678535,0.0014743961151153,0.0942966662908306,0.0014517481915877
04-21-2021,129.14,155.3,6.0,7.0,12.0,0.0,-22.0,4.0,0.025,1e-05,0.025,1e-05,0.0250000005911356,2.1031675849889775e-05,0.025,1e-05,0.0250000003857372,1.3699098801488142e-05,0.025,1e-05,6137428,585701,9056,579660,8913,0.095431017683629,0.0014755366580267,0.0944467291510385,0.0014522369956926
04-22-2021,139.72,172.69,0.0,6.0,58.0,1.0,-21.0,5.0,0.025,1e-05,0.025,1e-05,0.0250000007150636,2.3878497451697267e-05,0.025,1e-05,0.0250000004543008,1.434978829970542e-05,0.025,1e-05,6137428,586510,9064,580548,8922,0.0955628318572535,0.0014768401356398,0.0945914151660923,0.0014537034080073
04-23-2021,167.7,230.46,4.0,-1.0,53.0,4.0,-11.0,4.0,0.025,1e-05,0.025,1e-05,0.0250000008375483,2.681007088417256e-05,0.025,1e-05,0.0250000001915199,1.1623417034736934e-05,0.025,1e-05,6137428,587348,9065,581264,8926,0.0956993711372255,0.0014770030703415,0.0947080764124646,0.0014543551468139
04-24-2021,170.59,271.59,-2.0,5.0,74.0,5.0,-9.0,1.0,0.025,1e-05,0.025,1e-05,0.02500000095586,2.982081365546055e-05,0.025,1e-05,0.0250000001819628,1.1511349773219884e-05,0.025,1e-05,6137428,588133,9072,581643,8931,0.0958272748780107,0.0014781436132529,0.0947698286643851,0.0014551698203221
04-25-2021,132.54,171.56,11.0,11.0,122.0,11.0,-10.0,-1.0,0.025,1e-05,0.025,1e-05,0.0250000009882213,3.0921859691327394e-05,0.025,1e-05,0.0250000002248547,1.1948045802080253e-05,0.025,1e-05,6137428,588517,9075,581959,8937,0.0958898418034394,0.0014786324173578,0.0948213160301025,0.0014561474285319
04-26-2021,130.35,162.19,2.0,7.0,82.0,-2.0,-23.0,5.0,0.025,1e-05,0.025,1e-05,0.0250000010598109,3.290430421454026e-05,0.025,1e-05,0.0250000002574674,1.2296196128511188e-05,0.025,1e-05,6137428,588801,9077,582483,8940,0.0959361152587044,0.0014789582867611,0.0949066938137604,0.0014566362326368
04-27-2021,132.9,168.03,1.0,5.0,98.0,-2.0,-23.0,5.0,0.025,1e-05,0.025,1e-05,0.0250000011055643,3.427091908669112e-05,0.025,1e-05,0.0250000002857431,1.2615721997832977e-05,0.025,1e-05,6137428,589372,9116,583274,8947,0.0960291509733393,0.001485312740125,0.0950355751627554,0.0014577767755483
04-28-2021,126.38,154.17,4.0,2.0,-5.0,-1.0,-22.0,5.0,0.025,1e-05,0.025,1e-05,0.025,1e-05,0.025,1e-05,0.0250000003579473,1.3324175664184275e-05,0.025,1e-05,6137428,590175,9129,584069,8952,0.096159987538754,0.0014874308912463,0.095165108250557,0.0014585914490565
04-29-2021,142.74,181.68,3.0,8.0,68.0,2.0,-21.0,5.0,0.025,1e-05,0.025,1e-05,0.025,1e-05,0.025,1e-05,0.0250000004250699,1.3980217883875454e-05,0.025,1e-05,6137428,590973,9132,584825,8953,0.0962900094306605,0.0014879196953512,0.0952882868849948,0.0014587543837581
04-30-2021,176.73,243.17,10.0,5.0,123.0,13.0,-11.0,1.0,0.025,1e-05,0.025,1e-05,0.025,1e-05,0.025,1e-05,0.0250000001790768,1.1452065247030958e-05,0.025,1e-05,6137428,591637,9138,585673,8959,0.0963981980725476,0.001488897303561,0.0954264555119832,0.0014597319919679
05-01-2021,179.89,279.27,3.0,12.0,161.0,19.0,-9.0,-2.0,0.025,1e-05,0.025,1e-05,0.025,1e-05,0.025,1e-05,0.0250000002121699,1.1795314022856688e-05,0.025,1e-05,6137428,592687,9145,586664,8965,0.0965692795092667,0.0014900378464724,0.0955879238013057,0.0014607096001777
05-02-2021,125.61,157.88,9.0,11.0,69.0,13.0,-11.0,0.0,0.025,1e-05,0.025,1e-05,0.025,1e-05,0.025,1e-05,0.0250000002367028,1.2062232645433777e-05,0.025,1e-05,6137428,593474,9148,586988,8969,0.0966975091194552,0.0014905266505774,0.0956407146446361,0.0014613613389843
05-03-2021,130.23,163.44,5.0,12.0,61.0,-2.0,-23.0,5.0,0.025,1e-05,0.025,1e-05,0.025,1e-05,0.025,1e-05,0.025000000280775,1.25472377297261e-05,0.025,1e-05,6137428,593831,9150,587498,8972,0.0967556768079397,0.0014908525199806,0.0957238113424711,0.0014618501430892
05-04-2021,126.54,156.64,0.0,6.0,27.0,-7.0,-24.0,6.0,0.025,1e-05,0.025,1e-05,0.0250000005358693,2.1342663321901943e-05,0.025,1e-05,0.0250000003018457,1.2812876781681684e-05,0.025,1e-05,6137428,594380,9209,588131,8975,0.0968451279591385,0.0015004656673772,0.0958269490086075,0.0014623389471941
05-05-2021,140.94,189.69,15.0,13.0,59.0,6.0,-21.0,1.0,0.025,1e-05,0.025,1e-05,0.025,1e-05,0.025,1e-05,0.0250000003848054,1.3613495064277055e-05,0.025,1e-05,6137428,594984,9215,588760,8976,0.0969435405189274,0.0015014432755871,0.0959294349359373,0.0014625018818958
05-06-2021,143.82,185.47,3.0,10.0,69.0,3.0,-22.0,4.0,0.025,1e-05,0.025,1e-05,0.025,1e-05,0.025,1e-05,0.0250000004575624,1.4328703933148146e-05,0.025,1e-05,6137428,595629,9219,589367,8977,0.0970486334014835,0.0015020950143936,0.0960283362998311,0.0014626648165974
05-07-2021,174.07,250.01,9.0,6.0,107.0,9.0,-12.0,2.0,0.025,1e-05,0.025,1e-05,0.025,1e-05,0.025,1e-05,0.0250000004753573,1.4502552952951488e-05,0.025,1e-05,6137428,596224,9221,589898,8978,0.0971455795489576,0.0015024208837969,0.0961148546264005,0.001462827751299
05-08-2021,170.55,250.42,4.0,21.0,92.0,8.0,-9.0,-1.0,0.025,1e-05,0.025,1e-05,0.0250000005548104,2.074704388279692e-05,0.025,1e-05,0.0250000005287987,1.5064337062522858e-05,0.025,1e-05,6137428,596758,9224,590253,8980,0.0972325866796319,0.0015029096879018,0.0961726964454817,0.0014631536207023
05-09-2021,113.0,131.28,10.0,16.0,6.0,6.0,-12.0,0.0,0.025,1e-05,0.025,1e-05,0.0250000005810104,2.1542768827624335e-05,0.025,1e-05,0.0250000005828918,1.5648895460705467e-05,0.025,1e-05,6137428,597097,9226,590509,8983,0.0972878215434869,0.0015032355573051,0.0962144077291008,0.0014636424248072
05-10-2021,130.65,158.09,0.0,8.0,49.0,-4.0,-23.0,5.0,0.025,1e-05,0.025,1e-05,0.0250000006334197,2.3020427181671265e-05,0.025,1e-05,0.025000000643565,1.6315185420709706e-05,0.025,1e-05,6137428,597344,9230,590908,8985,0.0973280664147913,0.0015038872961116,0.0962794186750541,0.0014639682942105
05-11-2021,133.31,161.09,0.0,7.0,62.0,-4.0,-23.0,5.0,0.025,1e-05,0.025,1e-05,0.0250000006861858,2.4521606206946177e-05,0.025,1e-05,0.0250000006583062,1.6516373974088658e-05,0.025,1e-05,6137428,597754,9244,591430,8988,0.0973948696424626,0.0015061683819345,0.0963644705893087,0.0014644570983154
05-12-2021,140.51,177.82,12.0,14.0,58.0,8.0,-21.0,2.0,0.025,1e-05,0.025,1e-05,0.025,1e-05,0.025,1e-05,0.0250000007067292,1.7046129120738555e-05,0.025,1e-05,6137428,598292,9252,592049,8991,0.0974825285119434,0.0015074718595476,0.0964653271696222,0.0014649459024203
05-13-2021,151.58,193.62,5.0,11.0,96.0,7.0,-22.0,4.0,0.025,1e-05,0.025,1e-05,0.025,1e-05,0.025,1e-05,0.0250000007484629,1.7502458432572085e-05,0.025,1e-05,6137428,598931,9258,592512,8993,0.0975866437862896,0.0015084494677575,0.0965407659364802,0.0014652717718236
05-14-2021,180.22,243.7,10.0,6.0,117.0,13.0,-12.0,2.0,0.025,1e-05,0.025,1e-05,0.025,1e-05,0.025,1e-05,0.0250000002979671,1.2908707542689776e-05,0.025,1e-05,6137428,599402,9266,592944,8993,0.0976633860307607,0.0015097529453706,0.0966111537275875,0.0014652717718236
05-15-2021,175.06,255.2,0.0,10.0,81.0,12.0,-12.0,0.0,0.025,1e-05,0.025,1e-05,0.025,1e-05,0.025,1e-05,0.0250000001972343,1.190262553649228e-05,0.025,1e-05,6137428,599861,9270,593251,8994,0.0977381730588122,0.0015104046841771,0.0966611746809901,0.0014654347065252
05-16-2021,131.14,156.6,6.0,9.0,56.0,10.0,-10.0,1.0,0.025,1e-05,0.025,1e-05,0.025,1e-05,0.025,1e-05,0.0250000002142709,1.2113962051388e-05,0.025,1e-05,6137428,600153,9270,593458,8994,0.0977857499916903,0.0015104046841771,0.096694902164229,0.0014654347065252
05-17-2021,133.0,163.46,1.0,9.0,17.0,-1.0,-23.0,6.0,0.025,1e-05,0.025,1e-05,0.025,1e-05,0.025,1e-05,0.0250000002257126,1.2283427916707205e-05,0.025,1e-05,6137428,600350,9271,593856,8995,0.0978178481279128,0.0015105676188787,0.0967597501754806,0.0014655976412269
05-18-2021,138.31,167.4,1.0,7.0,53.0,-1.0,-24.0,6.0,0.025,1e-05,0.025,1e-05,0.025,1e-05,0.025,1e-05,0.0250000002601147,1.2672694631359357e-05,0.025,1e-05,6137428,600778,9387,594314,8995,0.0978875841802136,0.0015294680442687,0.0968343742688305,0.0014655976412269
05-19-2021,143.82,179.63,11.0,12.0,34.0,7.0,-21.0,3.0,0.025,1e-05,0.025,1e-05,0.025,1e-05,0.025,1e-05,0.0250000003676312,1.361589025144239e-05,0.025,1e-05,6137428,601228,9403,594838,8996,0.0979609047959503,0.0015320749994949,0.0969197520524884,0.0014657605759285
05-20-2021,153.07,191.66,4.0,10.0,70.0,5.0,-22.0,5.0,0.025,1e-05,0.025,1e-05,0.025,1e-05,0.025,1e-05,0.0250000004691273,1.450703790540751e-05,0.025,1e-05,6137428,601794,9408,595459,9005,0.098053125837077,0.001532889673003,0.0970209345022051,0.0014672269882432
05-21-2021,183.15,256.24,10.0,5.0,102.0,12.0,-12.0,3.0,0.025,1e-05,0.025,1e-05,0.025,1e-05,0.025,1e-05,0.0250000003314826,1.2979818503102702e-05,0.025,1e-05,6137428,602362,9417,595969,9006,0.0981456727476069,0.0015343560853178,0.0971040312000401,0.0014673899229449
05-22-2021,184.67,279.98,0.0,11.0,120.0,15.0,-9.0,-1.0,0.025,1e-05,0.025,1e-05,0.0250000006555611,2.0974832454264395e-05,0.025,1e-05,0.0250000003848252,1.3431994127550348e-05,0.025,1e-05,6137428,602900,9420,596262,9006,0.0982333316170878,0.0015348448894227,0.0971517710676198,0.0014673899229449
05-23-2021,141.56,178.69,12.0,13.0,117.0,15.0,-9.0,-1.0,0.0250000002757412,2.1060593365855302e-05,0.025,1e-05,0.0250000008112249,2.4374004788494377e-05,0.025,1e-05,0.0250000004243115,1.3775095026772122e-05,0.025,1e-05,6137428,603174,9420,596451,9006,0.0982779757253364,0.0015348448894227,0.0971825657262293,0.0014673899229449
05-24-2021,143.32,179.45,5.0,10.0,83.0,1.0,-25.0,5.0,0.0250000002949905,2.2560818579611627e-05,0.025,1e-05,0.0250000009403244,2.752575786959348e-05,0.025,1e-05,0.0250000004972515,1.4496082279787257e-05,0.025,1e-05,6137428,603380,9420,596914,9062,0.0983115402738736,0.0015348448894227,0.0972580044930873,0.0014765142662366
05-25-2021,145.51,179.28,4.0,8.0,82.0,0.0,-25.0,5.0,0.0250000003006285,2.3318576662220477e-05,0.025,1e-05,0.0250000010142544,2.9698419980778e-05,0.025,1e-05,0.0250000005256423,1.478971505675512e-05,0.025,1e-05,6137428,603849,9463,597367,9071,0.0983879566489415,0.0015418510815931,0.097331813912929,0.0014779806785513
05-26-2021,153.02,193.2,17.0,15.0,69.0,11.0,-23.0,2.0,0.025,1e-05,0.025,1e-05,0.025000001044913,3.0419516765233017e-05,0.025,1e-05,0.0250000005986885,1.5480230286497683e-05,0.025,1e-05,6137428,604298,9481,598027,9075,0.0984611143299766,0.0015447839062226,0.0974393508160095,0.0014786324173578
05-27-2021,153.38,182.87,1.0,7.0,33.0,6.0,-25.0,7.0,0.025,1e-05,0.025,1e-05,0.0250000011450465,3.270797642159198e-05,0.025,1e-05,0.0250000006802164,1.6255399344428646e-05,0.025,1e-05,6137428,604987,9490,598668,9081,0.0985733763394047,0.0015462503185373,0.097543791959759,0.0014796100255677
05-28-2021,195.35,246.16,14.0,12.0,99.0,18.0,-19.0,3.0,0.025,1e-05,0.025,1e-05,0.0250000012492498,3.5238401474390764e-05,0.025,1e-05,0.0250000005336591,1.4708236111060002e-05,0.025,1e-05,6137428,605601,9495,599127,9080,0.0986734182462099,0.0015470649920455,0.0976185789878105,0.001479447090866
05-29-2021,180.36,271.67,2.0,17.0,142.0,18.0,-14.0,-1.0,0.025,1e-05,0.025,1e-05,0.0250000013062715,3.687239710346736e-05,0.025,1e-05,0.0250000005377267,1.4731981857388056e-05,0.025,1e-05,6137428,606075,9496,599382,9080,0.098750649294786,0.0015472279267471,0.097660127336728,0.001479447090866
05-30-2021,147.73,209.39,15.0,19.0,181.0,13.0,-13.0,-3.0,0.025,1e-05,0.025,1e-05,0.0250000013781981,3.897913829314755e-05,0.025,1e-05,0.0250000005940281,1.5321919338217567e-05,0.025,1e-05,6137428,606319,9496,599536,9080,0.0987904053619855,0.0015472279267471,0.0976852192807801,0.001479447090866
05-31-2021,135.53,154.66,0.0,7.0,112.0,-6.0,-73.0,15.0,0.025,1e-05,0.025,1e-05,0.0250000014677985,4.153869296899723e-05,0.025,1e-05,0.025000000624513,1.5673789322940238e-05,0.025,1e-05,6137428,606489,9498,599717,9080,0.0988181042612638,0.0015475537961504,0.0977147104617765,0.001479447090866
06-01-2021,150.12,191.23,5.0,12.0,85.0,2.0,-30.0,6.0,0.025,1e-05,0.025,1e-05,0.0250000015287764,4.338731556392507e-05,0.025,1e-05,0.0250000006415885,1.5909123829152657e-05,0.025,1e-05,6137428,606670,9499,600195,9122,0.0988475954422601,0.001547716730852,0.0977925932491591,0.0014862903483348
06-02-2021,154.67,193.29,15.0,14.0,58.0,10.0,-26.0,3.0,0.025,1e-05,0.025,1e-05,0.025,1e-05,0.025,1e-05,0.025000000677072,1.634970517626266e-05,0.025,1e-05,6137428,607158,9537,600799,9129,0.0989271075766591,0.0015539082495142,0.0978910058089479,0.0014874308912463
06-03-2021,168.93,218.23,12.0,17.0,122.0,11.0,-27.0,4.0,0.025,1e-05,0.025,1e-05,0.025,1e-05,0.025,1e-05,0.0250000007369519,1.6980311560150414e-05,0.025,1e-05,6137428,607774,9544,601503,9138,0.0990274753528676,0.0015550487924257,0.0980057118389006,0.001488897303561
06-04-2021,197.19,278.99,14.0,9.0,158.0,17.0,-17.0,2.0,0.025,1e-05,0.025,1e-05,0.025,1e-05,0.025,1e-05,0.0250000004518237,1.4076483214498238e-05,0.025,1e-05,6137428,608463,9554,602019,9140,0.0991397373622957,0.0015566781394421,0.0980897861449454,0.0014892231729643
06-05-2021,186.87,280.2,2.0,14.0,173.0,23.0,-7.0,-2.0,0.025,1e-05,0.025,1e-05,0.025,1e-05,0.025,1e-05,0.025000000482627,1.4424312613594609e-05,0.025,1e-05,6137428,608970,9558,602181,9140,0.0992223452560258,0.0015573298782486,0.0981161815666106,0.0014892231729643
06-06-2021,145.98,180.5,13.0,14.0,116.0,21.0,-8.0,-1.0,0.025,1e-05,0.025,1e-05,0.025,1e-05,0.025,1e-05,0.0250000005203345,1.486014172912495e-05,0.025,1e-05,6137428,608578,9557,602344,9141,0.099158474852984,0.001557166943547,0.0981427399229775,0.0014893861076659
06-07-2021,152.03,196.61,8.0,13.0,86.0,4.0,-28.0,5.0,0.025,1e-05,0.025,1e-05,0.025,1e-05,0.0250000005058088,2.115176702205626e-05,0.025000000562447,1.53645399339859e-05,0.025,1e-05,6137428,609329,9560,603049,9189,0.0992808388139135,0.0015576557476519,0.0982576088876317,0.0014972069733445
06-08-2021,156.03,198.87,7.0,11.0,110.0,4.0,-29.0,5.0,0.025,1e-05,0.025,1e-05,0.0250000005359522,2.174702112884401e-05,0.025,1e-05,0.0250000005941829,1.5773138270924468e-05,0.025,1e-05,6137428,610053,9593,603693,9193,0.0993988035378989,0.0015630325928059,0.0983625388354861,0.001497858712151
06-09-2021,159.66,201.79,17.0,15.0,79.0,13.0,-27.0,2.0,0.025,1e-05,0.025,1e-05,0.025,1e-05,0.025,1e-05,0.0250000006467441,1.6344925131207035e-05,0.025,1e-05,6137428,610677,9608,604380,9193,0.0995004747917205,0.0015654766133305,0.0984744749755109,0.001497858712151
06-10-2021,172.46,218.35,9.0,15.0,113.0,9.0,-28.0,4.0,0.025,1e-05,0.025,1e-05,0.025,1e-05,0.025,1e-05,0.025000000689845,1.6809419260658883e-05,0.025,1e-05,6137428,611352,9611,605017,9195,0.0996104557153257,0.0015659654174354,0.0985782643804538,0.0014981845815543
06-11-2021,194.54,252.72,9.0,6.0,134.0,16.0,-19.0,3.0,0.025,1e-05,0.025,1e-05,0.025,1e-05,0.025,1e-05,0.0250000006676403,1.6616758342178605e-05,0.025,1e-05,6137428,611997,9614,605569,9196,0.0997155485978817,0.0015664542215403,0.0986682043357575,0.0014983475162559
06-12-2021,187.68,270.73,1.0,14.0,162.0,20.0,-8.0,-2.0,0.025,1e-05,0.025,1e-05,0.025,1e-05,0.025,1e-05,0.0250000006758456,1.6748396749106743e-05,0.025,1e-05,6137428,612552,9615,605984,9196,0.0998059773572903,0.0015666171562419,0.098735822236937,0.0014983475162559
06-13-2021,149.33,178.35,14.0,17.0,139.0,23.0,-8.0,-2.0,0.025,1e-05,0.025,1e-05,0.025,1e-05,0.025,1e-05,0.0250000006899064,1.6952702338828334e-05,0.025,1e-05,6137428,612956,9615,606285,9196,0.0998718029767518,0.0015666171562419,0.0987848655821298,0.0014983475162559
06-14-2021,158.36,199.0,9.0,14.0,99.0,7.0,-29.0,5.0,0.025,1e-05,0.025,1e-05,0.025,1e-05,0.025,1e-05,0.0250000006867991,1.6990055634621108e-05,0.025,1e-05,6137428,613266,9618,606865,9222,0.0999223127342593,0.0015671059603469,0.0988793677090794,0.0015025838184985
06-15-2021,162.11,208.0,9.0,13.0,127.0,7.0,-29.0,4.0,0.025,1e-05,0.025,1e-05,0.025,1e-05,0.0250000004550885,2.0236865544612637e-05,0.0250000007039745,1.7237168674494908e-05,0.025,1e-05,6137428,613848,9638,607722,9224,0.1000171407306122,0.0015703646543796,0.0990190027483825,0.0015029096879018
06-16-2021,166.22,212.34,18.0,15.0,80.0,15.0,-27.0,2.0,0.025,1e-05,0.025,1e-05,0.025,1e-05,0.025,1e-05,0.0250000007526367,1.77732783706129e-05,0.025,1e-05,6137428,614710,9640,608446,9227,0.1001575904434235,0.0015706905237829,0.0991369674723679,0.0015033984920067
06-17-2021,174.16,220.25,9.0,12.0,106.0,11.0,-29.0,4.0,0.025,1e-05,0.025,1e-05,0.025,1e-05,0.025,1e-05,0.0250000007914859,1.8210204577486804e-05,0.025,1e-05,6137428,615471,9645,609363,9228,0.1002815837513694,0.0015715051972911,0.0992863785937692,0.0015035614267083
06-18-2021,198.94,261.26,12.0,6.0,134.0,18.0,-22.0,3.0,0.025,1e-05,0.025,1e-05,0.025,1e-05,0.025,1e-05,0.0250000001479111,1.1617751959384964e-05,0.025,1e-05,6137428,616390,9646,609882,9228,0.100431320742174,0.0015716681319927,0.0993709417039189,0.0015035614267083
06-19-2021,185.49,258.24,0.0,14.0,150.0,22.0,-10.0,-2.0,0.025,1e-05,0.025,1e-05,0.025,1e-05,0.025,1e-05,0.0250000000917819,1.1080520412035775e-05,0.025,1e-05,6137428,617006,9648,610401,9228,0.1005316885183826,0.001571994001396,0.0994555048140687,0.0015035614267083
06-20-2021,141.07,160.31,14.0,17.0,113.0,19.0,-10.0,-3.0,0.025,1e-05,0.025,1e-05,0.025,1e-05,0.025,1e-05,0.0250000000972629,1.118458603635257e-05,0.025,1e-05,6137428,617498,9648,610924,9230,0.1006118523915881,0.001571994001396,0.0995407196630249,0.0015038872961116
06-21-2021,155.24,195.36,6.0,7.0,86.0,6.0,-29.0,5.0,0.025,1e-05,0.025,1e-05,0.025,1e-05,0.025,1e-05,0.0250000000750245,1.101222713276628e-05,0.025000000075007,1.1093339862622547e-05,6137428,617928,9649,611657,9248,0.1006819143132921,0.0015721569360976,0.099660150799325,0.0015068201207411
06-22-2021,161.3,205.36,7.0,8.0,142.0,7.0,-29.0,4.0,0.025,1e-05,0.025,1e-05,0.025,1e-05,0.025,1e-05,0.0250000000850646,1.1177004295886665e-05,0.0250000001101952,1.1484560256811547e-05,6137428,618713,9664,612528,9250,0.1008098180540773,0.0015746009566222,0.0998020669244511,0.0015071459901444
06-23-2021,165.39,211.93,15.0,10.0,91.0,15.0,-27.0,2.0,0.025,1e-05,0.025,1e-05,0.025,1e-05,0.025,1e-05,0.0250000001189138,1.156246455979849e-05,0.0250000001428581,1.1852795807377097e-05,6137428,619554,9668,613760,9251,0.1009468461381542,0.0015752526954287,0.1000028024768681,0.001507308924846
06-24-2021,172.42,222.54,6.0,7.0,86.0,11.0,-28.0,5.0,0.025,1e-05,0.025,1e-05,0.025,1e-05,0.025,1e-05,0.0250000001514516,1.1933091925045562e-05,0.025,1e-05,6137428,620792,9669,614650,9254,0.1011485592987811,0.0015754156301304,0.1001478143613253,0.0015077977289509
06-25-2021,199.81,268.72,7.0,0.0,103.0,15.0,-20.0,5.0,0.025,1e-05,0.025,1e-05,0.025,1e-05,0.025,1e-05,0.025,1e-05,0.025,1e-05,6137428,621683,9673,615421,9257,0.1012937341179399,0.0015760673689369,0.1002734370162876,0.0015082865330558
06-26-2021,189.39,284.46,0.0,8.0,113.0,21.0,-7.0,0.0,0.025,1e-05,0.025,1e-05,0.025,1e-05,0.025,1e-05,0.025,1e-05,0.025,1e-05,6137428,622472,9676,616076,9257,0.1014222895975317,0.0015765561730418,0.10038015924586,0.0015082865330558
06-27-2021,153.46,196.01,10.0,9.0,85.0,21.0,-8.0,0.0,0.025,1e-05,0.025,1e-05,0.025,1e-05,0.025,1e-05,0.025,1e-05,0.025,1e-05,6137428,623096,9676,616499,9257,0.1015239608513533,0.0015765561730418,0.1004490806246525,0.0015082865330558
06-28-2021,155.04,195.82,5.0,7.0,52.0,4.0,-29.0,4.0,0.025,1e-05,0.025,1e-05,0.025,1e-05,0.025,1e-05,0.025,1e-05,0.025,1e-05,6137428,623538,9676,617421,9302,0.101595977989477,0.0015765561730418,0.100599306419562,0.0015156185946295
06-29-2021,158.02,211.89,2.0,2.0,82.0,2.0,-31.0,5.0,0.025,1e-05,0.025,1e-05,0.025,1e-05,0.025,1e-05,0.025,1e-05,0.025,1e-05,6137428,624471,9717,618734,9311,0.1017479960661045,0.0015832364958089,0.1008132396828117,0.0015170850069442
06-30-2021,160.72,202.32,14.0,10.0,35.0,14.0,-28.0,4.0,0.025,1e-05,0.025,1e-05,0.025,1e-05,0.025,1e-05,0.025,1e-05,0.025,1e-05,6137428,625796,9726,620025,9315,0.1019638845457739,0.0015847029081237,0.1010235883826254,0.0015177367457508
07-01-2021,176.6,224.85,12.0,17.0,80.0,17.0,-29.0,5.0,0.025,1e-05,0.025,1e-05,0.025,1e-05,0.025,1e-05,0.025,1e-05,0.025,1e-05,6137428,627082,9731,621245,9331,0.1021734185720793,0.0015855175816319,0.1012223687186228,0.001520343700977
07-02-2021,200.54,271.22,18.0,18.0,174.0,29.0,-23.0,2.0,0.025,1e-05,0.025,1e-05,0.025,1e-05,0.025,1e-05,0.025,1e-05,0.025,1e-05,6137428,628255,9748,621450,9339,0.1023645409770998,0.0015882874715597,0.1012557703324584,0.0015216471785901
07-03-2021,172.21,257.17,0.0,25.0,191.0,27.0,-14.0,-2.0,0.025,1e-05,0.025,1e-05,0.025,1e-05,0.025,1e-05,0.025,1e-05,0.025,1e-05,6137428,628484,9756,622626,9340,0.1024018530237747,0.0015895909491728,0.1014473815415838,0.0015218101132917
07-04-2021,136.74,211.0,-1.0,18.0,199.0,14.0,-19.0,-5.0,0.025,1e-05,0.025,1e-05,0.025,1e-05,0.025,1e-05,0.025,1e-05,0.025,1e-05,6137428,629742,9758,623734,9340,0.1026068248784344,0.0015899168185761,0.1016279131909979,0.0015218101132917
07-05-2021,148.93,177.62,7.0,8.0,121.0,1.0,-68.0,13.0,0.025,1e-05,0.025,1e-05,0.025,1e-05,0.025,1e-05,0.025,1e-05,0.025,1e-05,6137428,630744,9758,624463,9340,0.1027700854494749,0.0015899168185761,0.1017466925884914,0.0015218101132917
07-06-2021,160.44,205.42,6.0,10.0,116.0,4.0,-32.0,6.0,0.025,1e-05,0.025,1e-05,0.025,1e-05,0.025,1e-05,0.025,1e-05,0.025,1e-05,6137428,631510,9758,626096,9375,0.102894893430929,0.0015899168185761,0.102012764956265,0.001527512827849
07-07-2021,165.76,206.09,13.0,11.0,69.0,12.0,-29.0,3.0,0.025,1e-05,0.025,1e-05,0.025,1e-05,0.025,1e-05,0.025,1e-05,0.025,1e-05,6137428,633169,9788,627804,9377,0.1031652021009452,0.0015948048596252,0.1022910574266614,0.0015278386972523
07-08-2021,173.57,214.1,7.0,11.0,110.0,11.0,-30.0,5.0,0.025,1e-05,0.025,1e-05,0.025,1e-05,0.025,1e-05,0.025,1e-05,0.025,1e-05,6137428,634834,9792,629964,9383,0.1034364883791712,0.0015954565984317,0.1026429963821978,0.0015288163054621
07-09-2021,194.9,254.62,9.0,4.0,132.0,16.0,-20.0,4.0,0.025,1e-05,0.025,1e-05,0.025,1e-05,0.025,1e-05,0.025,1e-05,0.025,1e-05,6137428,636976,9799,631603,9387,0.1037854945100781,0.0015965971413432,0.1029100463581813,0.0015294680442687
07-10-2021,172.34,243.38,-4.0,7.0,90.0,18.0,-9.0,1.0,0.025,1e-05,0.025,1e-05,0.025,1e-05,0.025,1e-05,0.025,1e-05,0.025,1e-05,6137428,638573,9804,632692,9387,0.1040457012285928,0.0015974118148514,0.1030874822482642,0.0015294680442687
07-11-2021,141.82,169.32,9.0,11.0,78.0,20.0,-8.0,0.0,0.025,1e-05,0.025,1e-05,0.025,1e-05,0.025,1e-05,0.025,1e-05,0.025,1e-05,6137428,639668,9804,632863,9388,0.1042241147268856,0.0015974118148514,0.1031153440822442,0.0015296309789703
07-12-2021,155.44,194.55,5.0,10.0,72.0,5.0,-30.0,6.0,0.025,1e-05,0.025,1e-05,0.025,1e-05,0.0250000004732637,2.0755046444194743e-05,0.025,1e-05,0.025,1e-05,6137428,639881,9805,635139,9440,0.1042588198183343,0.001597574749553,0.1034861834631705,0.0015381035834554
07-13-2021,157.56,200.49,5.0,8.0,114.0,4.0,-30.0,5.0,0.025,1e-05,0.025,1e-05,0.0250000004388055,2.00248120317188e-05,0.025,1e-05,0.025,1e-05,0.025,1e-05,6137428,642168,9857,637379,9455,0.1046314514809786,0.0016060473540382,0.1038511571948379,0.00154054760398
07-14-2021,161.37,202.84,14.0,12.0,73.0,14.0,-28.0,3.0,0.025,1e-05,0.025,1e-05,0.025,1e-05,0.025,1e-05,0.025,1e-05,0.025,1e-05,6137428,644423,9872,640261,9463,0.1049988692331706,0.0016084913745627,0.1043207350049564,0.0015418510815931
07-15-2021,168.43,206.22,8.0,12.0,76.0,11.0,-29.0,6.0,0.025,1e-05,0.025,1e-05,0.025,1e-05,0.025,1e-05,0.025,1e-05,0.025,1e-05,6137428,647237,9882,642598,9470,0.1054573674835778,0.0016101207215791,0.1047015134026826,0.0015429916245045
07-16-2021,199.4,274.03,12.0,5.0,110.0,18.0,-19.0,4.0,0.025,1e-05,0.025,1e-05,0.025,1e-05,0.025,1e-05,0.025,1e-05,0.025,1e-05,6137428,649571,9889,644989,9474,0.1058376570771991,0.0016112612644905,0.1050910902742973,0.0015436433633111
07-17-2021,191.24,293.36,1.0,11.0,143.0,24.0,-8.0,-1.0,0.025,1e-05,0.025,1e-05,0.025,1e-05,0.025,1e-05,0.025,1e-05,0.025,1e-05,6137428,651966,9894,646383,9474,0.1062278856876202,0.0016120759379987,0.1053182212483796,0.0015436433633111
07-18-2021,153.68,192.2,13.0,13.0,119.0,24.0,-8.0,-1.0,0.025,1e-05,0.025,1e-05,0.025,1e-05,0.025,1e-05,0.025,1e-05,0.025,1e-05,6137428,653331,9894,647403,9474,0.1064502915553551,0.0016120759379987,0.1054844146440495,0.0015436433633111
07-19-2021,159.61,209.05,7.0,12.0,84.0,8.0,-30.0,5.0,0.025,1e-05,0.025,1e-05,0.025,1e-05,0.025,1e-05,0.025,1e-05,0.025,1e-05,6137428,654368,9897,649395,9518,0.1066192548409529,0.0016125647421036,0.1058089805697109,0.0015508124901831
07-20-2021,160.35,209.75,6.0,9.0,114.0,6.0,-30.0,5.0,0.025,1e-05,0.025,1e-05,0.025,1e-05,0.0250000006201145,2.2750186308871377e-05,0.025,1e-05,0.025,1e-05,6137428,656484,9938,652390,9526,0.1069640246696173,0.0016192450648708,0.1062969700011144,0.0015521159677962
07-21-2021,162.72,208.58,14.0,12.0,72.0,15.0,-28.0,3.0,0.025,1e-05,0.025,1e-05,0.0250000006363006,2.2985424912992552e-05,0.025,1e-05,0.025,1e-05,0.0250000001455351,1.1333619387898956e-05,6137428,659414,9946,655736,9534,0.1074414233454144,0.0016205485424839,0.1068421495127926,0.0015534194454093
07-22-2021,172.46,225.19,7.0,12.0,100.0,12.0,-29.0,5.0,0.025,1e-05,0.025,1e-05,0.025,1e-05,0.025,1e-05,0.0250000001300851,1.1165830046041766e-05,0.025,1e-05,6137428,662692,9954,658601,9549,0.1079755232973812,0.001621852020097,0.1073089574329833,0.0015558634659339
07-23-2021,196.68,267.37,9.0,5.0,131.0,19.0,-20.0,4.0,0.025,1e-05,0.025,1e-05,0.0250000005335865,2.056897824416514e-05,0.0250000005572262,2.112960780555864e-05,0.025,1e-05,0.0250000001610107,1.1439658225359902e-05,6137428,665483,9969,661507,9557,0.1084302740496507,0.0016242960406215,0.1077824456759411,0.001557166943547
07-24-2021,185.21,265.1,-3.0,9.0,138.0,24.0,-8.0,0.0,0.025,1e-05,0.025,1e-05,0.0250000006001357,2.2044564432663336e-05,0.025000000647373,2.319972432994424e-05,0.0250000001529643,1.1347216478744576e-05,0.0250000002189249,1.202191830520684e-05,6137428,668721,9979,663127,9557,0.1089578566135521,0.0016259253876379,0.1080463998925934,0.001557166943547
07-25-2021,144.13,163.01,7.0,10.0,83.0,20.0,-8.0,0.0,0.025,1e-05,0.025,1e-05,0.0250000006845287,2.3981270883692443e-05,0.0250000007569254,2.5887721756403217e-05,0.0250000002121286,1.1939739287468642e-05,0.0250000002591462,1.2444858691662207e-05,6137428,670252,9979,664242,9558,0.1092073096417587,0.0016259253876379,0.1082280720849189,0.0015573298782486
07-26-2021,153.47,191.49,5.0,11.0,69.0,7.0,-29.0,6.0,0.025,1e-05,0.025,1e-05,0.0250000007992937,2.6792749147623524e-05,0.0250000008339099,2.7923211510545613e-05,0.0250000002479722,1.2315045585648767e-05,0.0250000002939132,1.2829699554793444e-05,6137428,671390,9981,666656,9622,0.1093927293322219,0.0016262512570412,0.1086213964546712,0.0015677576991534
07-27-2021,155.82,191.94,3.0,7.0,90.0,5.0,-30.0,6.0,0.025,1e-05,0.025,1e-05,0.0250000008826987,2.896794201951937e-05,0.025,1e-05,0.0250000002845142,1.2714889238793391e-05,0.0250000003783479,1.3624738657815364e-05,6137428,673931,10043,669604,9638,0.1098067464090821,0.0016363532085427,0.1091017279550978,0.0015703646543796
07-28-2021,155.9,190.61,11.0,10.0,50.0,12.0,-28.0,4.0,0.025,1e-05,0.025,1e-05,0.025,1e-05,0.025,1e-05,0.0250000003687989,1.35120940971814e-05,0.0250000004644798,1.4437974109307711e-05,6137428,676766,10067,672586,9642,0.1102686662882236,0.001640263641382,0.10958759923538,0.0015710163931862
07-29-2021,164.54,203.57,3.0,9.0,70.0,10.0,-29.0,6.0,0.025,1e-05,0.025,1e-05,0.0250000002865336,1.5289136391824367e-05,0.0250000005757391,2.064586438968132e-05,0.0250000004592265,1.4359565004349172e-05,0.0250000002853318,1.2533407724467912e-05,6137428,679845,10072,676803,9650,0.1107703422345647,0.0016410783148902,0.1102746948721842,0.0015723198707992
07-30-2021,190.74,254.57,10.0,6.0,112.0,18.0,-19.0,4.0,0.025,1e-05,0.025,1e-05,0.0250000003300882,1.610140556408477e-05,0.0250000006642452,2.2582521749366044e-05,0.0250000003105583,1.2755509639618353e-05,0.0250000003086575,1.2740174756498824e-05,6137428,683802,10081,679581,9667,0.1114150748489432,0.0016425447272049,0.1107273274733324,0.0015750897607271
07-31-2021,172.9,253.53,-3.0,9.0,105.0,21.0,-8.0,1.0,0.025,1e-05,0.025,1e-05,0.0250000003830602,1.723877235187294e-05,0.0250000004156563,1.8094061257506124e-05,0.0250000003391555,1.3006567712723064e-05,0.0250000003627517,1.3263683506634272e-05,6137428,686547,10099,681518,9667,0.1118623306049374,0.0016454775518344,0.1110429319904038,0.0015750897607271
08-01-2021,142.85,176.4,11.0,12.0,108.0,24.0,-7.0,-1.0,0.025,1e-05,0.025,1e-05,0.0250000004506069,1.872071417990379e-05,0.0250000004886816,1.9866294320847705e-05,0.0250000003926155,1.351445658809058e-05,0.025000000340593,1.3028172574034417e-05,6137428,688472,10102,682738,9667,0.1121759799055891,0.0016459663559393,0.1112417123264012,0.0015750897607271
08-02-2021,149.85,191.74,6.0,11.0,81.0,7.0,-30.0,6.0,0.025,1e-05,0.025,1e-05,0.0250000005336411,2.0684568934199937e-05,0.025000000545994,2.137701675195229e-05,0.0250000003721447,1.3282373960435829e-05,0.0250000003589929,1.3235777285429071e-05,6137428,689673,10106,685378,9755,0.1123716644822554,0.0016466180947458,0.1116718599387235,0.0015894280144712
08-03-2021,154.04,204.64,9.0,12.0,111.0,9.0,-31.0,5.0,0.025,1e-05,0.025,1e-05,0.0250000005856671,2.202941306163428e-05,0.0250000004251316,1.818648052148369e-05,0.0250000003989372,1.3559601748080316e-05,0.0250000004596468,1.4159276684549662e-05,6137428,692340,10193,689866,9777,0.1128062113315219,0.0016607934137883,0.1124031108796714,0.0015930125779072
08-04-2021,156.28,201.77,14.0,12.0,70.0,14.0,-28.0,3.0,0.025,1e-05,0.025,1e-05,0.0250000004944023,1.949982139623186e-05,0.0250000005251972,2.005681971589292e-05,0.0250000004997423,1.4477079849418214e-05,0.0250000005683904,1.5170134469942446e-05,6137428,696700,10219,693812,9798,0.1135166066306602,0.0016650297160308,0.1130460512123319,0.0015964342066416
08-05-2021,157.74,199.95,6.0,10.0,90.0,11.0,-29.0,5.0,0.025,1e-05,0.025,1e-05,0.0250000006060119,2.161779661679792e-05,0.0250000006216587,2.194575253585632e-05,0.0250000006162694,1.5556659009087506e-05,0.0250000006795874,1.6210371685673896e-05,6137428,700748,10243,697069,9819,0.1141761663028878,0.0016689401488701,0.1135767295355644,0.0015998558353759
08-06-2021,187.88,267.3,10.0,5.0,126.0,17.0,-19.0,4.0,0.025,1e-05,0.0250000002810174,2.064161692472669e-05,0.0250000007152916,2.3781139631140507e-05,0.025000000673127,2.290409802758271e-05,0.0250000007357796,1.6670577830606576e-05,0.0250000005918237,1.5198596877585273e-05,6137428,703914,10265,699834,9827,0.1146920175682712,0.0016725247123061,0.1140272439855913,0.001601159312989
08-07-2021,183.58,286.62,1.0,10.0,130.0,22.0,-8.0,-1.0,0.0250000003194609,2.2174461460821847e-05,0.0250000002903331,2.1422331687831632e-05,0.0250000007784214,2.5002701238002905e-05,0.0250000007483382,2.4585997887812295e-05,0.0250000006862827,1.6042568790501684e-05,0.0250000006837084,1.608181332760599e-05,6137428,706578,10274,701602,9828,0.1151260756134328,0.0016739911246209,0.1143153125380859,0.0016013222476907
08-08-2021,140.27,168.2,8.0,10.0,74.0,21.0,-8.0,0.0,0.0250000003309732,2.3082327913366985e-05,0.0250000003277181,2.3729125844747108e-05,0.0250000008506019,2.663228715401603e-05,0.0250000008492498,2.70353225824958e-05,0.0250000007749732,1.68844259629412e-05,0.0250000007413617,1.6654313599612397e-05,6137428,708412,10275,702924,9828,0.1154248978562355,0.0016741540593225,0.1145307122136504,0.0016013222476907
08-09-2021,147.71,186.7,4.0,10.0,51.0,5.0,-30.0,6.0,0.0250000003627324,2.5187140954280475e-05,0.0250000003477305,2.5265630080069224e-05,0.0250000009591252,2.9280600667647766e-05,0.0250000009226571,2.899383527683417e-05,0.0250000008344189,1.74706172362595e-05,0.0250000008016027,1.7288556612434635e-05,6137428,709631,10275,705320,9970,0.1156235152575313,0.0016741540593225,0.1149211037587732,0.0016244589753232
08-10-2021,147.82,187.18,2.0,7.0,69.0,4.0,-30.0,6.0,0.0250000003725205,2.631764543441531e-05,0.025,1e-05,0.0250000010323481,3.127164116893388e-05,0.0250000007670571,2.4690883841479167e-05,0.025000000895781,1.811448864018316e-05,0.0250000009583013,1.8694572110935843e-05,6137428,712083,10413,709533,9982,0.1160230311459458,0.0016966390481485,0.1156075476567708,0.0016264141917428
08-11-2021,153.52,193.11,11.0,11.0,42.0,11.0,-28.0,3.0,0.0250000002678127,2.018112014551315e-05,0.0250000003067264,2.116789549218695e-05,0.0250000008901963,2.7353229971982376e-05,0.0250000008721374,2.660791238593128e-05,0.0250000010547929,1.955772821219728e-05,0.0250000011044947,2.0028813845024808e-05,6137428,716187,10429,713113,10002,0.116691715161465,0.0016992460033747,0.1161908538886321,0.0016296728857756
08-12-2021,159.0,196.98,1.0,6.0,51.0,8.0,-29.0,6.0,0.0250000003200923,2.1774737732267065e-05,0.0250000003528839,2.3034488459893796e-05,0.0250000009510134,2.8308808388629827e-05,0.0250000010334901,3.001361998858024e-05,0.0250000012052031,2.0942714462809885e-05,0.025000000956708,1.8348240633986866e-05,6137428,719820,10449,716195,10002,0.1172836569325131,0.0017025046974074,0.1166930186390781,0.0016296728857756
08-13-2021,186.52,253.35,11.0,7.0,104.0,16.0,-19.0,4.0,0.0250000003585307,2.3285120631833805e-05,0.0250000003606994,2.3875965408239486e-05,0.0250000011073075,3.1643667730236624e-05,0.0250000011299633,3.230313181028938e-05,0.02500000106434,1.9337843469876227e-05,0.0250000010007434,1.8723238529804625e-05,6137428,722668,10457,719278,10027,0.1177476949627759,0.0017038081750205,0.1171953463242257,0.0016337462533165
08-14-2021,178.8,283.56,2.0,12.0,139.0,19.0,-7.0,-1.0,0.0250000003729523,2.430357182524687e-05,0.0250000004065797,2.6463093712354155e-05,0.0250000012087936,3.401514903099431e-05,0.0250000011743397,3.3434270103777004e-05,0.025000001116769,1.979519909786621e-05,0.0250000010818505,1.9500545512619e-05,6137428,725923,10477,721025,10028,0.1182780474166051,0.0017070668690532,0.1174799932479859,0.0016339091880181
08-15-2021,141.43,187.7,14.0,14.0,110.0,21.0,-7.0,-1.0,0.0250000004175945,2.685942681629223e-05,0.0250000004463566,2.90500377010862e-05,0.0250000012504357,3.510865546100381e-05,0.0250000012901939,3.639073406606391e-05,0.0250000011913392,2.0512425532079083e-05,0.0250000011570121,2.026682668824543e-05,6137428,727584,10478,722399,10028,0.1185486819560245,0.0017072298037549,0.1177038655280355,0.0016339091880181
08-16-2021,148.04,218.28,7.0,12.0,66.0,5.0,-29.0,5.0,0.025000000458552,2.954049928132114e-05,0.025000000469194,3.079591172064377e-05,0.0250000013503114,3.772602056855747e-05,0.0250000013809176,3.890216338762339e-05,0.0250000012701703,2.132675111613203e-05,0.0250000012354389,2.111708721915828e-05,6137428,728930,10479,724496,10152,0.1187679920644282,0.0017073927384565,0.1180455395973688,0.0016541130910211
08-17-2021,150.12,215.5,5.0,9.0,82.0,3.0,-30.0,5.0,0.0250000004829411,3.138931002911375e-05,0.025,1e-05,0.0250000014201803,3.977492951033491e-05,0.0250000010776791,3.155177895280772e-05,0.0250000013467547,2.216717763469735e-05,0.0250000013971691,2.264867662702308e-05,6137428,731097,10599,727564,10161,0.1191210715628761,0.001726944902653,0.1185454232619918,0.0016555795033359
08-18-2021,155.9,233.9,14.0,11.0,46.0,11.0,-26.0,2.0,0.025,1e-05,0.025,1e-05,0.0250000011238625,3.2621373919037265e-05,0.0250000011255337,3.246650868282303e-05,0.0250000015085345,2.372047960481847e-05,0.025000001548964,2.4126020430571063e-05,6137428,734184,10608,730985,10168,0.1196240509868303,0.0017284113149677,0.1191028228762928,0.0016567200462473
08-19-2021,162.81,251.2,7.0,10.0,72.0,9.0,-27.0,5.0,0.025,1e-05,0.0250000002796171,2.030355149855177e-05,0.0250000011463802,3.299679384957868e-05,0.0250000011524183,3.314484251373045e-05,0.0250000016439341,2.5047449441518737e-05,0.0250000014464194,2.3008142563879e-05,6137428,737531,10618,733759,10185,0.1201693934332101,0.0017300406619841,0.1195548037386344,0.0016594899361752
08-20-2021,187.16,311.08,9.0,4.0,106.0,13.0,-18.0,3.0,0.0250000002863564,2.0649807368930315e-05,0.0250000003541838,2.396929426975647e-05,0.025000001157177,3.3312102052380675e-05,0.0250000011685626,3.367434497525809e-05,0.0250000015609446,2.414544531203189e-05,0.0250000015295939,2.386540377639356e-05,6137428,740269,10635,736192,10202,0.1206155086462928,0.0017328105519119,0.1199512238677178,0.001662259826103
08-21-2021,177.25,331.32,1.0,10.0,132.0,16.0,-8.0,0.0,0.0250000003372067,2.3214522448929203e-05,0.0250000003404048,2.3804343109794738e-05,0.0250000011689969,3.374328996326035e-05,0.0250000012491722,3.573570663196926e-05,0.0250000016454954,2.503143265107412e-05,0.0250000016058118,2.467894588155303e-05,6137428,742751,10658,738025,10205,0.1210199125757564,0.0017365580500496,0.1202498831758189,0.0016627486302079
08-22-2021,137.23,238.68,13.0,16.0,95.0,16.0,-6.0,-1.0,0.0250000003469861,2.4003629554414476e-05,0.0250000003794165,2.622963947554149e-05,0.0250000012511368,3.579579817210792e-05,0.0250000013468354,3.831209102780669e-05,0.0250000017260158,2.5893806668999696e-05,0.0250000016340845,2.5032576922261056e-05,6137428,744484,10661,739469,10206,0.1213022784136938,0.0017370468541545,0.1204851608849831,0.0016629115649096
08-23-2021,143.5,319.16,2.0,9.0,32.0,0.0,-28.0,5.0,0.025000000391969,2.6661427858619374e-05,0.0250000004037618,2.7943236007138765e-05,0.0250000013540653,3.84654695397927e-05,0.0250000014280649,4.057810531275221e-05,0.0250000017586805,2.629698162492917e-05,0.0250000016868637,2.5685574545704587e-05,6137428,745930,10664,741788,10376,0.1215378819922612,0.0017375356582594,0.1208630064580798,0.0016906104641879
08-24-2021,143.55,288.1,0.0,7.0,55.0,-2.0,-28.0,5.0,0.0250000004194883,2.8499071312341123e-05,0.025,1e-05,0.0250000014423531,4.085983426546029e-05,0.0250000008785171,2.716369596901232e-05,0.0250000018037076,2.6874077186221628e-05,0.0250000018682034,2.741471810976693e-05,6137428,748235,10827,744504,10397,0.121913446479535,0.0017640940146263,0.1213055371077265,0.0016940320929223
08-25-2021,144.06,255.07,7.0,9.0,27.0,5.0,-25.0,2.0,0.025,1e-05,0.0250000003574182,2.2623915135059247e-05,0.0250000009193286,2.8078153903301647e-05,0.0250000010370612,3.019536791621476e-05,0.0250000019840601,2.861249451478268e-05,0.0250000020394219,2.907114802796737e-05,6137428,750929,10852,747436,10409,0.1223523925657457,0.0017681673821672,0.1217832616529269,0.0016959873093419
08-26-2021,149.79,249.38,-1.0,7.0,46.0,3.0,-26.0,5.0,0.025000000382958,2.3753725348637763e-05,0.0250000004661409,2.741984937121767e-05,0.0250000010569631,3.0642433049197334e-05,0.0250000011218496,3.187413404998774e-05,0.0250000021506988,3.023310158372998e-05,0.0250000018611363,2.712668614051591e-05,6137428,753831,10865,750180,10435,0.122825229069897,0.0017702855332885,0.1222303544742195,0.0017002236115845
08-27-2021,183.48,300.08,6.0,2.0,83.0,10.0,-14.0,2.0,0.0250000004845975,2.8243538390598475e-05,0.0250000005261664,3.0475931991310945e-05,0.0250000011440713,3.2375146491168406e-05,0.0250000013077021,3.6015251624648106e-05,0.0250000019870772,2.8446683064959587e-05,0.0250000019302158,2.7803745284090665e-05,6137428,756615,10894,752773,10449,0.123278839279255,0.001775010639636,0.1226528441555648,0.0017025046974074
08-28-2021,174.05,293.95,-3.0,9.0,114.0,9.0,-6.0,0.0,0.0250000005496694,3.149111857019362e-05,0.0250000005587727,3.2737114555879026e-05,0.0250000012907949,3.5602036250090355e-05,0.0250000013319242,3.667392664475885e-05,0.0250000020183573,2.8727636410152172e-05,0.0250000020518818,2.907569106058993e-05,6137428,759065,10908,754054,10453,0.1236780292982663,0.0017772917254589,0.1228615635083621,0.0017031564362139
08-29-2021,128.68,176.8,6.0,11.0,70.0,14.0,-7.0,1.0,0.0250000005664096,3.301673833215031e-05,0.0250000006046379,3.587677573267891e-05,0.0250000013466221,3.6978740133544646e-05,0.025000001461168,3.99427652011569e-05,0.0250000021364267,2.9967042715069003e-05,0.0250000021315859,2.9974607698918677e-05,6137428,760234,10913,754340,10453,0.1238684999644802,0.0017781063989671,0.1229081628330303,0.0017031564362139
08-30-2021,136.63,219.77,-1.0,6.0,35.0,-1.0,-26.0,5.0,0.0250000006160449,3.631800128970485e-05,0.0250000006308871,3.8029641048201065e-05,0.0250000014798667,4.033539715424941e-05,0.025000001566235,4.281893195940006e-05,0.0250000022148604,3.085153224027488e-05,0.0250000021567655,3.033376307987815e-05,6137428,762397,10914,757665,10610,0.1242209277241215,0.0017782693336687,0.1234499207159741,0.001728737184371
08-31-2021,140.9,219.58,0.0,7.0,64.0,1.0,-26.0,5.0,0.0250000006394732,3.83486916336501e-05,0.0250000002762177,2.0192990538736137e-05,0.0250000015836915,4.318041260660537e-05,0.0250000011382661,3.239098208891963e-05,0.0250000022386056,3.1194231810253616e-05,0.0250000023424762,3.2150351343365224e-05,6137428,763799,11048,760563,10622,0.1244493621758169,0.0018001025836881,0.1239221054813188,0.0017306924007906
