date,Mississippi-apple-driving,Mississippi-apple-walking,Mississippi-google-retail_and_recreation,Mississippi-google-grocery_and_pharmacy,Mississippi-google-parks,Mississippi-google-transit_stations,Mississippi-google-workplaces,Mississippi-google-residential,Mississippi-jh_beta_7,Mississippi-jh_gamma_7,Mississippi-cdc_beta_7,Mississippi-cdc_gamma_7,Mississippi-jh_beta_14,Mississippi-jh_gamma_14,Mississippi-cdc_beta_14,Mississippi-cdc_gamma_14,Mississippi-jh_beta_30,Mississippi-jh_gamma_30,Mississippi-cdc_beta_30,Mississippi-cdc_gamma_30,Mississippi-census_pop,Mississippi-jh_confirmed,Mississippi-jh_death,Mississippi-cdc_confirmed,Mississippi-cdc_death,Mississippi-jh_confirmed_ratio,Mississippi-jh_death_ratio,Mississippi-cdc_confirmed_ratio,Mississippi-cdc_death_ratio
01-01-2021,102.99,122.61,-39.0,-29.0,-10.0,-34.0,-69.0,23.0,0.025000000648158,3.3060981720604907e-05,0.0250000010463079,4.8442535874546114e-05,0.0250000372113357,0.0001470136807057,0.0250000491415616,0.0001765504197667,0.0250000162813773,0.0001481055995603,0.0250000194219804,0.0001755363861805,2976149,218386,4816,223753,5674,0.0733787186058224,0.001618198551215,0.0751820557371287,0.0019064905688525
01-02-2021,128.99,162.23,-16.0,-11.0,-13.0,-3.0,-21.0,7.0,0.025000000782348,3.8857642207295424e-05,0.0250000011390398,5.27341871082454e-05,0.0250000350299405,0.0001455773238704,0.025000048207235,0.0001795535884461,0.0250000164524146,0.0001500665185294,0.025000019500957,0.0001763583784147,2976149,220277,4840,225642,5721,0.0740141034605458,0.0016262626635964,0.0758167685824869,0.0019222827889329
01-03-2021,103.1,120.53,-12.0,-10.0,-10.0,7.0,-18.0,6.0,0.0250000009057441,4.459452039917728e-05,0.0250000012039144,5.5886229643754106e-05,0.0250000329146023,0.0001432336717035,0.0250000478055629,0.0001842960855513,0.0250000163189543,0.0001491598474975,0.025000019266039,0.0001742263723359,2976149,222061,4871,226936,5756,0.0746135358142351,0.0016366788087558,0.0762515586417212,0.0019340429528225
01-04-2021,123.21,166.53,0.0,1.0,-8.0,2.0,-22.0,6.0,0.0250000008702541,4.354888332443685e-05,0.0250000011741372,5.5149253595642224e-05,0.0250000327467418,0.0001483058976142,0.0250000491558063,0.0001923798215534,0.025000015938018,0.0001459716632042,0.0250000192450916,0.000174224502256,2976149,223677,4884,228774,5808,0.0751565193812541,0.0016410468696291,0.0768691352482688,0.0019515151963157
01-05-2021,129.49,177.64,-4.0,3.0,-3.0,2.0,-20.0,6.0,0.0250000008595976,4.370985997345245e-05,0.0250000011060212,5.241387778494595e-05,0.0250000351689382,0.0001605847503256,0.0250000444705249,0.0001877471180381,0.02500001567218,0.0001439160579627,0.025000019356149,0.0001753706777878,2976149,225444,4975,231690,5853,0.0757502396553398,0.0016716232957422,0.0778489249026174,0.001966635407031
01-06-2021,119.11,169.94,-6.0,-1.0,-8.0,2.0,-20.0,7.0,0.0250000007082422,3.6396665271135335e-05,0.0250000010994821,5.215638414658587e-05,0.025000028078833,0.0001405931333383,0.0250000417959541,0.0001898383547636,0.025000016086007,0.0001478320154742,0.0250000195999965,0.0001777327487253,2976149,228235,5013,234702,5898,0.0766880287243683,0.0016843914736795,0.0788609710064919,0.0019817556177462
01-07-2021,118.81,171.32,-17.0,-10.0,-25.0,-5.0,-21.0,10.0,0.02500000079022,3.924842517576623e-05,0.0250000009956865,4.7632760070053765e-05,0.0250000257752396,0.0001370503965044,0.0250000385073232,0.0001921126143929,0.0250000167925458,0.0001545263067018,0.0250000192433636,0.0001745234880226,2976149,228235,5013,236688,5926,0.0766880287243683,0.0016843914736795,0.0795282763060586,0.001991163748858
01-08-2021,141.32,190.46,-18.0,-12.0,-26.0,-6.0,-20.0,9.0,0.0250000007566754,3.818851715435556e-05,0.0250000009443195,4.5656051038715685e-05,0.0250000244957316,0.0001404734291367,0.0250000361619175,0.000195427928978,0.0250000160912612,0.0001481200455576,0.0250000189513595,0.0001721681007969,2976149,233665,5101,240234,5989,0.0785125341506759,0.0017139598857449,0.0807197489104208,0.0020123320438593
01-09-2021,133.88,183.37,-13.0,-8.0,-21.0,-1.0,-12.0,6.0,0.0250000008553686,4.169274170197955e-05,0.0250000010356216,4.930905702373784e-05,0.0250000271609592,0.0001552379108431,0.0250000360810709,0.0002033618679915,0.0250000161302862,0.0001486102366002,0.0250000188730445,0.0001716406529658,2976149,236868,5146,241932,6010,0.0795887571489196,0.0017290800964602,0.0812902848614098,0.0020193881421931
01-10-2021,95.82,122.26,-14.0,-6.0,-27.0,-5.0,-18.0,6.0,0.0250000009715406,4.627043991688257e-05,0.0250000010038457,4.827188227826858e-05,0.0250000306559395,0.0001720234593215,0.0250000325885724,0.0002058234765569,0.0250000158428282,0.0001458622809922,0.0250000187368257,0.0001707489622816,2976149,239082,5167,243061,6043,0.0803326715161102,0.001736136194794,0.0816696341480214,0.0020304762967176
01-11-2021,99.74,142.88,-20.0,-14.0,-31.0,-12.0,-31.0,13.0,0.0250000010159849,4.850409426187026e-05,0.0250000010124631,4.900539332519343e-05,0.0250000287719161,0.0001704237660639,0.0250000276649027,0.0001998106369072,0.0250000155408202,0.0001431293231533,0.0250000181592126,0.000165801556187,2976149,240309,5186,244854,6085,0.0807449492616129,0.0017425202837626,0.0822720905438538,0.0020445884933852
01-12-2021,120.61,173.49,-8.0,-3.0,-15.0,1.0,-20.0,7.0,0.0250000011045671,5.299962866048415e-05,0.0250000009541812,4.66388114875981e-05,0.0250000268306848,0.0001729109636626,0.0250000225844951,0.0001885334780041,0.0250000148574726,0.0001369255913396,0.0250000182189939,0.0001667927441559,2976149,241957,5284,246775,6127,0.0812986849784738,0.0017754487426536,0.0829175555390539,0.0020587006900528
01-13-2021,122.87,181.33,-8.0,-6.0,-9.0,2.0,-19.0,6.0,0.0250000009489123,4.553864122369888e-05,0.025000000936967,4.586257798536457e-05,0.0250000226352541,0.0001543326790239,0.0250000177989963,0.0001825999151344,0.0250000152103373,0.0001400981955742,0.0250000183940084,0.0001688392584005,2976149,243899,5315,248655,6164,0.0819512060720078,0.001785864887813,0.0835492443422691,0.0020711328633075
01-14-2021,129.78,185.24,-13.0,-11.0,-10.0,-1.0,-20.0,6.0,0.0250000010004845,4.7535668106224734e-05,0.0250000009165678,4.496240697971352e-05,0.0250000206752842,0.0001588302996986,0.025000007696558,0.0001587663865805,0.0250000158100305,0.0001458029037223,0.0250000178979266,0.0001646806315828,2976149,245847,5356,250657,6211,0.0826057431936371,0.001799641079798,0.0842219257167567,0.0020869250833879
01-15-2021,151.04,204.81,-17.0,-15.0,-18.0,-4.0,-21.0,7.0,0.0250000012038482,5.626992274135696e-05,0.0250000009856644,4.7717216287212353e-05,0.0250000180205129,0.0001584061454005,0.0250000075429908,0.0001554677383893,0.0250000154648958,0.0001425339401822,0.0250000176109488,0.0001624114551267,2976149,248189,5411,253685,6251,0.0833926661601956,0.0018181213373389,0.0852393478955522,0.0021003652706904
01-16-2021,143.87,203.04,-14.0,-12.0,-10.0,-2.0,-13.0,5.0,0.0250000010476361,4.934211220830882e-05,0.0250000008957789,4.368282833820256e-05,0.0250000076117353,0.0001544306197935,0.0250000078221075,0.0001615076834052,0.0250000152664527,0.0001406493571811,0.0250000175876448,0.0001626953598721,2976149,250869,5481,255313,6291,0.0842931587094597,0.0018416416651182,0.085786363518762,0.0021138054579928
01-17-2021,106.08,139.01,-15.0,-13.0,-10.0,-5.0,-20.0,5.0,0.0250000011137544,5.159133837085105e-05,0.0250000009958319,4.793939856749952e-05,0.0250000081687103,0.0001655379739598,0.0250000077528301,0.0001600144175792,0.0250000154568582,0.0001423843836752,0.0250000174719224,0.0001620775273084,2976149,252475,5521,256535,6316,0.0848327822296531,0.0018550818524206,0.0861969612408518,0.0021222055750568
01-18-2021,126.8,177.02,-12.0,-13.0,-7.0,-5.0,-41.0,11.0,0.0250000012649418,5.809317870242383e-05,0.0250000010106532,4.892594016889421e-05,0.0250000085652952,0.0001736328610166,0.0250000078311959,0.0001620581308295,0.0250000154533791,0.0001423773687208,0.0250000173369215,0.0001613802230133,2976149,253932,5524,257766,6350,0.0853223410521449,0.0018560898664683,0.0866105830050847,0.0021336297342639
01-19-2021,123.95,182.0,-13.0,-7.0,-8.0,0.0,-20.0,6.0,0.0250000812804793,0.0002117145137866,0.0250000009801469,4.792225783908277e-05,0.0250000091220922,0.0001864148031669,0.0250000075917682,0.0001572446840072,0.0250000154030558,0.0001420714613534,0.0250000172669571,0.0001613022062261,2976149,255125,5574,259733,6384,0.0857231946384404,0.0018728901005964,0.0872715042156827,0.002145053893471
01-20-2021,118.58,182.92,-12.0,-9.0,-6.0,0.0,-20.0,6.0,0.0250000010656499,5.105459013037021e-05,0.0250000009470213,4.672305687949689e-05,0.0250000082761691,0.0001686109566655,0.0250000074963999,0.0001555566645418,0.02500001564876,0.0001447141993298,0.0250000174054674,0.000163106797768,2976149,256827,5638,261557,6409,0.0862950746081597,0.0018943944002803,0.0878843767566744,0.002153454010535
01-21-2021,121.71,167.84,-18.0,-14.0,-22.0,-4.0,-20.0,8.0,0.0250000011484473,5.4405816257331005e-05,0.0250000009208918,4.592105801404204e-05,0.0250000085153472,0.0001737059320475,0.0249999978481293,0.0001418958850728,0.025000016355196,0.0001515461303162,0.0250000169069649,0.0001589557020624,2976149,259117,5668,263617,6443,0.087064525331225,0.0019044745407572,0.0885765464027506,0.0021648781697421
01-22-2021,142.95,195.28,-19.0,-16.0,-26.0,-8.0,-20.0,8.0,0.0250000011569564,5.489864404831981e-05,0.0250000008502358,4.298085022698931e-05,0.0250000093204696,0.0001914982586755,0.0249999955368948,0.0001432290622492,0.0250000154757999,0.0001432512370475,0.0250000166802469,0.000157449853366,2976149,261167,5713,265787,6483,0.0877533349304755,0.0019195947514724,0.0893056765639086,0.0021783183570446
01-23-2021,140.05,198.64,-16.0,-13.0,-9.0,-5.0,-12.0,5.0,0.0250000011053648,5.258770841771958e-05,0.0250000008305059,4.196449354274157e-05,0.0249999975274426,0.0001655286558106,0.0249999950200826,0.0001306844745688,0.0250000152503798,0.0001414092073284,0.0250000164581512,0.0001559772254736,2976149,263023,5752,266907,6500,0.0883769596213092,0.0019326989340923,0.0896820018083772,0.0021840304366481
01-24-2021,96.1,120.08,-21.0,-16.0,-23.0,-9.0,-19.0,6.0,0.0250000009755446,4.690820323361426e-05,0.0250000007772135,3.987882985553223e-05,0.0249999940268882,0.0001626354407046,0.0249999925728811,0.000134065805159,0.0250000154155262,0.0001433764922532,0.0250000163398218,0.0001554418429565,2976149,264219,5772,267936,6514,0.0887788212216525,0.0019394190277435,0.0900277506267327,0.002188734502204
01-25-2021,114.92,160.51,-16.0,-13.0,-17.0,-5.0,-19.0,7.0,0.0250000009505331,4.629811465937476e-05,0.0250000007700431,4.007759730573575e-05,0.0249999892485088,0.000168279845718,0.0249999915726656,0.000132203538648,0.0250000159124564,0.0001486055309735,0.0250000163581358,0.0001562305038069,2976149,265146,5777,269600,6545,0.0890902975623868,0.0019410990511563,0.0905868624185146,0.0021991506473634
01-26-2021,122.67,170.09,-14.0,-10.0,-6.0,-4.0,-19.0,6.0,0.0250000010530357,5.184450487009711e-05,0.0250000007287277,3.850004389798575e-05,0.0249999849655298,0.0001732967171359,0.0249999912884142,0.0001265973906979,0.0250000164506152,0.0001543345090463,0.0250000161714975,0.0001551075236377,2976149,266598,5852,271266,6594,0.0895781763614657,0.0019662994023484,0.0911466462196617,0.0022156148768089
01-27-2021,120.48,171.08,-12.0,-10.0,-7.0,0.0,-19.0,6.0,0.0250000010072998,4.95290784423678e-05,0.0250000007302442,3.815776131824739e-05,0.0249999896785599,0.0001503234877041,0.0249999912325626,0.0001218633133354,0.025000016320797,0.0001533975901001,0.0250000157003288,0.0001510426402985,2976149,268672,5917,273151,6618,0.0902750500730978,0.0019881397067149,0.0917800150462896,0.0022236789891903
01-28-2021,126.57,172.42,-16.0,-13.0,-13.0,-2.0,-19.0,7.0,0.0250000009404727,4.564528884699234e-05,0.0250000007629064,3.9420408978268086e-05,0.024999987111083,0.000153521122871,0.0249999908787947,0.0001185699560665,0.0250000164374576,0.0001547940621506,0.0250000149961245,0.0001447123182438,2976149,270476,5945,274927,6647,0.0908812025204383,0.0019975478378266,0.0923767593625184,0.0022334231249846
01-29-2021,151.88,204.64,-15.0,-15.0,-13.0,-3.0,-19.0,6.0,0.0250000010138313,4.8464089468800805e-05,0.0250000007486138,3.8687814193538176e-05,0.0249999855980458,0.0001522332877917,0.0249999916457944,0.0001115205284197,0.0250000154986919,0.0001459681841384,0.0250000144780728,0.0001402841405576,2976149,272662,5983,276506,6666,0.0916157087565172,0.0020103160157639,0.0929073107562827,0.0022398072139533
01-30-2021,143.3,193.16,-14.0,-12.0,-10.0,2.0,-13.0,5.0,0.0250000010040798,4.791497468770397e-05,0.0250000006834654,3.603583385886221e-05,0.0249999856646224,0.0001454512256016,0.0249999914948944,0.0001060560047405,0.0250000154721701,0.0001462881039076,0.0250000135286668,0.0001316734993395,2976149,274190,6018,277283,6676,0.0921291239114708,0.0020220761796536,0.0931683863946327,0.0022431672607789
01-31-2021,104.75,127.98,-14.0,-12.0,-16.0,-2.0,-19.0,5.0,0.02500000101213,4.84342171352266e-05,0.0250000007025814,3.746891720586383e-05,0.024999987608677,0.0001329334913731,0.0249999920854585,0.0001003018279213,0.0250000152514063,0.0001446827269208,0.0250000129311074,0.000126484733744,2976149,275001,6045,277901,6694,0.092401623709028,0.0020311483060827,0.0933760372884556,0.002249215345065
02-01-2021,119.1,159.92,-11.0,-8.0,-23.0,0.0,-18.0,5.0,0.0250000010908397,5.243663465071359e-05,0.0250000007287171,3.91781672011892e-05,0.024999986730658,0.0001313125554908,0.0249999914528388,9.958184827908468e-05,0.0250000152115241,0.0001448927680132,0.0250000127868643,0.0001256831831906,2976149,275706,6056,279123,6717,0.0926385070102337,0.0020348443575909,0.0937866350105455,0.0022569434527639
02-02-2021,122.37,161.81,-11.0,-5.0,-13.0,0.0,-19.0,5.0,0.0250000011985485,5.817734059709859e-05,0.025000000672394,3.699523638704605e-05,0.0249999810234001,0.0001416029466068,0.0249999918692128,9.554472275593392e-05,0.0250000152606293,0.0001460078875338,0.025000012322167,0.0001216909050391,2976149,276531,6132,280182,6730,0.0929157108733467,0.0020603807134656,0.0941424639693778,0.0022613115136372
02-03-2021,123.72,171.2,-4.0,-2.0,-7.0,5.0,-18.0,4.0,0.0250000010344896,5.0548787110797904e-05,0.0250000005078798,3.004592711060663e-05,0.0249999819316091,0.0001372372799541,0.024999992252979,9.06668255684895e-05,0.0250000152673301,0.0001464564231883,0.0250000120715056,0.0001197672216069,2976149,277322,6158,281215,6747,0.0931814905772526,0.0020691168352122,0.0944895568064636,0.0022670235932407
02-04-2021,127.35,166.02,-13.0,-9.0,-15.0,-3.0,-19.0,6.0,0.0250000008967968,4.434783961516105e-05,0.0250000004726335,2.859798920266244e-05,0.0249999846220465,0.0001270606605093,0.0249999919482291,8.865625658331276e-05,0.0250000155580105,0.0001497470312511,0.0250000115019828,0.0001147343556524,2976149,278532,6182,282356,6766,0.0935880562431518,0.0020771809475936,0.094872938149266,0.0022734076822094
02-05-2021,150.65,204.74,-16.0,-12.0,-24.0,-4.0,-19.0,7.0,0.0250000009269034,4.57845702269315e-05,0.0250000004140953,2.6012816139570755e-05,0.0249999823673714,0.0001279416420929,0.0249999926623883,8.329809130168601e-05,0.0250000145350456,0.0001401136874736,0.0250000109804235,0.0001102610733318,2976149,279742,6222,283306,6782,0.0939946219090509,0.0020906211348961,0.0951921425976992,0.0022787837571304
02-06-2021,140.73,197.38,-16.0,-10.0,-30.0,-3.0,-13.0,6.0,0.0250000009181658,4.536356468495188e-05,0.0250000004053666,2.563845081217579e-05,0.0249999824843285,0.0001239115636306,0.0249999940465457,7.564094757193528e-05,0.0250000143121495,0.0001385037557767,0.0250000104532091,0.0001057107612399,2976149,280778,6266,283876,6791,0.0943427227601843,0.0021054053409288,0.0953836652667591,0.0022818077992734
02-07-2021,99.61,128.3,-19.0,-7.0,-23.0,-10.0,-18.0,5.0,0.0250000009401035,4.611841806664316e-05,0.0250000004283728,2.6861186550726912e-05,0.0249999818281446,0.0001224557670812,0.0249999935893899,7.556540812152823e-05,0.0250000149193857,0.0001446604609498,0.0250000102308747,0.0001041005160728,2976149,281678,6269,284310,6798,0.0946451269744895,0.0021064133549765,0.0955294912989907,0.0022841598320514
02-08-2021,119.99,157.46,-13.0,-10.0,-15.0,-3.0,-19.0,5.0,0.0250000009367981,4.671491573225666e-05,0.0250000003933771,2.5668254949475125e-05,0.0249999788021442,0.0001261877703654,0.0249999930092357,7.589823187818065e-05,0.0250000136669764,0.0001332887211744,0.0250000093782399,9.635288849770429e-05,2976149,282313,6270,285213,6818,0.0948584899479159,0.002106749359659,0.0958329035273435,0.0022908799257026
02-09-2021,124.11,165.89,-10.0,-5.0,-3.0,0.0,-18.0,5.0,0.0250000009658392,4.917793958433156e-05,0.0250000003464139,2.3643974730250118e-05,0.0249999735832324,0.0001334996973851,0.0250000042229732,9.613648090988368e-05,0.025000013224026,0.0001297357667535,0.025000009263424,9.57397549606222e-05,2976149,282969,6342,285832,6826,0.0950789090196761,0.0021309416968034,0.0960408904258489,0.0022935679631631
02-10-2021,124.26,164.55,-8.0,-2.0,-10.0,2.0,-18.0,5.0,0.0250000007478443,3.912919062331374e-05,0.0250000003412543,2.3557201308187755e-05,0.0249999800502681,0.0001185967082654,0.0250000034661122,7.997262953045888e-05,0.025000013285413,0.0001308296411147,0.0250000089772794,9.336853465320468e-05,2976149,283753,6367,286654,6838,0.0953423366908041,0.0021393418138675,0.0963170862749143,0.0022976000193538
02-11-2021,117.72,157.73,-21.0,-14.0,-35.0,-6.0,-23.0,11.0,0.0250000007816295,4.0312175321792514e-05,0.0250000003138539,2.2430803328776608e-05,0.0249999843105976,0.0001065218903753,0.0250000032396842,7.541652344021437e-05,0.0250000134244128,0.0001325893282634,0.0250000085197773,8.931083168764552e-05,2976149,284664,6390,287265,6850,0.0956484369566174,0.0021470699215664,0.0965223851359592,0.0023016320755446
02-12-2021,150.56,200.08,-17.0,-8.0,-38.0,-3.0,-21.0,9.0,0.0250000008120157,4.159597686388775e-05,0.0250000002756224,2.07708710437882e-05,0.0249999832120026,0.0001066395324277,0.0250000028925345,6.811347245410054e-05,0.0250000123259855,0.0001220520834362,0.0250000080542246,8.514784359327449e-05,2976149,285648,6429,288266,6869,0.0959790655642577,0.0021601741041863,0.096858725823203,0.0023080161645132
02-13-2021,138.58,203.01,-13.0,2.0,-37.0,2.0,-15.0,7.0,0.0250000007757626,3.970449078049933e-05,0.0250000002673473,2.0229692192842607e-05,0.024999983491079,0.0001036436827492,0.0250000027872683,6.589208380369428e-05,0.0250000122359102,0.0001215619779071,0.0250000076727994,8.175711062682667e-05,2976149,286343,6461,289019,6877,0.0962125888186377,0.0021709262540282,0.0971117373491717,0.0023107042019737
02-14-2021,84.65,115.89,-26.0,-9.0,-44.0,-9.0,-28.0,9.0,0.0250000007178273,3.6977426353129446e-05,0.0250000002857363,2.106378261548704e-05,0.0249999835690498,0.0001019288296535,0.0250000028494976,6.750065631004535e-05,0.0250000119962488,0.0001195504038809,0.0250000071341875,7.678157848170626e-05,2976149,287436,6462,289749,6889,0.0965798419366772,0.0021712622587108,0.0973570207674414,0.0023147362581644
02-15-2021,45.77,86.89,-71.0,-60.0,-59.0,-53.0,-76.0,32.0,0.0250000008204792,4.2241319879556577e-05,0.0250000003141066,2.2354578397404268e-05,0.0249999830021285,0.0001017077917191,0.0250000027291855,6.501751030199916e-05,0.025000011483833,0.0001149647749509,0.0250000066637125,7.251739001876603e-05,2976149,287980,6464,290556,6909,0.0967626284839905,0.0021719342680759,0.0976281765462683,0.0023214563518157
02-16-2021,64.97,108.0,-58.0,-39.0,-47.0,-41.0,-74.0,30.0,0.0250000008902728,4.644774233182175e-05,0.0250000002867462,2.099433310775545e-05,0.0249999803021692,0.0001055087715766,0.0250000025330594,6.056950844021894e-05,0.0250000107037938,0.0001078063916125,0.0250000062551159,6.871525987810208e-05,2976149,288714,6501,290923,6916,0.0970092559209905,0.0021843664413307,0.0977514902647683,0.0023238083845936
02-17-2021,68.96,105.07,-49.0,-27.0,-43.0,-32.0,-61.0,25.0,0.0250000006126581,3.447828427056302e-05,0.0250000003105295,2.21155160034605e-05,0.0249999876112132,8.843193677957041e-05,0.0250000025283768,6.054759708989436e-05,0.0250000104370612,0.0001055976416284,0.0250000060620342,6.706283407860976e-05,2976149,289398,6524,291414,6928,0.0972390831238624,0.0021920945490296,0.0979164685639059,0.0023278404407843
02-18-2021,77.25,106.58,-46.0,-30.0,-38.0,-27.0,-60.0,23.0,0.0250000005944239,3.3639544616536325e-05,0.0250000003114061,2.2237697471850936e-05,0.0249999875223495,8.759353024807806e-05,0.0250000024308579,5.84513913361614e-05,0.025000010700156,0.0001086975818207,0.0250000057399813,6.408354690785133e-05,2976149,289532,6531,291828,6939,0.0972841077513256,0.0021944465818075,0.0980555745024862,0.0023315364922925
02-19-2021,103.97,136.16,-33.0,-19.0,-39.0,-20.0,-49.0,20.0,0.0250000005597712,3.23474665661143e-05,0.0250000003095284,2.2242339324743357e-05,0.0249999873349958,8.642505504992233e-05,0.0250000022813736,5.522272152217581e-05,0.0250000102755568,0.0001049010253559,0.0250000053956206,6.089371093396898e-05,2976149,289892,6534,292363,6948,0.0974050694370476,0.0021954545958552,0.0982353370076565,0.0023345605344356
02-20-2021,118.27,165.41,-20.0,-9.0,-26.0,1.0,-14.0,7.0,0.0250000004100641,2.619550709320317e-05,0.0250000002636059,2.034560533472146e-05,0.0249999895684756,7.913958865967969e-05,0.0250000021830824,5.321607920017352e-05,0.0250000096000932,9.867735546361452e-05,0.0250000051769823,5.8951446717292814e-05,2976149,290242,6553,292717,6952,0.0975226710759441,0.0022018386848239,0.0983542826652832,0.0023359045531658
02-21-2021,103.05,130.07,-10.0,-5.0,-20.0,10.0,-13.0,5.0,0.0250000003102246,2.1926915580909194e-05,0.0250000002645288,2.0641817079165305e-05,0.025000004632053,0.0001035659151183,0.0250000022058458,5.411989221762426e-05,0.0250000093755081,9.702176724755224e-05,0.0250000048191326,5.561443548168782e-05,2976149,290632,6553,293020,6959,0.097653712902143,0.0022018386848239,0.0984560920840992,0.0023382565859437
02-22-2021,136.04,183.23,-1.0,1.0,-11.0,8.0,-20.0,5.0,0.0250000003532241,2.42835198372828e-05,0.025,1e-05,0.0250000048565861,0.000109956500169,0.0250000022571003,5.570973580844128e-05,0.0250000089243805,9.31031516941222e-05,0.0250000043756677,5.139695416917712e-05,2976149,290874,6553,293769,6977,0.0977350260353228,0.0022018386848239,0.0987077595913376,0.0023443046702298
02-23-2021,141.9,190.23,-1.0,0.0,2.0,10.0,-17.0,4.0,0.0250000003702589,2.560390853016811e-05,0.025,1e-05,0.0249999883994465,7.783827014141595e-05,0.025000002052145,5.128206958586126e-05,0.0250000085403103,8.987764476676013e-05,0.0250000042794433,5.0598143411046336e-05,2976149,291222,6577,294386,6980,0.0978519556648541,0.0022099027972053,0.0989150744804779,0.0023453126842775
02-24-2021,140.73,191.92,1.0,-3.0,3.0,10.0,-17.0,4.0,0.025,1e-05,0.025,1e-05,0.0250000037115741,8.681680211528929e-05,0.0250000020816738,5.227494823419316e-05,0.0250000084528768,8.952151648667915e-05,0.0250000042130994,5.0113519393579496e-05,2976149,291891,6605,294974,6990,0.0980767427974876,0.002219310928317,0.0991126452338239,0.0023486727311031
02-25-2021,145.37,190.78,-6.0,-7.0,-2.0,7.0,-17.0,5.0,0.025,1e-05,0.025,1e-05,0.0250000034921199,8.195321797279878e-05,0.0250000020219984,5.120789838512863e-05,0.0250000085923163,9.13518401598924e-05,0.0250000039054502,4.717682751400582e-05,2976149,292811,6613,295513,7009,0.0983858671054439,0.0022219989657775,0.0992937517577245,0.0023550568200718
02-26-2021,166.61,215.54,-11.0,-13.0,-17.0,2.0,-18.0,5.0,0.025,1e-05,0.025,1e-05,0.025000003286649,7.747889926954343e-05,0.0250000020043265,5.070745212792538e-05,0.0250000077477019,8.323539987904886e-05,0.0250000033747416,4.190440730217084e-05,2976149,293542,6638,296028,7021,0.0986314865283962,0.0022303990828416,0.0994667941692435,0.0023590888762625
02-27-2021,167.98,230.84,-5.0,-7.0,2.0,10.0,-7.0,2.0,0.025000000329169,2.232901692877557e-05,0.025,1e-05,0.0250000027687795,6.558147788821329e-05,0.0250000018324823,4.672479180269562e-05,0.0250000070354857,7.641085003120697e-05,0.0250000031759274,3.999339813249771e-05,2976149,294091,6669,296291,7022,0.0988159530991223,0.002240815228001,0.0995551634007571,0.0023594248809451
02-28-2021,117.99,147.45,-3.0,-6.0,2.0,10.0,-15.0,3.0,0.0250000003547117,2.2882857237310537e-05,0.025,1e-05,0.0250000024787767,5.824988665424869e-05,0.0250000018652597,4.760692415098869e-05,0.0250000068513605,7.483102152537671e-05,0.0250000029024261,3.7344698285530486e-05,2976149,294795,6681,296520,7023,0.0990525003956455,0.0022448472841917,0.0996321084730636,0.0023597608856277
03-01-2021,127.68,171.28,-5.0,-8.0,-23.0,3.0,-17.0,5.0,0.0250000004663963,2.77488238855994e-05,0.025,1e-05,0.0250000028717825,6.64184879231198e-05,0.0250000017664889,4.578332440549083e-05,0.025000006515926,7.172846121168686e-05,0.0250000027518732,3.596795430559353e-05,2976149,294994,6681,297145,7041,0.0991193653274752,0.0022448472841917,0.0998421113996644,0.0023658089699138
03-02-2021,126.11,164.25,-8.0,-5.0,-27.0,3.0,-18.0,6.0,0.025000000538038,3.1471653346625354e-05,0.025,1e-05,0.0250000031623521,7.292080283488657e-05,0.0250000015283423,4.0470532793581833e-05,0.0250000062193238,6.902115053490572e-05,0.0250000027414916,3.5950288282049965e-05,2976149,295295,6724,297487,7048,0.0992205027369261,0.0022592954855418,0.0999570250011004,0.0023681610026917
03-03-2021,139.34,183.24,8.0,6.0,2.0,11.0,-17.0,3.0,0.0250000005322289,3.0917936113885304e-05,0.025,1e-05,0.0250000027833002,6.361334045516469e-05,0.0250000015769324,4.161588957327151e-05,0.0250000060855382,6.778488030865068e-05,0.0250000026260472,3.485728017026379e-05,2976149,295675,6743,297963,7057,0.0993481845162994,0.0022656795745105,0.1001169632299995,0.0023711850448347
03-04-2021,146.84,190.51,-2.0,-1.0,7.0,10.0,-17.0,4.0,0.0250000004989094,2.9276118149026447e-05,0.025,1e-05,0.0250000027250975,6.159744330036499e-05,0.0250000015094535,4.01704146270961e-05,0.0250000061634253,6.867550219632199e-05,0.0250000024372668,3.302255454989899e-05,2976149,296154,6764,298339,7062,0.0995091307592462,0.0022727356728443,0.1002433009906426,0.0023728650682475
03-05-2021,174.52,222.98,-8.0,-7.0,-8.0,7.0,-19.0,4.0,0.0250000005771447,3.2609270661319995e-05,0.025,1e-05,0.0250000030402083,6.80353917656344e-05,0.0250000014456118,3.892883267013018e-05,0.0250000053989787,6.093901738824706e-05,0.0250000023731777,3.2468015863411335e-05,2976149,296745,6783,298745,7069,0.0997077095266399,0.002279119761813,0.1003797188917624,0.0023752171010255
03-06-2021,179.54,239.14,-2.0,-1.0,19.0,16.0,-11.0,1.0,0.0250000005551887,3.161458045748198e-05,0.025,1e-05,0.0250000034454165,7.669939359162233e-05,0.0250000014210676,3.85938190274266e-05,0.0250000052856695,5.982673940092194e-05,0.0250000022558728,3.1366846823551586e-05,2976149,297321,6805,298946,7074,0.0999012482237952,0.0022865118648293,0.1004472558329572,0.0023768971244383
03-07-2021,124.73,151.35,0.0,-2.0,14.0,16.0,-16.0,2.0,0.0250000005016099,2.920926508927811e-05,0.025,1e-05,0.0250000034919196,7.746368731832058e-05,0.0250000014970664,4.057408030759196e-05,0.0250000051926592,5.89145175928998e-05,0.025000002107333,2.9953956336494543e-05,2976149,297581,6808,299102,7074,0.0999886094412611,0.002287519878877,0.1004996725634368,0.0023768971244383
03-08-2021,140.16,180.11,-1.0,-3.0,8.0,9.0,-20.0,4.0,0.0250000005183259,3.0441359390130105e-05,0.025,1e-05,0.0250000038957589,8.688061488979814e-05,0.025000001467474,4.038385912483295e-05,0.025000004875114,5.575838067604698e-05,0.0250000019884685,2.886557805724448e-05,2976149,297651,6808,299535,7083,0.1000121297690404,0.002287519878877,0.1006451625909858,0.0023799211665813
03-09-2021,141.61,186.54,-1.0,-1.0,15.0,12.0,-20.0,4.0,0.025000000568816,3.347201066534066e-05,0.025,1e-05,0.0250000042148256,9.497757893883753e-05,0.0250000011943318,3.458466979782267e-05,0.0250000044904156,5.196187764587844e-05,0.0250000019636559,2.871786043079285e-05,2976149,298008,6834,299992,7091,0.1001320834407148,0.0022962560006236,0.1007987167309163,0.0023826092040418
03-10-2021,143.96,186.02,3.0,0.0,12.0,15.0,-19.0,4.0,0.0250000004062815,2.642327961156293e-05,0.025,1e-05,0.0250000040301399,9.1365740905432e-05,0.0250000012760704,3.658947646958933e-05,0.0250000046439769,5.361256865569574e-05,0.0250000019653542,2.882878016675404e-05,2976149,298445,6845,300503,7096,0.100278917486994,0.0022999520521317,0.1009704151237051,0.0023842892274546
03-11-2021,157.77,190.81,-3.0,-4.0,13.0,14.0,-20.0,4.0,0.025000000372701,2.500557263918942e-05,0.025,1e-05,0.0250000037288358,8.523688725059241e-05,0.02500000118641,3.475600862600633e-05,0.0250000048201139,5.549448091243984e-05,0.0250000017954403,2.718872384456506e-05,2976149,299124,6864,301159,7110,0.1005070646664531,0.0023063361411004,0.1011908341954653,0.0023889932930105
03-12-2021,157.77,190.81,-5.0,-7.0,6.0,12.0,-21.0,4.0,0.0250000003398598,2.337996710874765e-05,0.025,1e-05,0.0250000039080267,8.961009761937282e-05,0.0250000009218283,2.8702468296308585e-05,0.0250000041033712,4.819957815086697e-05,0.0250000017870472,2.716429103476632e-05,2976149,299887,6883,301554,7117,0.1007634362392474,0.0023127202300691,0.101323556045077,0.0023913453257884
03-13-2021,190.67,245.61,4.0,1.0,32.0,31.0,-12.0,0.0,0.0250000003276039,2.254703512511196e-05,0.025,1e-05,0.0250000037051759,8.525648029655577e-05,0.0250000008185678,2.626712145176482e-05,0.0250000039820826,4.699129781117773e-05,0.0250000017253801,2.6592273821398124e-05,2976149,300577,6896,301755,7119,0.1009952794702147,0.0023170882909424,0.1013910929862718,0.0023920173351535
03-14-2021,139.9,161.14,10.0,2.0,23.0,30.0,-16.0,0.0,0.0250000002926109,2.0875645611730983e-05,0.025,1e-05,0.0250000033452922,7.74197506088979e-05,0.0250000009477642,2.9217132878650545e-05,0.0250000038794898,4.5989422464515935e-05,0.0250000016585469,2.597827831239196e-05,2976149,300780,6901,301911,7120,0.1010634884207746,0.0023187683143552,0.1014435097167514,0.0023923533398361
03-15-2021,148.25,189.24,7.0,-1.0,8.0,15.0,-24.0,4.0,0.0250000003440389,2.3399450232023573e-05,0.025,1e-05,0.0250000033788706,7.865059390311205e-05,0.0250000010506769,3.1740653676113554e-05,0.0250000035621899,4.2827483495014345e-05,0.0250000014935534,2.4377349983091198e-05,2976149,300881,6903,302329,7129,0.1010974248937133,0.0023194403237203,0.101583959674062,0.0023953773819791
03-16-2021,148.27,190.18,7.0,2.0,9.0,17.0,-23.0,4.0,0.0250000003900666,2.594943794308065e-05,0.025,1e-05,0.0250000036332108,8.506369329811587e-05,0.0250000007698118,2.552728229533984e-05,0.0250000033219,4.049344043058937e-05,0.0250000014698852,2.4206305052518648e-05,2976149,301250,6929,302612,7131,0.1012214106215784,0.0023281764454669,0.1016790489992268,0.0023960493913443
03-17-2021,125.68,170.84,3.0,-2.0,-15.0,13.0,-27.0,8.0,0.0250000003214715,2.2845100832117452e-05,0.025,1e-05,0.025000002949324,6.987744560743662e-05,0.0250000007276881,2.4757126700769377e-05,0.0250000034752338,4.216592684074682e-05,0.02500000139114,2.3478676876201466e-05,2976149,301602,6936,302826,7133,0.1013396842698399,0.0023305284782448,0.1017509540012949,0.0023967214007094
03-18-2021,173.14,219.87,12.0,1.0,0.0,22.0,-23.0,3.0,0.0250000003250438,2.3059686204341905e-05,0.025,1e-05,0.0250000027948777,6.664383363329897e-05,0.025000000621723,2.2647335697452185e-05,0.0250000036142049,4.370232360252775e-05,0.0250000012086075,2.1691024383651737e-05,2976149,301924,6938,303224,7138,0.1014478777776247,0.0023312004876099,0.1018846838649543,0.0023984014241222
03-19-2021,200.36,257.88,2.0,-5.0,-7.0,19.0,-26.0,4.0,0.0250000002634784,2.058421053822721e-05,0.025,1e-05,0.0250000025437281,6.151841349366605e-05,0.025000000610258,2.2612318518354375e-05,0.025000003301911,4.06491346520706e-05,0.0250000011876984,2.1556335458876607e-05,2976149,302316,6945,303579,7143,0.1015795916131887,0.0023335525203879,0.1020039655272635,0.002400081447535
03-20-2021,203.6,269.3,8.0,0.0,22.0,34.0,-14.0,-1.0,0.025,1e-05,0.025,1e-05,0.0250000023207391,5.705202342074472e-05,0.0250000005520595,2.1496234603954785e-05,0.0250000031557855,3.9319748048010526e-05,0.0250000011036478,2.076762531881208e-05,2976149,302677,6955,303730,7146,0.1017008893035933,0.0023369125672135,0.1020547022343303,0.0024010894615827
03-21-2021,145.33,171.09,16.0,4.0,27.0,33.0,-16.0,0.0,0.025,1e-05,0.025,1e-05,0.0250000020254512,5.08908860563679e-05,0.0250000005325224,2.127264363988468e-05,0.025000003211493,4.005226221213607e-05,0.0250000010290192,2.0077411568881983e-05,2976149,302837,6956,303873,7152,0.1017546500528031,0.002337248571896,0.1021027509039366,0.0024031054896781
03-22-2021,150.21,195.39,10.0,1.0,18.0,18.0,-17.0,2.0,0.025,1e-05,0.025,1e-05,0.0250000021328992,5.395795442060549e-05,0.0250000006382238,2.375841481088357e-05,0.025000003297559,4.1142189145064384e-05,0.0250000009784966,1.9626531603812045e-05,2976149,302932,6956,304212,7167,0.1017865704976464,0.002337248571896,0.1022166564913248,0.0024081455599165
03-23-2021,135.75,173.79,-2.0,-5.0,-16.0,11.0,-18.0,6.0,0.025,1e-05,0.025,1e-05,0.0250000022698009,5.783023141683162e-05,0.0250000005800453,2.219608403126189e-05,0.0250000031727286,4.009264979183352e-05,0.0250000010018667,1.988985274717706e-05,2976149,303238,6977,304481,7173,0.1018893879305102,0.0023443046702298,0.1023070417509338,0.0024101615880118
03-24-2021,149.01,200.65,11.0,4.0,6.0,19.0,-17.0,3.0,0.025,1e-05,0.025,1e-05,0.0250000018612694,4.886802004589521e-05,0.025000000544928,2.115748867422488e-05,0.0250000032928313,4.150635266443903e-05,0.0250000009889429,1.977342786336017e-05,2976149,303625,6981,304762,7178,0.1020194217426614,0.0023456486889601,0.1024014590667335,0.0024118416114246
03-25-2021,142.51,181.84,-6.0,-9.0,-17.0,11.0,-22.0,8.0,0.025,1e-05,0.025,1e-05,0.0250000017831988,4.734477486903789e-05,0.025000000575567,2.1639261971581903e-05,0.0250000034057057,4.285249543882891e-05,0.02500000083856,1.8242522758525974e-05,2976149,303942,6987,304995,7182,0.1021259352270333,0.0023476647170554,0.1024797481577703,0.0024131856301549
03-26-2021,196.3,254.36,1.0,-4.0,10.0,23.0,-19.0,2.0,0.025,1e-05,0.025,1e-05,0.0250000015071795,4.13535903289092e-05,0.025,1e-05,0.0250000032178395,4.110033405584394e-05,0.025000000867862,1.856734464759032e-05,2976149,304210,6998,305251,7184,0.1022159844819597,0.0023513607685636,0.102565765356506,0.00241385763952
03-27-2021,191.96,262.88,2.0,-2.0,20.0,28.0,-13.0,1.0,0.025,1e-05,0.025,1e-05,0.0250000012469343,3.55154656036082e-05,0.025,1e-05,0.0250000029779141,3.879388260149574e-05,0.0250000008083415,1.798465934249191e-05,2976149,304420,7000,305359,7184,0.1022865454652976,0.0023520327779287,0.1026020538622226,0.00241385763952
03-28-2021,134.6,160.42,7.0,-1.0,2.0,25.0,-17.0,2.0,0.025,1e-05,0.025,1e-05,0.0250000010999016,3.237167315187536e-05,0.025,1e-05,0.0250000029679358,3.887424260276656e-05,0.0250000006346692,1.6237775620177636e-05,2976149,304616,7001,305489,7184,0.1023524023830796,0.0023523687826113,0.1026457344709555,0.00241385763952
03-29-2021,148.49,203.08,8.0,0.0,18.0,19.0,-17.0,2.0,0.025,1e-05,0.025,1e-05,0.0250000011137897,3.2983720853007466e-05,0.025,1e-05,0.0250000027449539,3.676133895101648e-05,0.025000000539283,1.531312915579587e-05,2976149,304695,7001,305761,7190,0.1023789467530019,0.0023523687826113,0.1027371277446122,0.0024158736676154
03-30-2021,145.87,193.27,4.0,1.0,4.0,18.0,-17.0,4.0,0.025,1e-05,0.025,1e-05,0.0250000011700849,3.46679346655682e-05,0.025,1e-05,0.0250000024426374,3.383326106313297e-05,0.0250000005786795,1.576823227003765e-05,2976149,304858,7013,305988,7196,0.1024337155162594,0.002356400838802,0.1028134008075536,0.0024178896957107
03-31-2021,142.75,186.59,7.0,0.0,-10.0,19.0,-18.0,5.0,0.025,1e-05,0.025,1e-05,0.0250000006892875,2.3997068433765782e-05,0.025,1e-05,0.0250000023735826,3.327495939908056e-05,0.0250000006197703,1.6230012512205067e-05,2976149,305146,7032,306232,7201,0.102530484864837,0.0023627849277707,0.1028953859500986,0.0024195697191236
04-01-2021,174.23,225.72,14.0,8.0,12.0,28.0,-18.0,2.0,0.025,1e-05,0.025,1e-05,0.0250000007224398,2.4381438817910305e-05,0.025,1e-05,0.0250000024691567,3.43400646836433e-05,0.025000000456194,1.4572329075957472e-05,2976149,305417,7048,306446,7201,0.1026215421338111,0.0023681610026917,0.1029672909521667,0.0024195697191236
04-02-2021,192.23,261.73,8.0,5.0,9.0,23.0,-39.0,7.0,0.025,1e-05,0.025,1e-05,0.0250000009138798,2.8102210689557156e-05,0.025,1e-05,0.0250000020562615,3.0109499212530417e-05,0.0250000004196906,1.424020381704628e-05,2976149,305701,7051,306674,7205,0.1027169674636585,0.0023691690167394,0.1030439000197906,0.0024209137378538
04-03-2021,174.92,240.4,7.0,11.0,30.0,23.0,-19.0,0.0,0.025,1e-05,0.025,1e-05,0.0250000009570235,2.87890059152151e-05,0.025,1e-05,0.0250000019236924,2.8786097261169132e-05,0.025000000358414,1.3649241576530618e-05,2976149,305991,7055,306801,7208,0.1028144088216013,0.0023705130354696,0.1030865726144759,0.0024219217519015
04-04-2021,117.39,140.23,-15.0,-4.0,30.0,22.0,-25.0,0.0,0.025,1e-05,0.025,1e-05,0.0250000009076911,2.7600046859144447e-05,0.025,1e-05,0.0250000017609647,2.715878705191709e-05,0.0250000003436348,1.3539291267413146e-05,2976149,306088,7055,306908,7211,0.1028470012758097,0.0023705130354696,0.10312252511551,0.0024229297659492
04-05-2021,161.33,205.49,14.0,5.0,28.0,27.0,-27.0,3.0,0.025,1e-05,0.025,1e-05,0.0250000010358042,3.0676432148520564e-05,0.025,1e-05,0.0250000016116201,2.569193873424263e-05,0.0250000003036332,1.3168534202065324e-05,2976149,306158,7055,307179,7217,0.102870521603589,0.0023705130354696,0.1032135823844841,0.0024249457940445
04-06-2021,156.2,208.43,14.0,9.0,40.0,26.0,-19.0,1.0,0.025,1e-05,0.025,1e-05,0.0250000011557002,3.37638208036402e-05,0.025,1e-05,0.0250000014182318,2.378648521371949e-05,0.0250000002907049,1.3064716495508912e-05,2976149,306341,7073,307423,7219,0.1029320104604977,0.0023765611197557,0.103295567527029,0.0024256178034097
04-07-2021,153.15,207.49,16.0,8.0,16.0,25.0,-19.0,2.0,0.025,1e-05,0.025,1e-05,0.0250000008330026,2.6457700180288207e-05,0.025,1e-05,0.0250000014680754,2.4336186283281293e-05,0.0250000003344431,1.3551698147055688e-05,2976149,306611,7077,307694,7221,0.1030227317247893,0.002377905138486,0.1033866247960031,0.0024262898127748
04-08-2021,164.99,223.82,11.0,6.0,25.0,23.0,-18.0,2.0,0.025,1e-05,0.025,1e-05,0.0250000009003355,2.8021261382801194e-05,0.025,1e-05,0.0250000015508771,2.5229532815441536e-05,0.0250000002681318,1.290335350286583e-05,2976149,306851,7082,307939,7221,0.103103372848604,0.0023795851618988,0.1034689459432306,0.0024262898127748
04-09-2021,185.14,253.89,-1.0,-4.0,-1.0,18.0,-20.0,4.0,0.025,1e-05,0.025,1e-05,0.0250000009106806,2.837574783424946e-05,0.025,1e-05,0.0250000013193354,2.287458250889523e-05,0.0250000002090774,1.233928959349246e-05,2976149,307094,7086,308162,7222,0.1031850219864664,0.002380929180629,0.1035438749874418,0.0024266258174573
04-10-2021,192.06,283.19,5.0,0.0,10.0,28.0,-16.0,1.0,0.025,1e-05,0.025,1e-05,0.0250000007884868,2.583955705111489e-05,0.025,1e-05,0.0250000012619701,2.2324853111073672e-05,0.0250000001822881,1.2113169366574484e-05,2976149,307332,7095,308325,7227,0.1032649911009159,0.0023839532227721,0.1035986437506993,0.0024283058408701
04-11-2021,144.12,180.3,13.0,5.0,33.0,35.0,-17.0,0.0,0.025,1e-05,0.025,1e-05,0.025000000895351,2.833742001313513e-05,0.025,1e-05,0.0250000011110458,2.0792630915462005e-05,0.025,1e-05,2976149,307449,7096,308500,7228,0.1033043036487756,0.0023842892274546,0.1036574445701475,0.0024286418455527
04-12-2021,150.33,196.32,9.0,4.0,28.0,22.0,-17.0,2.0,0.025,1e-05,0.025,1e-05,0.025000000999201,3.094225986832739e-05,0.025,1e-05,0.0250000009531909,1.9205308458918062e-05,0.025,1e-05,2976149,307519,7096,308875,7242,0.1033278239765549,0.0023842892274546,0.103783446326108,0.0024333459111086
04-13-2021,145.62,190.99,5.0,3.0,18.0,17.0,-17.0,3.0,0.025,1e-05,0.025,1e-05,0.0250000010994257,3.358627548403806e-05,0.025,1e-05,0.025000000859541,1.830021098059729e-05,0.025,1e-05,2976149,307836,7119,309177,7243,0.1034343374609268,0.0023920173351535,0.1038849197402415,0.0024336819157911
04-14-2021,138.18,182.98,1.0,-3.0,-14.0,15.0,-18.0,5.0,0.025,1e-05,0.025,1e-05,0.0250000009995314,3.102245078495474e-05,0.025,1e-05,0.0250000008843145,1.854459741017688e-05,0.025,1e-05,2976149,308111,7122,309409,7247,0.1035267387486312,0.0023930253492012,0.1039628728265957,0.0024350259345214
04-15-2021,157.08,206.55,4.0,1.0,11.0,20.0,-18.0,4.0,0.025,1e-05,0.025,1e-05,0.0250000007107015,2.4347523235875298e-05,0.025,1e-05,0.0250000009399947,1.9122921037961262e-05,0.025,1e-05,2976149,308521,7127,309630,7253,0.1036645006684813,0.002394705372614,0.1040371298614417,0.0024370419626167
04-16-2021,183.93,246.07,-3.0,-6.0,-6.0,15.0,-19.0,4.0,0.025,1e-05,0.025,1e-05,0.025,1e-05,0.025,1e-05,0.0250000007100611,1.6748702925376336e-05,0.025,1e-05,2976149,308737,7139,309875,7260,0.1037370776799145,0.0023987374288048,0.1041194510086692,0.0024393939953947
04-17-2021,186.31,270.93,0.0,-3.0,9.0,17.0,-15.0,2.0,0.025,1e-05,0.025,1e-05,0.0250000006001147,2.145937435976207e-05,0.025,1e-05,0.025000000709869,1.6734144403873336e-05,0.025,1e-05,2976149,309029,7153,310022,7261,0.1038351910472224,0.0024034414943606,0.1041688436970057,0.0024397300000772
04-18-2021,134.23,161.85,7.0,2.0,18.0,25.0,-17.0,1.0,0.025,1e-05,0.025,1e-05,0.0250000007227161,2.378697125119421e-05,0.025,1e-05,0.0250000007767463,1.738986651209724e-05,0.025,1e-05,2976149,309186,7153,310164,7263,0.1038879437823845,0.0024034414943606,0.1042165563619294,0.0024404020094424
04-19-2021,146.49,187.51,7.0,2.0,27.0,19.0,-17.0,2.0,0.025,1e-05,0.025,1e-05,0.0250000009010864,2.773559889949244e-05,0.025,1e-05,0.0250000007754248,1.7371360325937023e-05,0.025,1e-05,2976149,309223,7153,310467,7266,0.1039003759556393,0.0024034414943606,0.1043183657807455,0.00244141002349
04-20-2021,150.21,199.38,6.0,5.0,38.0,20.0,-17.0,2.0,0.025,1e-05,0.025,1e-05,0.0250000010440136,3.115355699269328e-05,0.025,1e-05,0.0250000007308267,1.693118854489058e-05,0.025,1e-05,2976149,309585,7161,310769,7269,0.1040220096507265,0.0024061295318211,0.104419839194879,0.0024424180375377
04-21-2021,148.51,196.03,9.0,5.0,13.0,22.0,-17.0,3.0,0.025,1e-05,0.025,1e-05,0.0250000007613615,2.493175168221322e-05,0.025,1e-05,0.0250000007942776,1.7603080052110198e-05,0.025,1e-05,2976149,309818,7163,311000,7274,0.1041002987417632,0.0024068015411862,0.1044974562765506,0.0024440980609505
04-22-2021,158.42,204.03,2.0,1.0,29.0,20.0,-17.0,3.0,0.025,1e-05,0.025,1e-05,0.0250000007944424,2.5945139384815847e-05,0.025,1e-05,0.0250000008641867,1.835749101611662e-05,0.025,1e-05,2976149,310137,7173,311278,7277,0.1042074842355003,0.0024101615880118,0.1045908655783027,0.0024451060749982
04-23-2021,183.58,242.57,-4.0,-5.0,6.0,16.0,-19.0,4.0,0.025,1e-05,0.025,1e-05,0.0250000008236816,2.671436927230096e-05,0.025,1e-05,0.0250000006926557,1.6591194597670017e-05,0.025,1e-05,2976149,310349,7175,311559,7281,0.1042787172282033,0.002410833597377,0.1046852828941024,0.0024464500937285
04-24-2021,180.25,249.89,-1.0,-3.0,13.0,20.0,-17.0,2.0,0.025,1e-05,0.025,1e-05,0.0250000008557493,2.7686135933830743e-05,0.025,1e-05,0.0250000007132534,1.6835629564234482e-05,0.025,1e-05,2976149,310349,7175,311697,7284,0.1042787172282033,0.002410833597377,0.1047316515402958,0.0024474581077761
04-25-2021,138.89,166.33,6.0,3.0,37.0,28.0,-18.0,1.0,0.025,1e-05,0.025,1e-05,0.0250000007391382,2.5473034414235376e-05,0.025,1e-05,0.0250000007036114,1.6786962697532913e-05,0.025,1e-05,2976149,310349,7175,311825,7287,0.1042787172282033,0.002410833597377,0.1047746601396637,0.0024484661218238
04-26-2021,148.84,190.67,5.0,1.0,32.0,19.0,-18.0,3.0,0.025,1e-05,0.025,1e-05,0.0250000007926486,2.7172653846853616e-05,0.025,1e-05,0.0250000006294954,1.6086167086018972e-05,0.025,1e-05,2976149,310987,7178,312077,7295,0.1044930882156773,0.0024118416114246,0.1048593333196691,0.0024511541592843
04-27-2021,149.45,196.71,4.0,3.0,36.0,18.0,-17.0,3.0,0.025,1e-05,0.025,1e-05,0.0250000008656687,2.9232947131603297e-05,0.025,1e-05,0.0250000006574825,1.6448562678843693e-05,0.025,1e-05,2976149,311159,7188,312332,7303,0.1045508810210779,0.0024152016582503,0.1049450145137222,0.0024538421967448
04-28-2021,152.86,197.86,8.0,5.0,23.0,21.0,-17.0,2.0,0.025,1e-05,0.025,1e-05,0.025,1e-05,0.025,1e-05,0.0250000007030582,1.6968683510179002e-05,0.025,1e-05,2976149,311493,7193,312572,7306,0.1046631065850533,0.0024168816816631,0.1050256556375369,0.0024548502107925
04-29-2021,161.64,205.19,2.0,1.0,20.0,22.0,-18.0,3.0,0.025,1e-05,0.025,1e-05,0.025,1e-05,0.025,1e-05,0.0250000007604595,1.7606257830676497e-05,0.025,1e-05,2976149,311654,7195,312781,7309,0.1047172033389457,0.0024175536910282,0.1050958806161922,0.0024558582248402
04-30-2021,197.57,261.76,1.0,0.0,12.0,21.0,-19.0,3.0,0.025,1e-05,0.025,1e-05,0.025,1e-05,0.025,1e-05,0.0250000006745324,1.6761648586684594e-05,0.025,1e-05,2976149,311900,7199,312978,7316,0.1047998604908558,0.0024188977097584,0.1051620735386568,0.0024582102576181
05-01-2021,205.27,279.57,5.0,5.0,49.0,31.0,-15.0,-1.0,0.025,1e-05,0.025,1e-05,0.025,1e-05,0.025,1e-05,0.0250000005059497,1.5056202514769929e-05,0.025,1e-05,2976149,311900,7199,313147,7318,0.1047998604908558,0.0024188977097584,0.1052188583300096,0.0024588822669832
05-02-2021,131.05,151.97,0.0,1.0,-12.0,26.0,-19.0,3.0,0.025,1e-05,0.025,1e-05,0.025,1e-05,0.025,1e-05,0.0250000003666521,1.3668059565437342e-05,0.025,1e-05,2976149,311900,7199,313263,7320,0.1047998604908558,0.0024188977097584,0.1052578348731868,0.0024595542763483
05-03-2021,152.7,188.74,9.0,9.0,15.0,19.0,-18.0,2.0,0.025,1e-05,0.025,1e-05,0.025,1e-05,0.025,1e-05,0.0250000003721767,1.379731909599482e-05,0.025,1e-05,2976149,312400,7207,313545,7328,0.1049678628321364,0.0024215857472189,0.105352588193669,0.0024622423138088
05-04-2021,133.02,170.91,-3.0,0.0,-8.0,10.0,-19.0,5.0,0.025,1e-05,0.025,1e-05,0.025,1e-05,0.025,1e-05,0.0250000003707928,1.3834629399552576e-05,0.025,1e-05,2976149,312608,7221,313812,7335,0.1050377518061091,0.0024262898127748,0.1054423014439129,0.0024645943465868
05-05-2021,156.26,211.28,13.0,10.0,13.0,21.0,-19.0,1.0,0.025,1e-05,0.025,1e-05,0.025,1e-05,0.025,1e-05,0.0250000004278818,1.4437407117547352e-05,0.025,1e-05,2976149,312712,7223,314002,7339,0.1050726962930955,0.0024269618221399,0.1055061423335995,0.002465938365317
05-06-2021,170.85,224.51,6.0,7.0,31.0,21.0,-18.0,1.0,0.025,1e-05,0.025,1e-05,0.025,1e-05,0.025,1e-05,0.0250000004814463,1.501190526060575e-05,0.025,1e-05,2976149,312926,7226,314195,7344,0.1051446012951636,0.0024279698361876,0.1055709912373338,0.0024676183887298
05-07-2021,204.74,273.88,2.0,3.0,21.0,22.0,-19.0,1.0,0.025,1e-05,0.025,1e-05,0.025,1e-05,0.025,1e-05,0.0250000003251578,1.3407809037909133e-05,0.025,1e-05,2976149,313166,7228,314404,7346,0.1052252424189783,0.0024286418455527,0.1056412162159891,0.0024682903980949
05-08-2021,203.85,281.93,8.0,14.0,49.0,32.0,-15.0,-2.0,0.025,1e-05,0.025,1e-05,0.025,1e-05,0.025,1e-05,0.0250000003265213,1.3449541781695082e-05,0.025,1e-05,2976149,313166,7228,314574,7354,0.1052252424189783,0.0024286418455527,0.1056983370120245,0.0024709784355554
05-09-2021,127.12,151.07,4.0,9.0,15.0,27.0,-21.0,0.0,0.025,1e-05,0.025,1e-05,0.025,1e-05,0.025,1e-05,0.0250000003113136,1.3331393446723674e-05,0.025,1e-05,2976149,313166,7228,314703,7358,0.1052252424189783,0.0024286418455527,0.105741681616075,0.0024723224542857
05-10-2021,146.65,184.45,2.0,5.0,5.0,20.0,-19.0,4.0,0.025,1e-05,0.025,1e-05,0.025,1e-05,0.025,1e-05,0.025000000302806,1.3292820330330956e-05,0.0250000000969425,1.1036498932443758e-05,2976149,313675,7234,314922,7363,0.105396268802402,0.0024306578736481,0.1058152666415559,0.0024740024776985
05-11-2021,141.43,182.21,-2.0,6.0,0.0,19.0,-18.0,5.0,0.025,1e-05,0.025,1e-05,0.025,1e-05,0.025,1e-05,0.0250000002397589,1.2671760690949734e-05,0.0250000000938545,1.099130302710888e-05,2976149,313942,7240,315128,7367,0.1054859820526458,0.0024326739017434,0.1058844836061635,0.0024753464964287
05-12-2021,151.41,193.01,6.0,7.0,11.0,24.0,-19.0,3.0,0.025,1e-05,0.025,1e-05,0.025,1e-05,0.025,1e-05,0.0250000002715544,1.3023097481395388e-05,0.025000000135579,1.1416086909185991e-05,2976149,314147,7244,315330,7371,0.1055548630125709,0.0024340179204737,0.1059523565520409,0.002476690515159
05-13-2021,170.23,220.94,4.0,3.0,38.0,25.0,-19.0,2.0,0.025,1e-05,0.025,1e-05,0.025,1e-05,0.025,1e-05,0.0250000003150536,1.3490491278118944e-05,0.025,1e-05,2976149,314509,7247,315487,7373,0.1056764967076581,0.0024350259345214,0.106005109287203,0.0024773625245241
05-14-2021,194.82,248.86,-1.0,-2.0,22.0,24.0,-20.0,2.0,0.025,1e-05,0.025,1e-05,0.025,1e-05,0.025,1e-05,0.0250000000930828,1.1194844751938353e-05,0.025,1e-05,2976149,314710,7254,315681,7374,0.1057440336488529,0.0024373779672993,0.1060702941956199,0.0024776985292067
05-15-2021,197.28,258.57,0.0,3.0,50.0,31.0,-17.0,-1.0,0.025,1e-05,0.025,1e-05,0.025,1e-05,0.025,1e-05,0.0250000001041864,1.1308326156707673e-05,0.025,1e-05,2976149,314710,7254,315796,7374,0.1057440336488529,0.0024373779672993,0.1061089347341144,0.0024776985292067
05-16-2021,144.37,165.86,5.0,4.0,35.0,37.0,-16.0,1.0,0.025,1e-05,0.025,1e-05,0.025,1e-05,0.025,1e-05,0.025000000087169,1.1142597054659449e-05,0.025,1e-05,2976149,314710,7254,315896,7375,0.1057440336488529,0.0024373779672993,0.1061425352023705,0.0024780345338892
05-17-2021,149.18,186.79,3.0,1.0,8.0,21.0,-19.0,3.0,0.025,1e-05,0.025,1e-05,0.025,1e-05,0.025,1e-05,0.025,1e-05,0.025,1e-05,2976149,315026,7257,316131,7382,0.1058502111285422,0.002438385981347,0.1062214963027724,0.0024803865666671
05-18-2021,151.51,195.09,2.0,3.0,9.0,21.0,-18.0,4.0,0.025,1e-05,0.025,1e-05,0.025,1e-05,0.025,1e-05,0.025,1e-05,0.025,1e-05,2976149,315634,7268,316318,7383,0.1060545019755395,0.0024420820328552,0.1062843291784114,0.0024807225713497
05-19-2021,155.95,199.72,8.0,7.0,17.0,27.0,-18.0,3.0,0.025,1e-05,0.025,1e-05,0.025,1e-05,0.025,1e-05,0.025,1e-05,0.025,1e-05,2976149,315891,7269,316525,7387,0.1061408551789577,0.0024424180375377,0.1063538821477016,0.0024820665900799
05-20-2021,169.43,210.95,4.0,4.0,30.0,29.0,-19.0,3.0,0.025,1e-05,0.025,1e-05,0.025,1e-05,0.025,1e-05,0.025,1e-05,0.025,1e-05,2976149,316167,7278,316688,7389,0.1062335924713446,0.0024454420796808,0.1064086509109591,0.0024827385994451
05-21-2021,201.39,256.07,0.0,0.0,20.0,27.0,-20.0,2.0,0.025,1e-05,0.025,1e-05,0.025,1e-05,0.025,1e-05,0.025,1e-05,0.025,1e-05,2976149,316272,7279,316821,7392,0.1062688729630136,0.0024457780843633,0.1064533395337397,0.0024837466134928
05-22-2021,204.31,261.63,0.0,4.0,46.0,36.0,-15.0,-1.0,0.025,1e-05,0.025,1e-05,0.025,1e-05,0.025,1e-05,0.025,1e-05,0.025,1e-05,2976149,316272,7279,316963,7395,0.1062688729630136,0.0024457780843633,0.1065010521986634,0.0024847546275404
05-23-2021,147.11,166.26,5.0,5.0,37.0,37.0,-17.0,1.0,0.025,1e-05,0.025,1e-05,0.025,1e-05,0.025,1e-05,0.025,1e-05,0.025,1e-05,2976149,316272,7279,317051,7396,0.1062688729630136,0.0024457780843633,0.1065306206107288,0.002485090632223
05-24-2021,161.64,209.33,6.0,3.0,30.0,29.0,-21.0,3.0,0.025,1e-05,0.025,1e-05,0.025,1e-05,0.025,1e-05,0.025,1e-05,0.025,1e-05,2976149,316754,7285,317254,7399,0.1064308272200081,0.0024477941124587,0.1065988295612887,0.0024860986462707
05-25-2021,164.81,211.9,7.0,6.0,38.0,28.0,-21.0,2.0,0.025,1e-05,0.025,1e-05,0.025,1e-05,0.025,1e-05,0.025,1e-05,0.025,1e-05,2976149,316911,7298,317434,7400,0.1064835799551702,0.002452162173332,0.1066593104041497,0.0024864346509532
05-26-2021,168.48,212.59,10.0,6.0,27.0,33.0,-21.0,3.0,0.025,1e-05,0.025,1e-05,0.025,1e-05,0.025,1e-05,0.025,1e-05,0.025,1e-05,2976149,317065,7302,317590,7403,0.1065353246762847,0.0024535061920622,0.1067117271346293,0.0024874426650009
05-27-2021,184.15,227.86,7.0,6.0,39.0,36.0,-23.0,3.0,0.025,1e-05,0.025,1e-05,0.025,1e-05,0.025,1e-05,0.025,1e-05,0.025,1e-05,2976149,317276,7304,317718,7408,0.1066062216643051,0.0024541782014274,0.1067547357339971,0.0024891226884137
05-28-2021,215.32,266.9,2.0,3.0,25.0,40.0,-26.0,4.0,0.025,1e-05,0.025,1e-05,0.025,1e-05,0.025,1e-05,0.025,1e-05,0.025,1e-05,2976149,317407,7310,317873,7409,0.1066502382777206,0.0024561942295227,0.1068068164597941,0.0024894586930963
05-29-2021,200.58,250.31,1.0,7.0,49.0,45.0,-20.0,0.0,0.025,1e-05,0.025,1e-05,0.025,1e-05,0.025,1e-05,0.025,1e-05,0.025,1e-05,2976149,317407,7310,317955,7411,0.1066502382777206,0.0024561942295227,0.1068343688437642,0.0024901307024614
05-30-2021,152.36,187.02,9.0,10.0,65.0,37.0,-21.0,0.0,0.025,1e-05,0.025,1e-05,0.025,1e-05,0.025,1e-05,0.025,1e-05,0.025,1e-05,2976149,317407,7310,318043,7415,0.1066502382777206,0.0024561942295227,0.1068639372558296,0.0024914747211917
05-31-2021,145.47,164.16,-9.0,-3.0,54.0,20.0,-66.0,14.0,0.025,1e-05,0.025,1e-05,0.025,1e-05,0.025,1e-05,0.025,1e-05,0.025,1e-05,2976149,317713,7316,318110,7416,0.1067530557105843,0.0024582102576181,0.1068864495695612,0.0024918107258742
06-01-2021,170.26,225.45,9.0,10.0,33.0,29.0,-23.0,3.0,0.025,1e-05,0.025,1e-05,0.025,1e-05,0.025,1e-05,0.025,1e-05,0.025,1e-05,2976149,317755,7318,318311,7418,0.1067671679072519,0.0024588822669832,0.106953986510756,0.0024924827352393
06-02-2021,161.76,207.52,9.0,10.0,16.0,32.0,-23.0,4.0,0.025,1e-05,0.025,1e-05,0.025,1e-05,0.025,1e-05,0.025,1e-05,0.025,1e-05,2976149,317856,7322,318447,7421,0.1068011043801906,0.0024602262857135,0.1069996831475843,0.002493490749287
06-03-2021,177.08,228.0,9.0,11.0,33.0,37.0,-23.0,3.0,0.025,1e-05,0.025,1e-05,0.025,1e-05,0.025,1e-05,0.025,1e-05,0.025,1e-05,2976149,318048,7324,318602,7424,0.1068656172792424,0.0024608982950786,0.1070517638733813,0.0024944987633347
06-04-2021,209.5,273.11,0.0,1.0,24.0,34.0,-23.0,4.0,0.025,1e-05,0.025,1e-05,0.025,1e-05,0.025,1e-05,0.025,1e-05,0.025,1e-05,2976149,318189,7325,318715,7426,0.1069129939394835,0.0024612342997612,0.1070897324025107,0.0024951707726998
06-05-2021,201.53,255.95,-1.0,2.0,24.0,44.0,-14.0,2.0,0.025,1e-05,0.025,1e-05,0.025,1e-05,0.025,1e-05,0.025,1e-05,0.025,1e-05,2976149,318189,7325,318804,7426,0.1069129939394835,0.0024612342997612,0.1071196368192587,0.0024951707726998
06-06-2021,139.05,150.26,-5.0,-4.0,-3.0,37.0,-19.0,4.0,0.025,1e-05,0.025,1e-05,0.025,1e-05,0.025,1e-05,0.025,1e-05,0.025,1e-05,2976149,318189,7325,318895,7430,0.1069129939394835,0.0024612342997612,0.1071502132453717,0.0024965147914301
06-07-2021,159.1,213.58,5.0,4.0,10.0,28.0,-23.0,5.0,0.025,1e-05,0.025,1e-05,0.025,1e-05,0.025,1e-05,0.025,1e-05,0.025,1e-05,2976149,318521,7333,319015,7433,0.1070245474940938,0.0024639223372216,0.1071905338072791,0.0024975228054778
06-08-2021,160.33,210.08,4.0,4.0,22.0,29.0,-23.0,5.0,0.025,1e-05,0.025,1e-05,0.025,1e-05,0.025,1e-05,0.025,1e-05,0.025,1e-05,2976149,318578,7343,319119,7436,0.1070436997609998,0.0024672823840473,0.1072254782942655,0.0024985308195255
06-09-2021,162.15,211.74,6.0,4.0,15.0,31.0,-23.0,5.0,0.025,1e-05,0.025,1e-05,0.025,1e-05,0.025,1e-05,0.025,1e-05,0.025,1e-05,2976149,318685,7347,319280,7439,0.1070796522620339,0.0024686264027775,0.1072795750481578,0.0024995388335731
06-10-2021,175.5,221.85,2.0,3.0,17.0,32.0,-24.0,5.0,0.025,1e-05,0.025,1e-05,0.025,1e-05,0.025,1e-05,0.025,1e-05,0.025,1e-05,2976149,318879,7348,319400,7442,0.1071448371704508,0.0024689624074601,0.1073198956100652,0.0025005468476208
06-11-2021,211.35,270.57,-1.0,0.0,19.0,34.0,-25.0,4.0,0.025,1e-05,0.025,1e-05,0.025,1e-05,0.025,1e-05,0.025,1e-05,0.025,1e-05,2976149,319115,7353,319527,7443,0.1072241342755352,0.0024706424308729,0.1073625682047505,0.0025008828523034
06-12-2021,215.1,261.96,0.0,4.0,42.0,49.0,-14.0,0.0,0.025,1e-05,0.025,1e-05,0.025,1e-05,0.025,1e-05,0.025,1e-05,0.025,1e-05,2976149,319115,7353,319616,7446,0.1072241342755352,0.0024706424308729,0.1073924726214984,0.0025018908663511
06-13-2021,153.2,171.32,2.0,2.0,19.0,43.0,-18.0,2.0,0.025,1e-05,0.025,1e-05,0.025,1e-05,0.025,1e-05,0.025,1e-05,0.025,1e-05,2976149,319115,7353,319695,7446,0.1072241342755352,0.0024706424308729,0.1074190169914208,0.0025018908663511
06-14-2021,170.85,220.63,7.0,5.0,22.0,33.0,-24.0,3.0,0.025,1e-05,0.025,1e-05,0.025,1e-05,0.025,1e-05,0.025,1e-05,0.025,1e-05,2976149,319381,7354,319841,7446,0.1073135115210965,0.0024709784355554,0.1074680736750747,0.0025018908663511
06-15-2021,170.61,218.7,7.0,8.0,30.0,32.0,-22.0,3.0,0.025,1e-05,0.025,1e-05,0.025,1e-05,0.025,1e-05,0.025,1e-05,0.025,1e-05,2976149,319428,7361,319983,7450,0.1073293037411769,0.0024733304683334,0.1075157863399984,0.0025032348850813
06-16-2021,173.51,223.56,10.0,9.0,35.0,37.0,-23.0,3.0,0.025,1e-05,0.025,1e-05,0.025,1e-05,0.025,1e-05,0.025,1e-05,0.025,1e-05,2976149,319511,7368,320172,7450,0.1073571921298295,0.0024756825011113,0.1075792912250025,0.0025032348850813
06-17-2021,184.91,233.47,5.0,7.0,33.0,35.0,-24.0,3.0,0.025,1e-05,0.025,1e-05,0.025,1e-05,0.025,1e-05,0.025,1e-05,0.025,1e-05,2976149,319704,7369,320287,7453,0.1074220410335638,0.0024760185057938,0.107617931763497,0.002504242899129
06-18-2021,212.11,257.72,-2.0,2.0,10.0,34.0,-27.0,5.0,0.025,1e-05,0.025,1e-05,0.025,1e-05,0.025,1e-05,0.025,1e-05,0.025,1e-05,2976149,319948,7371,320389,7455,0.1075040261761088,0.002476690515159,0.1076522042411183,0.0025049149084941
06-19-2021,190.49,238.61,-5.0,1.0,11.0,36.0,-19.0,3.0,0.025,1e-05,0.025,1e-05,0.025,1e-05,0.025,1e-05,0.025,1e-05,0.025,1e-05,2976149,319948,7371,320486,7455,0.1075040261761088,0.002476690515159,0.1076847966953267,0.0025049149084941
06-20-2021,139.05,155.7,2.0,5.0,26.0,38.0,-20.0,1.0,0.025,1e-05,0.025,1e-05,0.025,1e-05,0.025,1e-05,0.025,1e-05,0.025,1e-05,2976149,319948,7371,320577,7455,0.1075040261761088,0.002476690515159,0.1077153731214398,0.0025049149084941
06-21-2021,162.1,207.51,-3.0,-3.0,5.0,30.0,-25.0,5.0,0.025,1e-05,0.025,1e-05,0.025,1e-05,0.025,1e-05,0.025,1e-05,0.025,1e-05,2976149,320107,7378,320739,7457,0.107557450920636,0.0024790425479369,0.1077698058800147,0.0025055869178592
06-22-2021,164.14,215.03,3.0,3.0,26.0,32.0,-23.0,4.0,0.025,1e-05,0.025,1e-05,0.025,1e-05,0.025,1e-05,0.025,1e-05,0.025,1e-05,2976149,320174,7390,320923,7460,0.1075799632343676,0.0024830746041276,0.107831630741606,0.0025065949319069
06-23-2021,170.5,221.15,7.0,5.0,31.0,35.0,-23.0,3.0,0.025,1e-05,0.025,1e-05,0.025,1e-05,0.025,1e-05,0.025,1e-05,0.025,1e-05,2976149,320292,7390,321122,7462,0.1076196117869098,0.0024830746041276,0.1078984956734357,0.002507266941272
06-24-2021,183.57,232.97,1.0,2.0,25.0,35.0,-24.0,4.0,0.025,1e-05,0.025,1e-05,0.025,1e-05,0.025,1e-05,0.025,1e-05,0.025,1e-05,2976149,320594,7391,321309,7467,0.1077210852010433,0.0024834106088102,0.1079613285490746,0.0025089469646849
06-25-2021,219.9,271.15,-3.0,-3.0,19.0,36.0,-25.0,4.0,0.025,1e-05,0.025,1e-05,0.025,1e-05,0.025,1e-05,0.025,1e-05,0.025,1e-05,2976149,320837,7395,321475,7470,0.1078027343389057,0.0024847546275404,0.1080171053263798,0.0025099549787325
06-26-2021,228.53,275.71,-1.0,1.0,45.0,51.0,-13.0,0.0,0.025,1e-05,0.025,1e-05,0.025,1e-05,0.025,1e-05,0.025,1e-05,0.025,1e-05,2976149,320837,7395,321559,7471,0.1078027343389057,0.0024847546275404,0.1080453297197149,0.0025102909834151
06-27-2021,161.1,171.77,3.0,2.0,26.0,51.0,-16.0,1.0,0.025,1e-05,0.025,1e-05,0.025,1e-05,0.025,1e-05,0.025,1e-05,0.025,1e-05,2976149,320837,7395,321734,7473,0.1078027343389057,0.0024847546275404,0.1081041305391631,0.0025109629927802
06-28-2021,167.94,210.27,3.0,0.0,17.0,33.0,-25.0,2.0,0.025,1e-05,0.025,1e-05,0.025,1e-05,0.025,1e-05,0.025,1e-05,0.025,1e-05,2976149,321138,7401,321970,7481,0.1079038717483566,0.0024867706556358,0.1081834276442476,0.0025136510302407
06-29-2021,164.19,208.17,0.0,0.0,17.0,27.0,-25.0,3.0,0.025,1e-05,0.025,1e-05,0.025,1e-05,0.025,1e-05,0.025,1e-05,0.025,1e-05,2976149,321408,7412,322114,7483,0.1079945930126482,0.002490466707144,0.1082318123185364,0.0025143230396058
06-30-2021,169.5,218.67,9.0,7.0,25.0,41.0,-24.0,4.0,0.025,1e-05,0.025,1e-05,0.025,1e-05,0.025,1e-05,0.025,1e-05,0.025,1e-05,2976149,321764,7412,322299,7486,0.10811421067964,0.002490466707144,0.1082939731848103,0.0025153310536535
07-01-2021,184.55,227.03,9.0,11.0,25.0,44.0,-25.0,3.0,0.025,1e-05,0.025,1e-05,0.025,1e-05,0.025,1e-05,0.025,1e-05,0.025,1e-05,2976149,321944,7415,322496,7490,0.108174691522501,0.0024914747211917,0.1083601661072748,0.0025166750723838
07-02-2021,215.82,266.7,6.0,13.0,23.0,46.0,-29.0,4.0,0.025,1e-05,0.025,1e-05,0.025,1e-05,0.025,1e-05,0.025,1e-05,0.025,1e-05,2976149,322186,7419,322654,7494,0.1082560046556808,0.0024928187399219,0.1084132548471195,0.002518019091114
07-03-2021,197.77,244.48,2.0,17.0,59.0,49.0,-21.0,0.0,0.025,1e-05,0.025,1e-05,0.025,1e-05,0.025,1e-05,0.025,1e-05,0.025,1e-05,2976149,322186,7419,322777,7498,0.1082560046556808,0.0024928187399219,0.1084545834230745,0.0025193631098442
07-04-2021,139.92,162.92,-9.0,8.0,88.0,25.0,-26.0,-1.0,0.025,1e-05,0.025,1e-05,0.025,1e-05,0.025,1e-05,0.025,1e-05,0.025,1e-05,2976149,322186,7419,322886,7504,0.1082560046556808,0.0024928187399219,0.1084912079334737,0.0025213791379396
07-05-2021,159.23,182.78,-1.0,0.0,31.0,34.0,-63.0,14.0,0.025,1e-05,0.025,1e-05,0.025,1e-05,0.025,1e-05,0.025,1e-05,0.025,1e-05,2976149,322186,7419,323003,7507,0.1082560046556808,0.0024928187399219,0.1085305204813334,0.0025223871519873
07-06-2021,166.18,212.41,5.0,8.0,17.0,31.0,-28.0,6.0,0.025,1e-05,0.025,1e-05,0.025,1e-05,0.025,1e-05,0.025,1e-05,0.025,1e-05,2976149,322835,7425,323162,7514,0.1084740716946631,0.0024948347680173,0.1085839452258606,0.0025247391847652
07-07-2021,163.98,209.85,5.0,6.0,16.0,36.0,-28.0,6.0,0.025,1e-05,0.025,1e-05,0.025,1e-05,0.025,1e-05,0.025,1e-05,0.025,1e-05,2976149,323214,7436,323641,7522,0.1086014174693538,0.0024985308195255,0.1087448914688075,0.0025274272222257
07-08-2021,180.5,222.07,3.0,6.0,25.0,36.0,-27.0,5.0,0.025,1e-05,0.025,1e-05,0.025,1e-05,0.025,1e-05,0.025,1e-05,0.025,1e-05,2976149,323641,7437,324057,7532,0.1087448914688075,0.002498866824208,0.108884669416753,0.0025307872690513
07-09-2021,206.49,254.16,-5.0,-2.0,12.0,34.0,-27.0,6.0,0.025,1e-05,0.025,1e-05,0.025,1e-05,0.025,1e-05,0.025,1e-05,0.025,1e-05,2976149,324057,7439,324310,7540,0.108884669416753,0.0024995388335731,0.108969678601441,0.0025334753065118
07-10-2021,206.4,250.2,-4.0,1.0,26.0,51.0,-14.0,2.0,0.025,1e-05,0.025,1e-05,0.025,1e-05,0.025,1e-05,0.025,1e-05,0.025,1e-05,2976149,324057,7439,324563,7542,0.108884669416753,0.0024995388335731,0.1090546877861289,0.0025341473158769
07-11-2021,144.31,154.98,-2.0,0.0,9.0,44.0,-17.0,3.0,0.025,1e-05,0.025,1e-05,0.025,1e-05,0.025,1e-05,0.025,1e-05,0.025,1e-05,2976149,324057,7439,324816,7548,0.108884669416753,0.0024995388335731,0.1091396969708169,0.0025361633439723
07-12-2021,161.48,204.23,1.0,2.0,8.0,30.0,-25.0,5.0,0.025,1e-05,0.025,1e-05,0.025,1e-05,0.025,1e-05,0.025,1e-05,0.025,1e-05,2976149,324853,7441,325072,7556,0.1091521291440717,0.0025002108429383,0.1092257141695526,0.0025388513814328
07-13-2021,164.2,211.42,3.0,5.0,23.0,31.0,-23.0,4.0,0.025,1e-05,0.025,1e-05,0.025,1e-05,0.025,1e-05,0.025,1e-05,0.025,1e-05,2976149,325072,7451,325713,7566,0.1092257141695526,0.0025035708897639,0.1094410931710744,0.0025422114282584
07-14-2021,170.14,221.45,9.0,9.0,26.0,37.0,-23.0,3.0,0.025,1e-05,0.025,1e-05,0.025,1e-05,0.025,1e-05,0.025,1e-05,0.025,1e-05,2976149,325713,7456,326270,7572,0.1094410931710744,0.0025052509131767,0.109628247779261,0.0025442274563538
07-15-2021,180.16,230.13,6.0,8.0,26.0,39.0,-24.0,3.0,0.025,1e-05,0.025,1e-05,0.025,1e-05,0.0250000002986514,1.5801450275543163e-05,0.025,1e-05,0.025,1e-05,2976149,326270,7460,326804,7580,0.109628247779261,0.0025065949319069,0.1098076742797487,0.0025469154938143
07-16-2021,207.69,255.75,-3.0,-1.0,5.0,39.0,-25.0,5.0,0.025,1e-05,0.025,1e-05,0.025,1e-05,0.0250000003383825,1.6638537728231106e-05,0.025,1e-05,0.025,1e-05,2976149,326804,7465,327528,7586,0.1098076742797487,0.0025082749553197,0.1100509416699231,0.0025489315219096
07-17-2021,205.0,249.21,-2.0,3.0,25.0,51.0,-14.0,2.0,0.025,1e-05,0.025,1e-05,0.025,1e-05,0.0250000003754936,1.7456346972933956e-05,0.025,1e-05,0.025,1e-05,2976149,326804,7465,328252,7590,0.1098076742797487,0.0025082749553197,0.1102942090600974,0.0025502755406399
07-18-2021,147.47,161.09,2.0,3.0,15.0,52.0,-17.0,2.0,0.025,1e-05,0.025,1e-05,0.025,1e-05,0.0250000004052615,1.8172423416263112e-05,0.025,1e-05,0.025,1e-05,2976149,326804,7465,328976,7599,0.1098076742797487,0.0025082749553197,0.1105374764502718,0.0025532995827829
07-19-2021,161.09,199.47,2.0,2.0,3.0,34.0,-25.0,5.0,0.025,1e-05,0.025,1e-05,0.025,1e-05,0.0250000004163189,1.8424536927541892e-05,0.025,1e-05,0.025,1e-05,2976149,329130,7468,329703,7609,0.1105892211713862,0.0025092829693674,0.1107817518544938,0.0025566596296085
07-20-2021,158.15,201.8,2.0,5.0,13.0,30.0,-24.0,5.0,0.025,1e-05,0.025,1e-05,0.025,1e-05,0.0250000004720831,1.963930855697245e-05,0.025,1e-05,0.025,1e-05,2976149,329703,7477,330664,7626,0.1107817518544938,0.0025123070115105,0.1111046523544352,0.0025623717092121
07-21-2021,164.91,215.93,7.0,8.0,24.0,37.0,-23.0,4.0,0.025,1e-05,0.025,1e-05,0.025,1e-05,0.0250000005020564,2.011235032218644e-05,0.025,1e-05,0.0250000001642343,1.12925860733775e-05,2976149,330664,7485,331863,7642,0.1111046523544352,0.002514995048971,0.1115075219688261,0.0025677477841331
07-22-2021,177.43,225.93,2.0,6.0,21.0,35.0,-24.0,4.0,0.025,1e-05,0.025,1e-05,0.025,1e-05,0.0250000005363488,2.0593859677575e-05,0.025,1e-05,0.0250000002385194,1.196416064722663e-05,2976149,331863,7494,333180,7648,0.1115075219688261,0.002518019091114,0.1119500401357593,0.0025697638122284
07-23-2021,203.78,250.25,-3.0,1.0,13.0,35.0,-25.0,5.0,0.025,1e-05,0.025,1e-05,0.025,1e-05,0.0250000005362354,2.0413094625900414e-05,0.025,1e-05,0.0250000002993918,1.2514285846520044e-05,2976149,333180,7502,334382,7657,0.1119500401357593,0.0025207071285745,0.1123539177641979,0.0025727878543715
07-24-2021,206.16,251.6,-4.0,3.0,30.0,48.0,-14.0,2.0,0.025,1e-05,0.025,1e-05,0.025,1e-05,0.0250000005599176,2.0820440696153493e-05,0.025,1e-05,0.0250000003721259,1.3195964423233856e-05,2976149,333180,7502,335584,7669,0.1119500401357593,0.0025207071285745,0.1127577953926366,0.0025768199105622
07-25-2021,145.89,163.32,2.0,4.0,19.0,47.0,-17.0,2.0,0.025,1e-05,0.0250000002759338,2.1026841227825644e-05,0.025,1e-05,0.0250000006632601,2.303102598290527e-05,0.025,1e-05,0.0250000004164672,1.357604902804093e-05,2976149,333180,7502,336788,7675,0.1119500401357593,0.0025207071285745,0.1131623450304403,0.0025788359386576
07-26-2021,163.71,204.18,1.0,3.0,11.0,33.0,-25.0,5.0,0.025,1e-05,0.0250000002763762,2.125464522061192e-05,0.025,1e-05,0.0250000007071409,2.400141976578476e-05,0.025,1e-05,0.0250000004797978,1.417503933606836e-05,2976149,336788,7508,338079,7697,0.1131623450304403,0.0025227231566699,0.1135961270756269,0.0025862280416739
07-27-2021,161.82,207.08,2.0,5.0,17.0,30.0,-24.0,5.0,0.025,1e-05,0.025000000298007,2.1999032413987748e-05,0.025,1e-05,0.0250000007569523,2.4914087074564385e-05,0.025,1e-05,0.025000000580509,1.512622191634998e-05,2976149,338079,7523,339954,7710,0.1135961270756269,0.0025277632269083,0.1142261358554292,0.0025905961025472
07-28-2021,163.49,206.53,6.0,7.0,19.0,34.0,-24.0,5.0,0.025,1e-05,0.0250000002769492,2.084767986710964e-05,0.025,1e-05,0.0250000007842212,2.534685287027682e-05,0.025,1e-05,0.0250000006736879,1.5998915436828777e-05,2976149,339954,7529,341862,7722,0.1142261358554292,0.0025297792550036,0.1148672327897561,0.002594628158738
07-29-2021,173.96,218.5,2.0,6.0,18.0,35.0,-25.0,5.0,0.025,1e-05,0.025,1e-05,0.025,1e-05,0.0250000008609798,2.694932753498276e-05,0.025,1e-05,0.0250000007035671,1.621265435726334e-05,2976149,341862,7533,343505,7734,0.1148672327897561,0.0025311232737339,0.1154192884832043,0.0025986602149287
07-30-2021,209.06,265.57,2.0,5.0,13.0,39.0,-26.0,4.0,0.025,1e-05,0.02500000030372,2.189517828168921e-05,0.025,1e-05,0.0250000009129942,2.8038206910520725e-05,0.025,1e-05,0.0250000008012211,1.7142429746159316e-05,2976149,343505,7543,345168,7754,0.1154192884832043,0.0025344833205595,0.1159780642703036,0.0026053803085799
07-31-2021,206.46,251.52,2.0,7.0,24.0,53.0,-15.0,1.0,0.025,1e-05,0.0250000003445198,2.3545750898195862e-05,0.025,1e-05,0.0250000010073513,2.999915873263131e-05,0.025,1e-05,0.0250000008984545,1.8046043832703437e-05,2976149,343505,7543,346831,7764,0.1154192884832043,0.0025344833205595,0.116536840057403,0.0026087403554055
08-01-2021,145.86,166.14,5.0,7.0,14.0,51.0,-18.0,2.0,0.025,1e-05,0.0250000003555101,2.408433467138288e-05,0.025000000254641,1.5049578234895993e-05,0.0250000011170867,3.2416844057943665e-05,0.025,1e-05,0.0250000009833095,1.8837937685771527e-05,2976149,343505,7543,348496,7774,0.1154192884832043,0.0025344833205595,0.1170962878538675,0.0026121004022312
08-02-2021,155.55,199.19,4.0,5.0,2.0,32.0,-25.0,5.0,0.025,1e-05,0.0250000003958414,2.605649997727974e-05,0.0250000003089112,1.6423116222779117e-05,0.02500000115818,3.335473173468423e-05,0.025,1e-05,0.0250000010669848,1.963375300073368e-05,2976149,348496,7556,350070,7791,0.1170962878538675,0.0025388513814328,0.1176251592242189,0.0026178124818347
08-03-2021,160.41,214.57,12.0,19.0,19.0,32.0,-24.0,3.0,0.025,1e-05,0.0250000003447299,2.374003270391017e-05,0.0250000003401758,1.7138620913252862e-05,0.0250000011974242,3.418576922708491e-05,0.025,1e-05,0.0250000011573103,2.048946725219566e-05,2976149,350070,7590,352891,7805,0.1176251592242189,0.0025502755406399,0.1185730284337242,0.0026225165473906
08-04-2021,161.07,217.88,12.0,16.0,22.0,32.0,-24.0,3.0,0.025,1e-05,0.0250000003515176,2.4012486812076103e-05,0.0250000003711442,1.735758067198072e-05,0.0250000011523854,3.3113231871974115e-05,0.025,1e-05,0.0250000012285385,2.1148229232277852e-05,2976149,352891,7597,356055,7819,0.1185730284337242,0.0025526275734178,0.119636147249348,0.0026272206129464
08-05-2021,161.29,206.02,2.0,10.0,19.0,29.0,-24.0,4.0,0.025,1e-05,0.0250000003651615,2.460347643344738e-05,0.0250000004053268,1.77770227019384e-05,0.0250000011196142,3.233887538913708e-05,0.025000000168828,1.1429643182978343e-05,0.025000001334397,2.217528165194336e-05,2976149,356055,7613,358149,7832,0.119636147249348,0.0025580036483388,0.1203397410546313,0.0026315886738197
08-06-2021,189.32,249.13,-5.0,3.0,13.0,28.0,-24.0,4.0,0.025,1e-05,0.0250000003766937,2.512945603214255e-05,0.0250000004412186,1.8203662496810142e-05,0.0250000012043776,3.42784074633079e-05,0.0250000002034547,1.1657607494514083e-05,0.0250000013973807,2.276130059151862e-05,2976149,358149,7621,360452,7844,0.1203397410546313,0.0025606916857993,0.1211135598385699,0.0026356207300104
08-07-2021,194.24,252.14,-2.0,8.0,30.0,43.0,-15.0,2.0,0.025,1e-05,0.0250000003329443,2.3208239473912345e-05,0.0250000004810962,1.885960122319954e-05,0.0250000012494229,3.535876321914341e-05,0.025000000184478,1.1335559292318088e-05,0.0250000014463913,2.3218628464238028e-05,2976149,358149,7621,362755,7854,0.1203397410546313,0.0025606916857993,0.1218873786225084,0.0026389807768361
08-08-2021,138.82,164.36,2.0,9.0,16.0,38.0,-17.0,3.0,0.0250000003149829,2.2732113632642475e-05,0.0250000003461989,2.3951643659993003e-05,0.0250000005943733,2.142021992674884e-05,0.0250000012503605,3.5496900097724795e-05,0.0250000002640024,1.2092586613132671e-05,0.0250000014714917,2.34426464500456e-05,2976149,358149,7621,365061,7856,0.1203397410546313,0.0025606916857993,0.1226622054204947,0.0026396527862012
08-09-2021,151.82,218.59,0.0,7.0,7.0,27.0,-25.0,4.0,0.0250000003449358,2.480242306458904e-05,0.0250000003355518,2.3896509268127465e-05,0.0250000006848797,2.3653108392056807e-05,0.0250000012961948,3.682424467685104e-05,0.0250000003237175,1.2680763243908722e-05,0.0250000015080003,2.3829552695494093e-05,2976149,365061,7649,368549,7857,0.1226622054204947,0.002570099816911,0.1238341897532684,0.0026399887908837
08-10-2021,149.69,205.79,-2.0,8.0,12.0,24.0,-24.0,4.0,0.0250000003425639,2.45331107988295e-05,0.025000000259662,2.1003461813267967e-05,0.0250000007368305,2.473704467274972e-05,0.0250000011289712,3.341875187878176e-05,0.0250000004296354,1.3685843776693464e-05,0.0250000015973066,2.481517741607078e-05,2976149,368549,7685,371712,7870,0.1238341897532684,0.0025821959854832,0.1248969725642096,0.002644356851757
08-11-2021,149.7,203.88,1.0,8.0,12.0,27.0,-23.0,4.0,0.025,1e-05,0.025,1e-05,0.0250000007500204,2.453083499144143e-05,0.0250000010735611,3.2448401993307496e-05,0.0250000005655801,1.4922462210379856e-05,0.0250000016457972,2.536626301826006e-05,2976149,371712,7710,376124,7890,0.1248969725642096,0.0025905961025472,0.1263794252236699,0.0026510769454083
08-12-2021,158.97,209.63,-3.0,6.0,6.0,28.0,-24.0,5.0,0.0250000003676644,2.368328033846882e-05,0.025,1e-05,0.0250000008895039,2.715990463635407e-05,0.0250000010538186,3.207471304241872e-05,0.0250000006908566,1.6024963009855393e-05,0.0250000016826288,2.576464829456865e-05,2976149,376124,7730,381147,7900,0.1263794252236699,0.0025973161961985,0.1280671767441751,0.0026544369922339
08-13-2021,190.96,259.65,-6.0,2.0,0.0,26.0,-24.0,5.0,0.0250000004165442,2.529583705490073e-05,0.025,1e-05,0.0250000010578253,3.0528454389774074e-05,0.0250000010328169,3.165972426299624e-05,0.0250000007414067,1.6329739977225097e-05,0.0250000016924923,2.58966182665989e-05,2976149,381147,7761,383759,7912,0.1280671767441751,0.0026077323413579,0.1289448209750251,0.0026584690484246
08-14-2021,189.84,281.76,-4.0,6.0,15.0,35.0,-16.0,3.0,0.0250000005403097,3.0357639285362007e-05,0.025,1e-05,0.0250000011871476,3.2911895873361e-05,0.0250000009226014,2.9161760706054715e-05,0.0250000008627877,1.7344897264290115e-05,0.0250000017463629,2.649099527141996e-05,2976149,381147,7761,386371,7914,0.1280671767441751,0.0026077323413579,0.1298224652058751,0.0026591410577897
08-15-2021,134.03,200.73,-1.0,7.0,4.0,34.0,-19.0,4.0,0.0250000006558653,3.61974087771436e-05,0.025,1e-05,0.0250000013936995,3.747491936957103e-05,0.0250000009070576,2.8956916004055286e-05,0.0250000009787314,1.83816895948148e-05,0.0250000017682362,2.678424520376561e-05,2976149,381147,7761,388986,7915,0.1280671767441751,0.0026077323413579,0.1307011174507727,0.0026594770624723
08-16-2021,154.45,288.61,0.0,7.0,1.0,23.0,-24.0,4.0,0.0250000007255094,4.051151523276143e-05,0.025,1e-05,0.0250000015598084,4.145528342291628e-05,0.0250000008719888,2.840683963964924e-05,0.0250000010685674,1.9215052717773856e-05,0.0250000017986572,2.7204750177131683e-05,2976149,388986,7813,392309,7931,0.1307011174507727,0.002625204584851,0.1318176610109238,0.0026648531373933
08-17-2021,153.42,286.25,-1.0,9.0,10.0,23.0,-24.0,4.0,0.0250000007084195,3.937381529616528e-05,0.0250000002666938,2.1357381464493825e-05,0.0250000016271986,4.274749648241057e-05,0.0250000007761863,2.6284045994521005e-05,0.0250000012584939,2.097294023932065e-05,0.0250000018566057,2.788959520860965e-05,2976149,392309,7880,396394,7931,0.1318176610109238,0.0026477168985826,0.1331902401391865,0.0026648531373933
08-18-2021,154.69,332.84,0.0,8.0,4.0,24.0,-21.0,5.0,0.0250000007394292,3.8938938556867e-05,0.025,1e-05,0.025000001584227,4.074758415569491e-05,0.0250000006897955,2.451052912442524e-05,0.0250000015046563,2.316857993367561e-05,0.0250000018496807,2.792328985368839e-05,2976149,396394,7916,401201,7937,0.1331902401391865,0.0026598130671549,0.1348054146482585,0.0026668691654886
08-19-2021,160.34,313.42,-6.0,2.0,-4.0,21.0,-22.0,6.0,0.0250000008486149,4.24907810089178e-05,0.025,1e-05,0.0250000018545444,4.6064613591397125e-05,0.0250000005998922,2.2642629579670604e-05,0.0250000017148601,2.502161619514033e-05,0.0250000018281356,2.780738534747411e-05,2976149,401201,7937,406249,7991,0.1348054146482585,0.0026668691654886,0.1365015662858277,0.0026850134183469
08-20-2021,188.12,320.32,-9.0,-1.0,-5.0,21.0,-22.0,6.0,0.0250000009569667,4.704756483749969e-05,0.025,1e-05,0.0250000019982634,4.886703972661519e-05,0.0250000006287167,2.2734997149813003e-05,0.0250000018748805,2.635240383260173e-05,0.0250000017791768,2.7241584491426523e-05,2976149,406249,7991,408665,8005,0.1365015662858277,0.0026850134183469,0.1373133535988957,0.0026897174839028
08-21-2021,179.11,286.81,-7.0,3.0,13.0,24.0,-15.0,4.0,0.0250000010409403,5.0216444433268624e-05,0.025,1e-05,0.0250000022907317,5.485453595773012e-05,0.025000000666926,2.314372698169673e-05,0.0250000020758025,2.805362659970765e-05,0.0250000017403087,2.678505810132612e-05,2976149,406249,7991,411081,8019,0.1365015662858277,0.0026850134183469,0.1381251409119637,0.0026944215494587
08-22-2021,129.76,211.34,-5.0,3.0,5.0,23.0,-19.0,4.0,0.0250000012323406,6.012588881985136e-05,0.0250000003930033,2.4781251268607767e-05,0.0250000026138928,6.217730154970114e-05,0.0250000007251706,2.41193059172031e-05,0.025000002235666,2.9463834207725927e-05,0.0250000018065343,2.744064632578004e-05,2976149,406249,7991,413498,8047,0.1365015662858277,0.0026850134183469,0.1389372642297143,0.0027038296805704
08-23-2021,150.96,416.61,-6.0,2.0,-1.0,16.0,-22.0,5.0,0.0250000077799834,9.842273269797442e-05,0.0250000005480337,3.148684032869312e-05,0.0250000028727958,6.855364290392773e-05,0.0250000008971545,2.7613703955069223e-05,0.0250000023784679,3.081932418839365e-05,0.0250000018581715,2.7892770239129594e-05,2976149,413498,8047,416789,8158,0.1389372642297143,0.0027038296805704,0.1400430556400234,0.0027411262003347
08-24-2021,149.67,381.59,-6.0,4.0,5.0,19.0,-22.0,5.0,0.0250000012005191,6.09162826184176e-05,0.0250000008254537,4.109573561249089e-05,0.0250000028196038,6.762423433387053e-05,0.0250000012720881,3.453894325860867e-05,0.0250000026562998,3.347330070614828e-05,0.0250000019817266,2.878147979426759e-05,2976149,416789,8158,420174,8180,0.1400430556400234,0.0027411262003347,0.1411804314904932,0.002748518303351
08-25-2021,148.95,320.55,-2.0,5.0,5.0,22.0,-21.0,5.0,0.0250000011439383,5.534000458996172e-05,0.0250000011595917,5.525054128622116e-05,0.0250000028912398,6.82023377550677e-05,0.0250000014949657,3.842204856525024e-05,0.0250000030273708,3.684952031646528e-05,0.0250000021667248,3.035410185588683e-05,2976149,420174,8180,423599,8214,0.1411804314904932,0.002748518303351,0.1423312475282655,0.0027599424625581
08-26-2021,158.08,312.76,-6.0,4.0,5.0,21.0,-21.0,5.0,0.0250000012391492,5.841800872237095e-05,0.0250000014337758,6.7592991724294e-05,0.0250000030390939,7.107174620612296e-05,0.025000001638766,4.077632692550234e-05,0.0250000032733513,3.913791755250755e-05,0.0250000021976264,3.0289780644300817e-05,2976149,423599,8214,427640,8279,0.1423312475282655,0.0027599424625581,0.1436890424504956,0.0027817827669246
08-27-2021,191.91,300.74,-7.0,10.0,-6.0,27.0,-21.0,4.0,0.0250000014182151,6.628651040312948e-05,0.025000001420184,6.617230763079229e-05,0.0250000032103884,7.484412847140458e-05,0.0250000019436395,4.673429465952257e-05,0.0250000034588,4.07445419531154e-05,0.0250000023581784,3.151073993794436e-05,2976149,427640,8279,430296,8295,0.1436890424504956,0.0027817827669246,0.1445814708873783,0.0027871588418456
08-28-2021,228.76,275.27,-5.0,20.0,9.0,70.0,-17.0,3.0,0.0250000014138229,6.535395821245049e-05,0.025000007059129,9.833255677106188e-05,0.0250000033095686,7.678058099889394e-05,0.0250000021930553,5.1977035605569126e-05,0.0250000037606306,4.35533996739042e-05,0.0250000025155341,3.278582466904827e-05,2976149,427640,8279,432952,8311,0.1436890424504956,0.0027817827669246,0.1454738993242609,0.0027925349167666
08-29-2021,100.75,167.75,-27.0,-6.0,-23.0,9.0,-35.0,8.0,0.0250000076807056,0.0001030341333958,0.0250000072131607,0.0001072729461294,0.0250000036920363,8.579751410268395e-05,0.025000002498586,5.908456949436762e-05,0.025000004042243,4.633160612059697e-05,0.0250000026636451,3.40349744791408e-05,2976149,427640,8279,435611,8361,0.1436890424504956,0.0027817827669246,0.1463673357751913,0.0028093351508946
08-30-2021,111.77,178.32,-35.0,-24.0,-32.0,-6.0,-53.0,17.0,0.0250000081831814,0.0001160679250963,0.0250000071457564,0.0001107975362614,0.0250000039967784,9.358164224878448e-05,0.0250000028410706,6.701038538486729e-05,0.0250000042306096,4.82661208989891e-05,0.0250000027547537,3.463927257562455e-05,2976149,435611,8361,436722,8409,0.1463673357751913,0.0028093351508946,0.1467406369775169,0.0028254633756576
08-31-2021,197.79,296.64,8.0,12.0,7.0,46.0,-23.0,5.0,0.0250000065616991,0.0001063697893657,0.0250000012701682,6.205858539431514e-05,0.0250000037703572,8.872503195138852e-05,0.0250000030438494,7.173151947250767e-05,0.025000004601175,5.191686493832098e-05,0.0250000029655003,3.6497739516846536e-05,2976149,436722,8409,439661,8490,0.1467406369775169,0.0028254633756576,0.1477281547395644,0.002852679754945
