date,New Jersey-apple-driving,New Jersey-apple-walking,New Jersey-google-retail_and_recreation,New Jersey-google-grocery_and_pharmacy,New Jersey-google-parks,New Jersey-google-transit_stations,New Jersey-google-workplaces,New Jersey-google-residential,New Jersey-jh_beta_7,New Jersey-jh_gamma_7,New Jersey-cdc_beta_7,New Jersey-cdc_gamma_7,New Jersey-jh_beta_14,New Jersey-jh_gamma_14,New Jersey-cdc_beta_14,New Jersey-cdc_gamma_14,New Jersey-jh_beta_30,New Jersey-jh_gamma_30,New Jersey-cdc_beta_30,New Jersey-cdc_gamma_30,New Jersey-census_pop,New Jersey-jh_confirmed,New Jersey-jh_death,New Jersey-cdc_confirmed,New Jersey-cdc_death,New Jersey-jh_confirmed_ratio,New Jersey-jh_death_ratio,New Jersey-cdc_confirmed_ratio,New Jersey-cdc_death_ratio
01-01-2021,74.46,93.41,-53.0,-42.0,-30.0,-69.0,-79.0,31.0,0.0250000003540536,2.2223689419803107e-05,0.0250000003537587,2.221273577155385e-05,0.0250000027453647,6.034902852699732e-05,0.0250000027433455,6.03089801981301e-05,0.0250000134651446,0.000122099451029,0.0250000134779674,0.0001221992956519,8882190,535043,19160,533587,19160,0.0602377341624081,0.0021571256638284,0.0600738106255326,0.0021571256638284
01-02-2021,111.15,138.09,-27.0,-11.0,39.0,-35.0,-21.0,9.0,0.0250000004271117,2.478831764595917e-05,0.0250000004267374,2.47742275846534e-05,0.0250000423668193,0.0001226715399354,0.0250000425048227,0.0001227807293466,0.0250000134451975,0.0001217563143338,0.0250000134581272,0.0001218567459865,8882190,541202,19187,539546,19187,0.060931144233573,0.0021601654546907,0.0607447037273465,0.0021601654546907
01-03-2021,78.74,94.96,-40.0,-25.0,-45.0,-44.0,-21.0,10.0,0.0250000005063695,2.82750186934074e-05,0.0250000005058769,2.82557091890348e-05,0.0250000445651014,0.0001271489926208,0.0250000447161836,0.0001272644769918,0.0250000133336397,0.0001207916139358,0.0250000133465334,0.0001208916411277,8882190,545450,19208,543595,19208,0.0614094046625888,0.0021625297364726,0.061200559771858,0.0021625297364726
01-04-2021,98.17,121.08,-25.0,-8.0,-15.0,-48.0,-40.0,15.0,0.0250000005583928,3.104991880346494e-05,0.0250000005577629,3.102424636709916e-05,0.0250000481688405,0.0001351504866337,0.0250000483373154,0.0001352728506694,0.0250000133154757,0.0001209435551004,0.0250000133284243,0.0001210441739861,8882190,547247,19225,546091,19244,0.0616117196322078,0.0021644436788674,0.0614815715493588,0.0021665827909558
01-05-2021,102.1,121.03,-26.0,-4.0,-17.0,-48.0,-41.0,16.0,0.0250000005846445,3.288996528874815e-05,0.0250000005917894,3.3093552135481605e-05,0.0250000500603266,0.0001405676739191,0.0250000507153305,0.0001411925744237,0.0250000132143741,0.0001204556040613,0.0250000132466578,0.0001206815587752,8882190,554400,19382,551419,19382,0.0624170390410473,0.002182119499808,0.0620814236128702,0.002182119499808
01-06-2021,99.57,120.33,-27.0,-11.0,-13.0,-49.0,-40.0,16.0,0.0250000005328635,3.063357612136352e-05,0.0250000005378388,3.080171711891439e-05,0.0250000451867991,0.0001341211518079,0.0250000457316749,0.0001346995873296,0.0250000135225226,0.0001235806964167,0.0250000135533131,0.0001238020660139,8882190,560057,19523,557267,19523,0.0630539315191411,0.0021979939632005,0.0627398197966942,0.0021979939632005
01-07-2021,101.57,120.32,-28.0,-10.0,-8.0,-49.0,-40.0,17.0,0.025000000451012,2.665494180285481e-05,0.0250000004542336,2.679163350001591e-05,0.0250000383667872,0.0001227066137279,0.0250000387866241,0.0001232263068078,0.0250000139716734,0.0001277249310192,0.0250000140019564,0.0001279484462318,8882190,566761,19646,564806,19646,0.0638087003317875,0.0022118418993513,0.0635885969563812,0.0022118418993513
01-08-2021,114.44,137.95,-31.0,-12.0,-23.0,-50.0,-38.0,17.0,0.0250000004825212,2.734695476080593e-05,0.0250000004840909,2.7442940442571737e-05,0.0250000387960762,0.0001238862140255,0.0250000391752705,0.0001243732519116,0.0250000136947183,0.0001250478583009,0.0250000137233613,0.0001252634679866,8882190,572692,19756,570575,19756,0.0644764410578922,0.0022242262324944,0.0642380989373116,0.0022242262324944
01-09-2021,115.34,145.86,-26.0,-10.0,2.0,-39.0,-13.0,8.0,0.0250000004839651,2.6937545673792816e-05,0.0250000004842707,2.699543693766483e-05,0.0250000420132296,0.0001305452119463,0.0250000423752892,0.0001310041212707,0.02500001325606,0.00012073868408,0.0250000132828976,0.0001209442325953,8882190,579250,19854,579182,19854,0.0652147724829124,0.0022352595474764,0.065207116713333,0.0022352595474764
01-10-2021,89.67,109.78,-28.0,-14.0,17.0,-43.0,-16.0,8.0,0.0250000005914999,3.129749419034468e-05,0.0250000005905827,3.130365705501687e-05,0.025000048693907,0.0001434157231775,0.0250000490788471,0.0001438630209224,0.0250000132639532,0.0001206948892442,0.0250000132898535,0.0001208969376483,8882190,584828,19854,584828,19886,0.0658427707581125,0.0022352595474764,0.0658427707581125,0.0022388622625726
01-11-2021,96.53,112.88,-28.0,-13.0,-19.0,-50.0,-39.0,16.0,0.0250000006577175,3.470712384046169e-05,0.0250000006699516,3.5080799652302656e-05,0.0250000539909092,0.0001545016365612,0.0250000551657776,0.000155738920996,0.0250000133518901,0.0001216037639513,0.0250000134063379,0.000121993789825,8882190,590162,19854,590162,19932,0.0664432983307044,0.0022352595474764,0.0664432983307044,0.0022440411655233
01-12-2021,100.35,117.44,-27.0,-7.0,-4.0,-49.0,-40.0,15.0,0.025000000690542,3.7047411871866216e-05,0.0250000007103619,3.739987877536559e-05,0.0250000565516589,0.0001624364387062,0.0250000595173157,0.0001655109896979,0.0250000131367783,0.0001200417799961,0.0250000132582605,0.0001208767973746,8882190,594749,20039,594749,20039,0.0669597250227702,0.0022560877441261,0.0669597250227702,0.0022560877441261
01-13-2021,100.33,118.95,-28.0,-11.0,-9.0,-49.0,-40.0,16.0,0.0250000006122996,3.3672680397191813e-05,0.025000000641572,3.472845734470285e-05,0.0250000505912656,0.0001543323985088,0.0250000529735951,0.000157156488533,0.0250000135395617,0.0001239077821409,0.025000013651428,0.0001247037331304,8882190,602629,20161,602629,20161,0.0678468936152007,0.0022698230954302,0.0678468936152007,0.0022698230954302
01-14-2021,103.47,121.11,-28.0,-12.0,2.0,-49.0,-40.0,15.0,0.0250000005675599,3.1385502382988724e-05,0.0250000005869606,3.2254617312149504e-05,0.0250000411862792,0.0001384771557742,0.0250000429813686,0.0001410464975958,0.0250000138956002,0.000127312281,0.025000013998294,0.0001280689045454,8882190,609721,20161,609721,20253,0.0686453453483881,0.0022698230954302,0.0686453453483881,0.0022801809013317
01-15-2021,117.59,141.44,-32.0,-13.0,-20.0,-49.0,-39.0,16.0,0.0250000005028383,2.879272265999529e-05,0.0250000005566608,3.074866894951104e-05,0.025000037932572,0.0001351867560935,0.0250000411388895,0.0001397282595503,0.0250000135865454,0.0001246112706338,0.025000013761836,0.0001258599939975,8882190,616032,20320,616032,20320,0.0693558683162598,0.0022877240860643,0.0693558683162598,0.0022877240860643
01-16-2021,117.08,150.07,-27.0,-12.0,9.0,-40.0,-15.0,8.0,0.0250000004939267,2.799697544325815e-05,0.0250000005301914,2.9564515426732155e-05,0.0250000341255701,0.0001290713290501,0.0250000366439534,0.000133194892334,0.0250000130142345,0.0001193100832627,0.0250000131733274,0.0001204846278415,8882190,622089,20414,622089,20414,0.0700377947330557,0.0022983070616593,0.0700377947330557,0.0022983070616593
01-17-2021,94.11,117.93,-29.0,-18.0,12.0,-44.0,-18.0,7.0,0.0250000005008629,2.8024757528296007e-05,0.0250000005249936,2.927058303631197e-05,0.0250000369353171,0.0001383386477075,0.0250000391483552,0.0001420999497914,0.0250000129550602,0.000118801825427,0.0250000130999313,0.0001199114049533,8882190,627221,20439,627221,20439,0.070615580166603,0.0023011216828282,0.070615580166603,0.0023011216828282
01-18-2021,104.66,122.57,-20.0,-12.0,11.0,-52.0,-51.0,17.0,0.0250000006017552,3.262114539787709e-05,0.0250000005739594,3.172092648155274e-05,0.0250000394448688,0.0001474385365588,0.0250000414147638,0.0001508719234329,0.0250000131191102,0.0001205952175851,0.0250000132514049,0.0001216474332169,8882190,631074,20458,631074,20458,0.0710493695811506,0.0023032607949165,0.0710493695811506,0.0023032607949165
01-19-2021,99.13,114.62,-28.0,-9.0,-14.0,-50.0,-40.0,15.0,0.0250000006753226,3.637699791899989e-05,0.0250000005797656,3.257981406578517e-05,0.025000041991929,0.0001561833363483,0.0250000419763367,0.0001559476207356,0.0250000131801716,0.0001215958032874,0.0250000133007778,0.0001225926011416,8882190,635702,20512,635702,20512,0.0715704122519333,0.0023093403766413,0.0715704122519333,0.0023093403766413
01-20-2021,96.28,112.82,-31.0,-16.0,-22.0,-52.0,-41.0,16.0,0.0250000004997652,2.937363401721477e-05,0.0250000005030872,2.972859138646576e-05,0.0250000326078049,0.0001399681064324,0.0250000341326484,0.0001429108043366,0.0250000134118286,0.0001243314929561,0.0250000135213012,0.0001252726127641,8882190,641140,20664,641140,20664,0.0721826486485878,0.0023264532733481,0.0721826486485878,0.0023264532733481
01-21-2021,100.96,116.16,-30.0,-13.0,-12.0,-50.0,-39.0,16.0,0.0250000004546706,2.7128400148231168e-05,0.0250000004554992,2.73061414341324e-05,0.0250000273765898,0.0001286878898482,0.0250000284230813,0.0001311750078472,0.0250000136969737,0.0001272812989476,0.0250000137968366,0.0001281739170361,8882190,646189,20760,646189,20760,0.0727510895398544,0.0023372614186366,0.0727510895398544,0.0023372614186366
01-22-2021,116.45,140.98,-30.0,-11.0,-15.0,-49.0,-37.0,16.0,0.0250000005820674,3.214616208799705e-05,0.0250000004568051,2.686839067556542e-05,0.0250000237011932,0.000120590311821,0.0250000242620845,0.0001225185258992,0.0250000133696286,0.0001244254000525,0.0250000134602252,0.0001252674065825,8882190,650389,20875,650389,20875,0.073223945896226,0.0023502086760134,0.073223945896226,0.0023502086760134
01-23-2021,116.64,145.35,-27.0,-14.0,-10.0,-42.0,-14.0,8.0,0.025000000507716,2.8466238757564183e-05,0.025000000507716,2.8466238757564183e-05,0.0250000216006293,0.0001156348852503,0.0250000220595396,0.0001172589845351,0.0250000127867313,0.000119055339373,0.0250000128674668,0.0001198375814741,8882190,657536,20934,657536,20934,0.074028589795985,0.002356851181972,0.074028589795985,0.002356851181972
01-24-2021,87.5,105.71,-31.0,-19.0,-15.0,-47.0,-18.0,8.0,0.0250000005045274,2.8184920231268323e-05,0.0250000005045274,2.8184920231268323e-05,0.0250000197010916,0.0001120417211916,0.0250000196426241,0.0001129481460035,0.0250000126695371,0.0001182034430872,0.0250000127431506,0.0001189441771001,8882190,662808,20951,662808,20951,0.074622137108078,0.0023587651243668,0.074622137108078,0.0023587651243668
01-25-2021,94.49,110.22,-29.0,-14.0,-17.0,-51.0,-39.0,15.0,0.0250000005615387,3.1061468778946026e-05,0.0250000005615387,3.1061468778946026e-05,0.0250000210619331,0.0001224125504603,0.0250000197545427,0.0001181133926013,0.0250000127007502,0.00011894372571,0.0250000127677313,0.0001196435451609,8882190,666951,20972,666951,20972,0.0750885761281846,0.0023611294061487,0.0750885761281846,0.0023611294061487
01-26-2021,86.96,102.48,-38.0,-22.0,-40.0,-55.0,-43.0,18.0,0.025000000601738,3.350455505688781e-05,0.025000000601738,3.350455505688781e-05,0.0250000215983009,0.0001314372390516,0.0250000187490857,0.0001199582819968,0.0250000129537939,0.0001218974943757,0.025000013015893,0.0001225675516323,8882190,671781,21105,671727,21105,0.0756323609380119,0.0023761031907671,0.0756262813562871,0.0023761031907671
01-27-2021,97.57,113.19,-29.0,-15.0,-20.0,-51.0,-40.0,16.0,0.0250000006325636,3.48440774206059e-05,0.0250000006325636,3.48440774206059e-05,0.0250000167488086,0.0001137579958627,0.0250000166865813,0.0001139992617812,0.0250000133035491,0.0001255413476001,0.0250000133627456,0.0001261947148179,8882190,676537,21220,676537,21220,0.0761678144691793,0.0023890504481439,0.0761678144691793,0.0023890504481439
01-28-2021,99.79,114.94,-30.0,-15.0,-23.0,-51.0,-39.0,16.0,0.0250000005464565,3.080297005501305e-05,0.0250000005464565,3.080297005501305e-05,0.0250000142686534,0.0001060169863668,0.0250000142320545,0.0001061346978329,0.0250000136284879,0.000128880919486,0.025000013685079,0.0001295168880419,8882190,681283,21301,681283,21301,0.0767021421518792,0.0023981698207311,0.0767021421518792,0.0023981698207311
01-29-2021,113.68,133.83,-34.0,-17.0,-38.0,-53.0,-38.0,17.0,0.0250000005383705,3.010630160080758e-05,0.0250000005383705,3.010630160080758e-05,0.0250000151400528,0.0001166405707609,0.0250000129521271,0.0001031080439365,0.0250000131645797,0.0001246634089204,0.0250000132190968,0.0001252823496084,8882190,687269,21383,687269,21383,0.0773760750445554,0.002407401778165,0.0773760750445554,0.002407401778165
01-30-2021,117.55,147.29,-24.0,-5.0,-4.0,-42.0,-13.0,7.0,0.025000000501585,2.8278645083880555e-05,0.025000000501585,2.8278645083880555e-05,0.0250000123924663,0.0001040456153731,0.0250000123924663,0.0001040456153731,0.0250000123298041,0.0001169032693866,0.0250000123825951,0.0001175042991807,8882190,692543,21455,692543,21491,0.077969847526342,0.0024155078871314,0.077969847526342,0.0024195609416146
01-31-2021,76.13,94.3,-31.0,-3.0,-28.0,-48.0,-17.0,8.0,0.0250000005409439,2.9928811504832623e-05,0.025000000559676,3.049844524145389e-05,0.0250000112442502,0.0001010188366173,0.0250000115009538,0.0001017467425708,0.0250000121010178,0.0001149914164365,0.025000012181349,0.0001157710170056,8882190,696829,21484,696829,21484,0.0784523861795345,0.0024187728476873,0.0784523861795345,0.0024187728476873
02-01-2021,35.33,60.06,-79.0,-65.0,-63.0,-84.0,-80.0,36.0,0.0250000006125559,3.343766068240437e-05,0.025000000626225,3.3924074995370614e-05,0.0250000110207747,0.0001071354289884,0.025000011214165,0.0001077980146302,0.0250000116368547,0.0001109245279526,0.0250000117152118,0.0001116893473452,8882190,700346,21513,700346,21513,0.0788483470855723,0.0024220378082432,0.0788483470855723,0.0024220378082432
02-02-2021,54.52,83.28,-57.0,-38.0,-42.0,-71.0,-69.0,30.0,0.0250000006566858,3.5957746867817464e-05,0.0250000006660992,3.63608750632723e-05,0.0250000106133479,0.0001133284044055,0.0250000107491647,0.0001139292376219,0.0250000117741606,0.0001127510922553,0.0250000118523306,0.0001135141824508,8882190,703496,21584,703496,21584,0.079202989352851,0.0024300313323628,0.079202989352851,0.0024300313323628
02-03-2021,91.43,115.28,-32.0,-13.0,-32.0,-50.0,-43.0,17.0,0.0250000005431952,3.1382597033737334e-05,0.0250000005491392,3.170211033162367e-05,0.0250000047797259,0.0001034555208165,0.0250000048050395,0.0001039395425097,0.0250000119973288,0.0001153029184962,0.0250000120764409,0.0001160713267635,8882190,705807,21693,705807,21693,0.0794631729337021,0.0024423030806591,0.0794631729337021,0.0024423030806591
02-04-2021,101.87,126.34,-27.0,-7.0,-22.0,-48.0,-39.0,15.0,0.025000000483185,2.8558506916269784e-05,0.025000000486523,2.8798205552156623e-05,0.0250000043335691,9.389528523952924e-05,0.0250000043543562,9.433379760620944e-05,0.025000012334923,0.0001187478957006,0.0250000122624922,0.0001180835477657,8882190,709096,21793,709096,21793,0.0798334644946798,0.0024535615653346,0.0798334644946798,0.0024535615653346
02-05-2021,115.52,147.6,-29.0,-10.0,-28.0,-49.0,-36.0,16.0,0.0250000004902862,2.8401004414432495e-05,0.0250000004917585,2.8560069558198967e-05,0.0250000042476057,9.180282572161902e-05,0.0250000042643264,9.219589001095772e-05,0.0250000116027667,0.0001119980972936,0.0250000116999707,0.0001128978574313,8882190,713324,21886,713324,21886,0.0803094732267605,0.0024640319560829,0.0803094732267605,0.0024640319560829
02-06-2021,119.7,158.58,-20.0,5.0,0.0,-37.0,-6.0,6.0,0.0250000005047437,2.856945094972315e-05,0.0250000005051096,2.8648760715783125e-05,0.0250000040628185,8.746421952209057e-05,0.0250000040759222,8.781174005100435e-05,0.0250000110433471,0.0001067885573641,0.0250000111287097,0.0001075833530879,8882190,717835,21964,717835,21964,0.0808173434704729,0.0024728135741298,0.0808173434704729,0.0024728135741298
02-07-2021,57.36,84.16,-58.0,-41.0,-45.0,-59.0,-28.0,12.0,0.0250000005308695,2.945931660525646e-05,0.0250000004758676,2.7115057766216656e-05,0.0250000042282902,9.075713121171684e-05,0.0250000042382811,9.10609361647098e-05,0.0250000105913485,0.0001026435404994,0.0250000106517535,0.0001032282530521,8882190,722167,21989,722167,21989,0.0813050610266161,0.0024756281952986,0.0813050610266161,0.0024756281952986
02-08-2021,93.64,112.08,-29.0,-14.0,-31.0,-51.0,-41.0,16.0,0.0250000005896654,3.233650578429047e-05,0.0250000005896654,3.233650578429047e-05,0.0250000045767732,9.85178999127616e-05,0.0250000045840638,9.87773211049568e-05,0.0250000102158547,9.930521533800188e-05,0.0250000102753999,9.986996107255466e-05,8882190,724728,22011,724728,22011,0.081593390819156,0.0024781050619272,0.081593390819156,0.0024781050619272
02-09-2021,93.59,109.55,-30.0,-13.0,-39.0,-52.0,-41.0,16.0,0.0250000006215675,3.4379126072822474e-05,0.0250000006215675,3.4379126072822474e-05,0.0250000048374998,0.0001047538213021,0.0250000048425204,0.0001049688231447,0.025000009878251,9.644610783082386e-05,0.0250000098915081,9.663026095321836e-05,8882190,728304,22103,728304,22103,0.0819959942311524,0.0024884628678287,0.0819959942311524,0.0024884628678287
02-10-2021,100.31,117.69,-24.0,-9.0,-26.0,-49.0,-38.0,15.0,0.0250000006080798,3.402236776761687e-05,0.0250000006080798,3.402236776761687e-05,0.025000004447518,9.655706751069108e-05,0.0250000044504312,9.67222068687566e-05,0.0250000102047495,9.995015570925352e-05,0.0250000100118123,9.811626615697657e-05,8882190,732674,22250,732674,22250,0.0824879900114723,0.0025050128403017,0.0824879900114723,0.0025050128403017
02-11-2021,96.53,113.77,-32.0,-16.0,-34.0,-49.0,-42.0,17.0,0.0250000005816016,3.236667253611535e-05,0.0250000005816016,3.236667253611535e-05,0.0250000042646096,9.20876815068646e-05,0.0250000042663898,9.221552078429793e-05,0.0250000105796622,0.000103756479495,0.0250000100982338,9.909698995710506e-05,8882190,736330,22329,736330,22329,0.0828996002112091,0.0025139070431954,0.0828996002112091,0.0025139070431954
02-12-2021,122.58,149.1,-26.0,-7.0,-34.0,-47.0,-38.0,16.0,0.0250000005669089,3.130976483379262e-05,0.0250000005669089,3.130976483379262e-05,0.0250000042927753,9.224105510075404e-05,0.0250000042935604,9.232588984403274e-05,0.0250000098126732,9.63837661175702e-05,0.0250000098200273,9.64850495337054e-05,8882190,740062,22393,740062,22393,0.0833197668592993,0.0025211124733877,0.0833197668592993,0.0025211124733877
02-13-2021,116.65,153.78,-24.0,0.0,-24.0,-38.0,-13.0,8.0,0.0250000005524812,3.0509717868021533e-05,0.0250000005524812,3.0509717868021533e-05,0.0250000043013786,9.21845143365558e-05,0.0250000043015737,9.22268128785096e-05,0.025000009376872,9.23741111251342e-05,0.0250000093831362,9.245906994527428e-05,8882190,743819,22440,743819,22440,0.0837427481285583,0.0025264039611852,0.0837427481285583,0.0025264039611852
02-14-2021,94.6,128.05,-25.0,-15.0,-25.0,-44.0,-18.0,8.0,0.0250000005428687,3.0268106199941177e-05,0.0250000005428687,3.0268106199941177e-05,0.025000004330742,9.29181603293949e-05,0.0250000041019185,8.79634901875913e-05,0.0250000096884797,9.569597527996236e-05,0.0250000091361693,9.030753965874343e-05,8882190,745987,22454,745987,22454,0.0839868320763235,0.0025279801490398,0.0839868320763235,0.0025279801490398
02-15-2021,90.43,106.13,-22.0,-13.0,-31.0,-53.0,-53.0,18.0,0.0250000005835677,3.267059980682839e-05,0.0250000005835677,3.267059980682839e-05,0.0250000045536316,9.840232006283784e-05,0.0250000045536316,9.840232006283784e-05,0.0250000090170432,8.946768095213863e-05,0.0250000090216436,8.953140111224098e-05,8882190,747432,22466,747432,22466,0.0841495171798847,0.0025293311672008,0.0841495171798847,0.0025293311672008
02-16-2021,95.05,114.15,-27.0,-12.0,-21.0,-50.0,-40.0,15.0,0.0250000006024965,3.431336612830384e-05,0.0250000006024965,3.431336612830384e-05,0.0250000047063969,0.0001027514151891,0.0250000047063969,0.0001027514151891,0.0250000087148129,8.693161090710164e-05,0.0250000087187249,8.698982450867289e-05,8882190,751065,22497,751065,22497,0.0845585379281461,0.0025328212974502,0.0845585379281461,0.0025328212974502
02-17-2021,105.61,120.81,-20.0,1.0,-21.0,-46.0,-38.0,14.0,0.0250000005041055,3.064228801158385e-05,0.0250000005041055,3.064228801158385e-05,0.0250000045549616,0.0001005307358193,0.0250000045549616,0.0001005307358193,0.025000008819125,8.839523015724551e-05,0.0250000088224242,8.844823267571457e-05,8882190,755174,22632,755174,22632,0.0850211490634629,0.0025480202517622,0.0850211490634629,0.0025480202517622
02-18-2021,54.15,71.54,-62.0,-44.0,-58.0,-64.0,-61.0,29.0,0.0250000003746942,2.457848329945467e-05,0.0250000003746942,2.457848329945467e-05,0.0250000042618097,9.427876759760956e-05,0.0250000042618097,9.427876759760956e-05,0.0250000090234202,9.06406446407464e-05,0.0250000090261762,9.068871684071788e-05,8882190,758451,22721,758451,22721,0.0853900896062795,0.0025580403031234,0.0853900896062795,0.0025580403031234
02-19-2021,95.2,116.87,-41.0,-24.0,-47.0,-54.0,-46.0,22.0,0.0250000003712461,2.3747396212504383e-05,0.0250000003712461,2.3747396212504383e-05,0.0250000040642837,8.97908147462265e-05,0.0250000040642837,8.97908147462265e-05,0.0250000090219235,9.083039410788014e-05,0.025000009024191,9.08736408677837e-05,8882190,761498,22784,761498,22784,0.0857331356343424,0.002565133148469,0.0857331356343424,0.002565133148469
02-20-2021,118.32,150.27,-22.0,-8.0,-6.0,-37.0,-11.0,7.0,0.0250000003892426,2.406057845874485e-05,0.0250000003892426,2.406057845874485e-05,0.0250000039106148,8.626988725606263e-05,0.0250000039106148,8.626988725606263e-05,0.025000008440982,8.533184832936064e-05,0.0250000084428138,8.537037953545556e-05,8882190,764375,22834,764374,22834,0.0860570422384569,0.0025707623908067,0.0860569296536102,0.0025707623908067
02-21-2021,90.97,110.68,-24.0,-14.0,-4.0,-41.0,-14.0,7.0,0.0250000004237165,2.544177625197548e-05,0.0250000004237165,2.544177625197548e-05,0.0250000000347267,7.547629676064378e-05,0.0250000000347267,7.547629676064378e-05,0.0250000081845475,8.303009644981275e-05,0.0250000081859995,8.306411111608155e-05,8882190,766405,22858,766405,22858,0.0862855894773698,0.0025734644271288,0.0862855894773698,0.0025734644271288
02-22-2021,88.22,100.51,-35.0,-23.0,-41.0,-52.0,-39.0,17.0,0.0250000004864664,2.8526088994165604e-05,0.0250000004864664,2.8526088994165604e-05,0.024999999193629,7.913058509161938e-05,0.024999999193629,7.913058509161938e-05,0.02500000781308,7.962904553603003e-05,0.0250000078142044,7.965874055669839e-05,8882190,769109,22874,769109,22874,0.0865900189029957,0.0025752657846769,0.0865900189029957,0.0025752657846769
02-23-2021,101.05,117.56,-24.0,-8.0,-25.0,-49.0,-38.0,14.0,0.0250000005283924,3.100119490494751e-05,0.0250000005283924,3.100119490494751e-05,0.0249999983260688,8.252425612867789e-05,0.0249999983260688,8.252425612867789e-05,0.0250000076902442,7.882931166396063e-05,0.0250000076910843,7.885472717664503e-05,8882190,772267,22978,772267,22978,0.0869455618490484,0.0025869746087395,0.0869455618490484,0.0025869746087395
02-24-2021,107.87,127.89,-20.0,-7.0,6.0,-45.0,-37.0,14.0,0.0250000005751706,3.304796727782875e-05,0.0250000005751706,3.304796727782875e-05,0.0249999986502967,7.789106709394733e-05,0.0249999986502967,7.789106709394733e-05,0.0250000078550796,8.071979126218395e-05,0.0250000078556843,8.074116356636072e-05,8882190,775386,23077,775386,23077,0.0872967139860777,0.0025981205085682,0.0872967139860777,0.0025981205085682
02-25-2021,109.33,128.11,-22.0,-8.0,-4.0,-45.0,-37.0,14.0,0.025000000475416,2.831181448281049e-05,0.025000000475416,2.831181448281049e-05,0.0250000035000055,7.77358307185086e-05,0.0250000035000055,7.77358307185086e-05,0.0250000080328804,8.262926715358721e-05,0.0250000080332928,8.264677012787516e-05,8882190,778963,23147,778963,23147,0.0876994299829208,0.0026060014478411,0.0876994299829208,0.0026060014478411
02-26-2021,127.08,154.39,-24.0,-10.0,-9.0,-44.0,-36.0,14.0,0.0250000004521241,2.6902562916651044e-05,0.0250000004521241,2.6902562916651044e-05,0.0250000034366334,7.587405283943451e-05,0.0250000034366334,7.587405283943451e-05,0.0250000075903592,7.839017376435528e-05,0.0250000075913805,7.841003638993229e-05,8882190,782833,23192,782833,23192,0.0881351333398632,0.0026110677659451,0.0881351333398632,0.0026110677659451
02-27-2021,121.62,158.32,-21.0,-10.0,-7.0,-36.0,-12.0,7.0,0.0250000004572288,2.7035271749326683e-05,0.0250000004572288,2.7035271749326683e-05,0.0250000034467082,7.590432063647906e-05,0.0250000034467082,7.590432063647906e-05,0.0250000072417631,7.509758990105878e-05,0.0250000072419063,7.510771039372144e-05,8882190,786967,23238,786967,23238,0.0886005590963489,0.0026162466688958,0.0886005590963489,0.0026162466688958
02-28-2021,90.42,107.54,-28.0,-18.0,-35.0,-40.0,-16.0,7.0,0.0250000004727394,2.786415015369556e-05,0.0250000004727383,2.7864130767963104e-05,0.0250000035489481,7.819762415553517e-05,0.0250000035489481,7.819762415553517e-05,0.0250000070712798,7.358837326638166e-05,0.0250000070713427,7.359499874248506e-05,8882190,789356,23252,789356,23252,0.088869524295247,0.0026178228567504,0.088869524295247,0.0026178228567504
03-01-2021,100.74,118.45,-24.0,-10.0,-22.0,-47.0,-38.0,14.0,0.0250000005033476,2.9743813641608647e-05,0.0250000005033476,2.9743813641608647e-05,0.0250000038063536,8.437175068492752e-05,0.0250000038063536,8.437175068492752e-05,0.0250000068557116,7.173073394933491e-05,0.0250000068557274,7.173398172918533e-05,8882190,792496,23273,792496,23273,0.0892230407140581,0.0026201871385322,0.0892230407140581,0.0026201871385322
03-02-2021,103.8,118.4,-24.0,-8.0,-24.0,-48.0,-38.0,14.0,0.0250000005315236,3.15861413058052e-05,0.0250000005315236,3.15861413058052e-05,0.024999997546647,7.491738201437424e-05,0.024999997546647,7.491738201437424e-05,0.0250000066851552,7.034647671804059e-05,0.0250000064955022,6.845962129386923e-05,8882190,795785,23321,795785,23321,0.0895933322750357,0.0026255912111765,0.0895933322750357,0.0026255912111765
03-03-2021,108.99,127.69,-19.0,-5.0,18.0,-44.0,-38.0,13.0,0.025000000417851,2.69260352962128e-05,0.025000000417851,2.69260352962128e-05,0.0249999967680314,7.664975292433839e-05,0.0249999967680314,7.664975292433839e-05,0.0250000067503199,7.127623562068098e-05,0.0250000067503199,7.127623562068098e-05,8882190,799476,23449,799476,23449,0.0900088829444089,0.0026400020715611,0.0900088829444089,0.0026400020715611
03-04-2021,109.5,125.43,-22.0,-7.0,-10.0,-45.0,-37.0,14.0,0.0250000003664565,2.4080075404172615e-05,0.0250000003664565,2.4080075404172615e-05,0.0250000036375317,8.188377851314544e-05,0.0250000036375317,8.188377851314544e-05,0.0250000068640067,7.252894424994197e-05,0.0250000068640067,7.252894424994197e-05,8882190,802669,23491,802669,23491,0.0903683663600981,0.0026447306351248,0.0903683663600981,0.0026447306351248
03-05-2021,127.72,151.26,-25.0,-9.0,-20.0,-45.0,-36.0,14.0,0.0250000003528877,2.3119824270653885e-05,0.0250000003528877,2.3119824270653885e-05,0.0250000034279516,7.717757143319931e-05,0.0250000034279516,7.717757143319931e-05,0.0250000067540206,7.155993865623886e-05,0.0250000067540206,7.155993865623886e-05,8882190,806370,23521,806370,23521,0.0907850428779388,0.0026481081805275,0.0907850428779388,0.0026481081805275
03-06-2021,128.11,158.82,-19.0,-7.0,0.0,-35.0,-12.0,6.0,0.0250000003652595,2.3620819863987167e-05,0.0250000003652595,2.3620819863987167e-05,0.0250000033591964,7.581103766311932e-05,0.0250000033591964,7.581103766311932e-05,0.025000006444044,6.860644887790596e-05,0.025000006444044,6.860644887790596e-05,8882190,810090,23557,810090,23557,0.091203858507868,0.0026521612350107,0.091203858507868,0.0026521612350107
03-07-2021,99.19,119.77,-20.0,-10.0,23.0,-37.0,-14.0,6.0,0.0250000003665186,2.3840965560150384e-05,0.0250000003665186,2.3840965560150384e-05,0.02500000335651,7.603930578906437e-05,0.0250000033565056,7.603923719271325e-05,0.0250000061611047,6.5958523740781e-05,0.0250000061611047,6.5958523740781e-05,8882190,812609,23574,812609,23574,0.0914874597368441,0.0026540751774055,0.0914874597368441,0.0026540751774055
03-08-2021,103.46,121.8,-22.0,-9.0,-2.0,-47.0,-38.0,13.0,0.0250000004029069,2.5865708283957703e-05,0.0250000004029069,2.5865708283957703e-05,0.0250000034857477,7.94311674249025e-05,0.0250000034857477,7.94311674249025e-05,0.0250000058871056,6.346167226321575e-05,0.0250000058871056,6.346167226321575e-05,8882190,814916,23590,814916,23590,0.0917471929783082,0.0026558765349536,0.0917471929783082,0.0026558765349536
03-09-2021,110.4,134.93,-19.0,-5.0,53.0,-45.0,-37.0,12.0,0.0250000004130262,2.683225091241484e-05,0.0250000004130262,2.683225091241484e-05,0.0250000036331479,8.338068056853945e-05,0.0250000036331479,8.338068056853945e-05,0.0250000056713272,6.158789461985735e-05,0.0250000056713272,6.158789461985735e-05,8882190,819042,23635,819042,23635,0.0922117180560199,0.0026609428530576,0.0922117180560199,0.0026609428530576
03-10-2021,112.3,134.69,-18.0,-6.0,40.0,-43.0,-37.0,13.0,0.0250000003849482,2.580440321653957e-05,0.0250000003849482,2.580440321653957e-05,0.0250000031752895,7.38085236638553e-05,0.0250000031752895,7.38085236638553e-05,0.025000005725245,6.239124542597945e-05,0.025000005725245,6.239124542597945e-05,8882190,822817,23768,822817,23768,0.0926367258525206,0.002675916637676,0.0926367258525206,0.002675916637676
03-11-2021,119.88,149.89,-16.0,-4.0,85.0,-41.0,-37.0,12.0,0.0250000002804546,2.047658031437104e-05,0.0250000002804546,2.047658031437104e-05,0.0250000028813253,6.680359705303599e-05,0.0250000028813253,6.680359705303599e-05,0.025000005856395,6.37754226529723e-05,0.025000005856395,6.37754226529723e-05,8882190,826632,23814,826632,23814,0.0930662370428914,0.0026810955406268,0.0930662370428914,0.0026810955406268
03-12-2021,119.88,149.89,-19.0,-6.0,45.0,-41.0,-35.0,13.0,0.0250000003173035,2.157358398685776e-05,0.0250000003173035,2.157358398685776e-05,0.0250000027810014,6.416296080120405e-05,0.0250000027810014,6.416296080120405e-05,0.025000005622995,6.152794640124829e-05,0.025000005622995,6.152794640124829e-05,8882190,830681,23854,830681,23854,0.0935220930874029,0.002685598934497,0.0935220930874029,0.002685598934497
03-13-2021,136.79,179.83,-13.0,-3.0,61.0,-26.0,-11.0,4.0,0.0250000003644479,2.345798834599316e-05,0.0250000003644479,2.345798834599316e-05,0.0250000028399913,6.52137364493575e-05,0.0250000028399913,6.52137364493575e-05,0.0250000051056443,5.6453745496287454e-05,0.0250000051056443,5.6453745496287454e-05,8882190,834547,23888,834715,23888,0.0939573461049583,0.0026894268192866,0.0939762603592132,0.0026894268192866
03-14-2021,108.01,127.75,-17.0,-9.0,44.0,-33.0,-15.0,5.0,0.0250000003880632,2.4627118871393645e-05,0.0250000003880632,2.4627118871393645e-05,0.0250000028688491,6.582840724854423e-05,0.0250000028688491,6.582840724854423e-05,0.0250000049266298,5.477697103940477e-05,0.0250000049266298,5.477697103940477e-05,8882190,837861,23903,838025,23903,0.0943304522871048,0.002691115591988,0.0943489162019727,0.002691115591988
03-15-2021,108.44,124.42,-20.0,-8.0,-8.0,-45.0,-38.0,13.0,0.0250000004222381,2.660230468323792e-05,0.0250000004222381,2.660230468323792e-05,0.0250000030735681,7.066880351077347e-05,0.0250000030735681,7.066880351077347e-05,0.0250000048043183,5.371875081508867e-05,0.0250000048043183,5.371875081508867e-05,8882190,840685,23925,840685,23925,0.0946483918943413,0.0026935924586166,0.0946483918943413,0.0026935924586166
03-16-2021,109.43,121.25,-21.0,-5.0,-15.0,-46.0,-38.0,13.0,0.0250000004459906,2.8180327100606453e-05,0.0250000004459906,2.8180327100606453e-05,0.0250000031999492,7.395340272232047e-05,0.0250000031999492,7.395340272232047e-05,0.0250000047529214,5.340318874379685e-05,0.0250000047529214,5.340318874379685e-05,8882190,844398,23966,844563,23966,0.0950664194303431,0.0026982084373335,0.0950849959300577,0.0026982084373335
03-17-2021,114.88,135.0,-15.0,-4.0,2.0,-43.0,-37.0,13.0,0.0250000004234047,2.745711706307602e-05,0.0250000004234047,2.745711706307602e-05,0.0250000031350581,7.290583028540807e-05,0.0250000031350581,7.290583028540807e-05,0.0250000048733582,5.4783332719637005e-05,0.0250000048733582,5.4783332719637005e-05,8882190,848727,24045,848876,24045,0.0955537992319461,0.0027071026402272,0.0955705743741126,0.0027071026402272
03-18-2021,110.53,122.66,-24.0,-13.0,-33.0,-47.0,-38.0,15.0,0.0250000002730946,2.056710793282265e-05,0.0250000002730946,2.056710793282265e-05,0.0250000025514676,5.9934934473662776e-05,0.0250000025514676,5.9934934473662776e-05,0.0250000050262933,5.641137162739349e-05,0.0250000050262933,5.641137162739349e-05,8882190,853188,24076,853349,24076,0.0960560402333208,0.0027105927704766,0.0960741663936484,0.0027105927704766
03-19-2021,135.7,162.3,-18.0,-6.0,-5.0,-42.0,-35.0,13.0,0.0250000002690054,2.019268832308552e-05,0.0250000002690054,2.019268832308552e-05,0.0250000025637964,6.025775911382508e-05,0.0250000025637964,6.025775911382508e-05,0.0250000050590126,5.68791923337708e-05,0.0250000050590126,5.68791923337708e-05,8882190,857739,24103,857739,24103,0.0965684138709034,0.002713632561339,0.0965684138709034,0.002713632561339
03-20-2021,144.77,191.73,-10.0,-2.0,101.0,-23.0,-11.0,3.0,0.0250000002665286,2.0070481349196107e-05,0.0250000002665286,2.0070481349196107e-05,0.0250000026405174,6.218752953530033e-05,0.0250000026405174,6.218752953530033e-05,0.0250000045802198,5.221327147580482e-05,0.0250000045802198,5.221327147580482e-05,8882190,862648,24134,862648,24134,0.0971210928836244,0.0027171226915884,0.0971210928836244,0.0027171226915884
03-21-2021,114.45,146.82,-9.0,-6.0,132.0,-26.0,-13.0,3.0,0.0250000002700881,2.0319638175325142e-05,0.0250000002701177,2.032099849434106e-05,0.0250000026595791,6.293337645822188e-05,0.0250000026595791,6.293337645822188e-05,0.0250000043259831,4.979709461881838e-05,0.0250000043259831,4.979709461881838e-05,8882190,865886,24174,865886,24174,0.0974856426174175,0.0027216260854586,0.0974856426174175,0.0027216260854586
03-22-2021,113.91,139.2,-13.0,-5.0,53.0,-41.0,-37.0,12.0,0.0250000003099095,2.2156118302607893e-05,0.0250000003099453,2.21577928794008e-05,0.025000002816188,6.666779746145945e-05,0.025000002816188,6.666779746145945e-05,0.0250000041977022,4.863740303727602e-05,0.0250000041977022,4.863740303727602e-05,8882190,869037,24181,869037,24181,0.0978403974695429,0.0027224141793859,0.0978403974695429,0.0027224141793859
03-23-2021,117.28,140.07,-14.0,-2.0,54.0,-42.0,-37.0,11.0,0.025000000317224,2.280888206042809e-05,0.025000000317224,2.280888206042809e-05,0.0250000029331656,6.977435090309014e-05,0.0250000029331656,6.977435090309014e-05,0.0250000041157837,4.798476545402746e-05,0.0250000041157908,4.7984826124754976e-05,8882190,873840,24242,873840,24242,0.0983811424885079,0.002729281855038,0.0983811424885079,0.002729281855038
03-24-2021,112.25,127.01,-22.0,-12.0,-21.0,-45.0,-38.0,14.0,0.0250000003110494,2.24763590360496e-05,0.0250000003110842,2.247808251030093e-05,0.0250000028818053,6.874723122533288e-05,0.0250000028818053,6.874723122533288e-05,0.0250000041735488,4.868271294384546e-05,0.0250000041735488,4.868271294384546e-05,8882190,877936,24292,877936,24292,0.0988422900208169,0.0027349110973757,0.0988422900208169,0.0027349110973757
03-25-2021,122.7,148.28,-14.0,-1.0,42.0,-40.0,-37.0,12.0,0.025,1e-05,0.025,1e-05,0.0250000021987928,5.350247997244991e-05,0.0250000021987928,5.350247997244991e-05,0.0250000042677952,4.973229614479083e-05,0.0250000042677952,4.973229614479083e-05,8882190,881882,24330,881882,24330,0.0992865498261127,0.0027391893215524,0.0992865498261127,0.0027391893215524
03-26-2021,145.17,183.07,-16.0,-4.0,50.0,-37.0,-36.0,12.0,0.0250000002646465,2.0063793222118175e-05,0.0250000002646722,2.006499063208196e-05,0.0250000021545765,5.238952040274785e-05,0.0250000021545765,5.238952040274785e-05,0.0250000039456111,4.657017597778039e-05,0.0250000039456111,4.657017597778039e-05,8882190,887481,24358,887481,24358,0.0999169123830947,0.0027423416972615,0.0999169123830947,0.0027423416972615
03-27-2021,150.77,205.1,-9.0,0.0,134.0,-19.0,-11.0,2.0,0.0250000002842382,2.0942199472571904e-05,0.0250000002842382,2.0942199472571904e-05,0.0250000021390551,5.20501982862401e-05,0.0250000021390551,5.20501982862401e-05,0.0250000036436415,4.361644976486624e-05,0.0250000036436415,4.361644976486624e-05,8882190,892143,24382,892143,24382,0.1004417829386671,0.0027450437335837,0.1004417829386671,0.0027450437335837
03-28-2021,98.82,118.0,-23.0,-15.0,-22.0,-35.0,-18.0,7.0,0.0250000002876443,2.12492694786871e-05,0.0250000002876443,2.12492694786871e-05,0.025000002148076,5.2410550018171736e-05,0.0250000021482909,5.241591821015027e-05,0.0250000034679701,4.195850170289866e-05,0.0250000034679701,4.195850170289866e-05,8882190,896652,24389,896652,24389,0.100949428012686,0.002745831827511,0.100949428012686,0.002745831827511
03-29-2021,118.57,141.55,-12.0,-3.0,29.0,-41.0,-40.0,12.0,0.0250000002560592,2.0223462480233545e-05,0.0250000002560592,2.0223462480233545e-05,0.0250000022561052,5.52524991504148e-05,0.0250000022563315,5.52582455342601e-05,0.0250000033921697,4.135209237833488e-05,0.0250000033921697,4.135209237833488e-05,8882190,900273,24404,900273,24404,0.1013570977427864,0.0027475206002123,0.1013570977427864,0.0027475206002123
03-30-2021,127.47,155.47,-9.0,2.0,69.0,-38.0,-39.0,11.0,0.0250000002783182,2.156081027305016e-05,0.0250000002783182,2.156081027305016e-05,0.0250000022871358,5.648154972663101e-05,0.0250000022871358,5.648154972663101e-05,0.0250000033011246,4.061257999348184e-05,0.0250000033011246,4.061257999348184e-05,8882190,905144,24486,905144,24486,0.1019054985313306,0.0027567525576462,0.1019054985313306,0.0027567525576462
03-31-2021,122.97,143.48,-13.0,-4.0,0.0,-40.0,-40.0,13.0,0.025,1e-05,0.025,1e-05,0.0250000022577438,5.571044389220962e-05,0.0250000022579668,5.571622327767656e-05,0.0250000033897545,4.159071533014778e-05,0.0250000033897545,4.159071533014778e-05,8882190,908816,24561,908816,24561,0.1023189100886155,0.0027651964211528,0.1023189100886155,0.0027651964211528
04-01-2021,128.93,151.32,-9.0,4.0,8.0,-38.0,-40.0,13.0,0.025,1e-05,0.025,1e-05,0.0250000020008108,4.945576974061614e-05,0.0250000020009721,4.9459849148732e-05,0.0250000034589705,4.23178671083104e-05,0.0250000034589705,4.23178671083104e-05,8882190,914422,24591,914422,24591,0.1029500607395248,0.0027685739665555,0.1029500607395248,0.0027685739665555
04-02-2021,143.27,167.2,-15.0,4.0,-4.0,-40.0,-50.0,16.0,0.025,1e-05,0.025,1e-05,0.0250000020897524,5.1079001370897695e-05,0.0250000020899367,5.108365651255006e-05,0.0250000034000459,4.1754890899042114e-05,0.0250000034000459,4.1754890899042114e-05,8882190,918951,24615,918951,24615,0.1034599575104788,0.0027712760028776,0.1034599575104788,0.0027712760028776
04-03-2021,142.68,182.75,-10.0,10.0,80.0,-21.0,-15.0,3.0,0.0250000002901421,2.0887217985177013e-05,0.0250000002901421,2.0887217985177013e-05,0.0250000021851448,5.308379203542963e-05,0.0250000021851448,5.308379203542963e-05,0.0250000029731336,3.747087387003635e-05,0.0250000029731336,3.747087387003635e-05,8882190,923396,24632,923396,24632,0.1039603971543054,0.0027731899452725,0.1039603971543054,0.0027731899452725
04-04-2021,94.52,117.34,-34.0,-19.0,95.0,-27.0,-26.0,3.0,0.0250000003052967,2.187435583965455e-05,0.0250000003052967,2.187435583965455e-05,0.0250000022183028,5.39611953815056e-05,0.0250000022183028,5.39611953815056e-05,0.0250000029274387,3.70808346399673e-05,0.0250000029274387,3.70808346399673e-05,8882190,927195,24637,927195,24637,0.1043881069871281,0.0027737528695062,0.1043881069871281,0.0027737528695062
04-05-2021,125.91,153.77,-10.0,-2.0,75.0,-37.0,-42.0,11.0,0.0250000003325607,2.3640306659924333e-05,0.0250000003325607,2.3640306659924333e-05,0.0250000021333734,5.251416141803408e-05,0.0250000021333734,5.251416141803408e-05,0.0250000029182618,3.7108076155900845e-05,0.0250000029182618,3.7108076155900845e-05,8882190,930026,24649,930026,24649,0.1047068346882919,0.0027751038876673,0.1047068346882919,0.0027751038876673
04-06-2021,127.51,156.68,-11.0,0.0,83.0,-38.0,-41.0,11.0,0.025000000334705,2.4244508371010585e-05,0.025000000334705,2.4244508371010585e-05,0.0250000022740809,5.623599662568092e-05,0.0250000022740809,5.623599662568092e-05,0.0250000028724887,3.678532262862594e-05,0.0250000028724887,3.678532262862594e-05,8882190,933736,24700,933736,24700,0.1051245244697535,0.0027808457148518,0.1051245244697535,0.0027808457148518
04-07-2021,127.72,154.62,-10.0,-2.0,75.0,-38.0,-41.0,11.0,0.025,1e-05,0.025,1e-05,0.0250000020348488,5.1140739792396784e-05,0.0250000020348488,5.1140739792396784e-05,0.0250000029257975,3.7421334329832726e-05,0.0250000029257975,3.7421334329832726e-05,8882190,937979,24749,937979,24749,0.1056022219745355,0.0027863623723428,0.1056022219745355,0.0027863623723428
04-08-2021,133.59,164.36,-9.0,-1.0,97.0,-36.0,-40.0,11.0,0.025,1e-05,0.025,1e-05,0.0250000019076897,4.8290507220663454e-05,0.0250000019076897,4.8290507220663454e-05,0.0250000029914105,3.814864636781498e-05,0.0250000029914105,3.814864636781498e-05,8882190,942311,24783,942311,24783,0.1060899395306788,0.0027901902571325,0.1060899395306788,0.0027901902571325
04-09-2021,145.79,177.74,-17.0,-6.0,29.0,-37.0,-39.0,12.0,0.025,1e-05,0.025,1e-05,0.0250000018749134,4.753798903702915e-05,0.0250000018749134,4.753798903702915e-05,0.0250000029198069,3.7485805305380056e-05,0.0250000029198069,3.7485805305380056e-05,8882190,946504,24826,946504,24826,0.1065620077931231,0.002795031405543,0.1065620077931231,0.002795031405543
04-10-2021,150.0,203.3,-11.0,-3.0,123.0,-21.0,-13.0,2.0,0.025,1e-05,0.025,1e-05,0.0250000019373683,4.88303234283552e-05,0.0250000019373683,4.88303234283552e-05,0.0250000024725587,3.296024057835023e-05,0.0250000024725587,3.296024057835023e-05,8882190,950103,24859,950103,24859,0.1069672006565948,0.0027987467054859,0.1069672006565948,0.0027987467054859
04-11-2021,103.89,121.81,-22.0,-15.0,-17.0,-33.0,-18.0,6.0,0.025,1e-05,0.025,1e-05,0.0250000020283629,5.080417415455045e-05,0.0250000020283629,5.080417415455045e-05,0.0250000024049342,3.2308301705592085e-05,0.0250000024049342,3.2308301705592085e-05,8882190,953490,24870,953490,24870,0.1073485255325544,0.0027999851388002,0.1073485255325544,0.0027999851388002
04-12-2021,114.07,129.85,-18.0,-7.0,-13.0,-43.0,-38.0,13.0,0.0250000002828691,2.1206991219320826e-05,0.0250000002828691,2.1206991219320826e-05,0.0250000022173187,5.523618192004389e-05,0.0250000022173187,5.523618192004389e-05,0.0250000023522568,3.184215868618845e-05,0.0250000023522568,3.184215868618845e-05,8882190,955958,24896,955073,24896,0.1076263849343461,0.0028029123448158,0.1075267473449678,0.0028029123448158
04-13-2021,124.75,148.61,-13.0,0.0,74.0,-40.0,-37.0,11.0,0.0250000003121136,2.2771101194253185e-05,0.0250000003121136,2.2771101194253185e-05,0.0250000023348149,5.805580832961684e-05,0.0250000023348149,5.805580832961684e-05,0.0250000023236185,3.162574681147019e-05,0.0250000023228765,3.16196125018876e-05,8882190,959921,24945,959921,24945,0.1080725586820367,0.0028084290023068,0.1080725586820367,0.0028084290023068
04-14-2021,123.9,144.49,-13.0,-3.0,54.0,-39.0,-38.0,11.0,0.0250000002784594,2.125395332830436e-05,0.0250000002784594,2.125395332830436e-05,0.0250000019489135,4.9296510427538415e-05,0.0250000019489135,4.9296510427538415e-05,0.0250000023859665,3.230888667479477e-05,0.0250000023852314,3.230279476856117e-05,8882190,963484,25006,963484,25006,0.1084736984910253,0.0028152966779589,0.1084736984910253,0.0028152966779589
04-15-2021,120.6,136.19,-19.0,-7.0,-3.0,-42.0,-37.0,13.0,0.0250000002684416,2.0491852425876306e-05,0.0250000002684416,2.0491852425876306e-05,0.0250000016614593,4.239858954380331e-05,0.0250000016614593,4.239858954380331e-05,0.0250000024324471,3.278461350122515e-05,0.0250000024324471,3.278461350122515e-05,8882190,967442,25053,967401,25053,0.1089193093144821,0.0028205881657564,0.1089146933357651,0.0028205881657564
04-16-2021,148.37,175.17,-18.0,-5.0,16.0,-37.0,-35.0,12.0,0.0250000002929757,2.1275676734283475e-05,0.0250000002929757,2.1275676734283475e-05,0.0250000017527711,4.3976569459566986e-05,0.0250000017527711,4.3976569459566986e-05,0.0250000023994107,3.243634800292792e-05,0.0250000023986733,3.243024385016718e-05,8882190,971782,25094,971782,25094,0.1094079275493994,0.0028252041444733,0.1094079275493994,0.0028252041444733
04-17-2021,154.39,199.06,-11.0,-2.0,101.0,-22.0,-12.0,2.0,0.0250000002979826,2.131312479985373e-05,0.0250000002979826,2.131312479985373e-05,0.0250000018965013,4.6826560734903946e-05,0.0250000018965013,4.6826560734903946e-05,0.025000002206636,3.0447540884194125e-05,0.0250000022060117,3.0442392377630493e-05,8882190,975704,25134,975704,25134,0.109849485318373,0.0028297075383435,0.109849485318373,0.0028297075383435
04-18-2021,123.74,151.18,-9.0,-4.0,128.0,-23.0,-14.0,3.0,0.0250000003203709,2.226759145975213e-05,0.0250000003203709,2.226759145975213e-05,0.0250000020987716,5.110872541545194e-05,0.0250000020987716,5.110872541545194e-05,0.0250000022171157,3.054410930913834e-05,0.0250000022164418,3.0538558658263575e-05,8882190,978853,25143,978853,25143,0.1102040150008049,0.0028307208019643,0.1102040150008049,0.0028307208019643
04-19-2021,121.55,144.55,-13.0,-3.0,54.0,-39.0,-36.0,11.0,0.0250000003621658,2.4494711235369996e-05,0.0250000003621658,2.4494711235369996e-05,0.0250000023486173,5.69083765440651e-05,0.0250000023486173,5.69083765440651e-05,0.0250000022316398,3.072523149607847e-05,0.0250000022316398,3.072523149607847e-05,8882190,981036,25161,981036,25161,0.1104497877212714,0.0028327473292059,0.1104497877212714,0.0028327473292059
04-20-2021,128.86,159.93,-9.0,2.0,109.0,-37.0,-36.0,10.0,0.0250000003613124,2.490517135215475e-05,0.0250000003611341,2.489569830584956e-05,0.0250000025118184,6.096264420606891e-05,0.0250000025118184,6.096264420606891e-05,0.025000002220788,3.067168703966652e-05,0.025000002220788,3.067168703966652e-05,8882190,983875,25206,983875,25206,0.1107694161012092,0.0028378136473099,0.1107694161012092,0.0028378136473099
04-21-2021,119.4,136.15,-15.0,-4.0,23.0,-41.0,-37.0,12.0,0.0250000003254728,2.3441643958282363e-05,0.0250000003254728,2.3441643958282363e-05,0.0250000012421693,3.514530369758798e-05,0.0250000012421693,3.514530369758798e-05,0.0250000021848446,3.032874855248369e-05,0.0250000021848446,3.032874855248369e-05,8882190,987350,25271,987350,25271,0.1111606484436833,0.002845131662349,0.1111606484436833,0.002845131662349
04-22-2021,127.39,143.33,-15.0,-1.0,22.0,-40.0,-36.0,12.0,0.0250000002891256,2.152804777723217e-05,0.0250000002891256,2.152804777723217e-05,0.0250000011950503,3.4014613308169926e-05,0.0250000011950503,3.4014613308169926e-05,0.025000002297208,3.1472537523718955e-05,0.025000002297208,3.1472537523718955e-05,8882190,990580,25301,990580,25301,0.1115242974987024,0.0028485092077516,0.1115242974987024,0.0028485092077516
04-23-2021,155.38,184.21,-14.0,-2.0,59.0,-35.0,-34.0,10.0,0.0250000002740849,2.068740041758465e-05,0.0250000002740805,2.068714918210916e-05,0.02500000120431,3.422660585581218e-05,0.02500000120431,3.422660585581218e-05,0.0250000021794538,3.026907245311958e-05,0.0250000021794538,3.026907245311958e-05,8882190,993414,25328,993414,25328,0.1118433629544065,0.002851548998614,0.1118433629544065,0.002851548998614
04-24-2021,161.31,211.6,-9.0,0.0,166.0,-17.0,-12.0,1.0,0.0250000002634137,2.0188202383895115e-05,0.0250000002634137,2.0188202383895115e-05,0.0250000011663973,3.3448367305031614e-05,0.0250000011663973,3.3448367305031614e-05,0.0250000021063852,2.953360792185877e-05,0.0250000021063852,2.953360792185877e-05,8882190,996197,25367,996197,25367,0.112156686582926,0.0028559398076375,0.112156686582926,0.0028559398076375
04-25-2021,112.84,132.73,-14.0,-7.0,50.0,-28.0,-16.0,5.0,0.025,1e-05,0.025,1e-05,0.0250000011742998,3.368765596157998e-05,0.0250000011742998,3.368765596157998e-05,0.0250000020842221,2.9319798173909835e-05,0.0250000020842221,2.9319798173909835e-05,8882190,997891,25380,997891,25380,0.1123474053133292,0.0028574034106453,0.1123474053133292,0.0028574034106453
04-26-2021,122.83,144.21,-11.0,-1.0,64.0,-39.0,-35.0,10.0,0.0250000002974007,2.197036384441948e-05,0.0250000002974007,2.197036384441948e-05,0.0250000012547955,3.570587600866057e-05,0.0250000012547955,3.570587600866057e-05,0.02500000208634,2.9403051962783133e-05,0.02500000208634,2.9403051962783133e-05,8882190,988886,25399,988886,25399,0.1113335787682992,0.0028595425227336,0.1113335787682992,0.0028595425227336
04-27-2021,126.53,150.32,-11.0,2.0,79.0,-39.0,-35.0,10.0,0.025000000310144,2.2871421659817324e-05,0.025000000310144,2.2871421659817324e-05,0.0250000012618244,3.610479198680179e-05,0.0250000012623416,3.611153693941012e-05,0.0250000021015973,2.963466606626514e-05,0.0250000021015973,2.963466606626514e-05,8882190,991010,25460,991010,25460,0.1115727089828071,0.0028664101983857,0.1115727089828071,0.0028664101983857
04-28-2021,134.86,166.93,-7.0,1.0,121.0,-35.0,-36.0,10.0,0.0250000002923573,2.1939767853721685e-05,0.0250000002923573,2.1939767853721685e-05,0.0250000011953036,3.4622100410168646e-05,0.0250000011953036,3.4622100410168646e-05,0.0250000021956228,3.064340267739606e-05,0.0250000021956228,3.064340267739606e-05,8882190,993123,25509,993123,25509,0.1118106007640007,0.0028719268558767,0.1118106007640007,0.0028719268558767
04-29-2021,127.95,148.6,-13.0,1.0,36.0,-37.0,-36.0,11.0,0.025,1e-05,0.025,1e-05,0.0250000010922783,3.2204622101230595e-05,0.0250000010922783,3.2204622101230595e-05,0.0250000022663823,3.1386378934073594e-05,0.0250000022663823,3.1386378934073594e-05,8882190,995365,25529,995482,25529,0.1120630159904257,0.0028741785528118,0.1120761884174961,0.0028741785528118
04-30-2021,155.31,187.02,-13.0,0.0,39.0,-34.0,-34.0,10.0,0.025,1e-05,0.025,1e-05,0.0250000010334378,3.0890171773373124e-05,0.0250000010335089,3.0891458815791376e-05,0.0250000020635281,2.932063999408225e-05,0.0250000020635281,2.932063999408225e-05,8882190,997223,25554,997223,25554,0.1122721986356968,0.0028769931739807,0.1122721986356968,0.0028769931739807
05-01-2021,163.74,219.21,-7.0,4.0,143.0,-16.0,-12.0,1.0,0.025000000263326,2.037914476175992e-05,0.025000000263326,2.037914476175992e-05,0.0250000009914595,3.0014738612393992e-05,0.0250000009914595,3.0014738612393992e-05,0.0250000018904913,2.7564596191798704e-05,0.0250000018904913,2.7564596191798704e-05,8882190,998812,25588,998812,25588,0.1124510959571907,0.0028808210587704,0.1124510959571907,0.0028808210587704
05-02-2021,131.37,164.95,-6.0,0.0,159.0,-19.0,-13.0,1.0,0.025,1e-05,0.025,1e-05,0.0250000009554637,2.926616596837601e-05,0.0250000009554637,2.926616596837601e-05,0.0250000018860258,2.757492594973153e-05,0.0250000018860258,2.757492594973153e-05,8882190,1000010,25600,1000010,25600,0.1125859726036034,0.0028821720769314,0.1125859726036034,0.0028821720769314
05-03-2021,121.95,145.72,-11.0,1.0,31.0,-37.0,-35.0,11.0,0.0250000002733886,2.119534441480877e-05,0.0250000002733886,2.119534441480877e-05,0.0250000010299612,3.114071946164378e-05,0.0250000010299612,3.114071946164378e-05,0.0250000018995217,2.7793873529797626e-05,0.0250000018995217,2.7793873529797626e-05,8882190,1000993,25616,1000993,25616,0.1126966435079636,0.0028839734344795,0.1126966435079636,0.0028839734344795
05-04-2021,129.11,157.84,-8.0,7.0,72.0,-38.0,-35.0,9.0,0.0250000002757816,2.1589812158114577e-05,0.0250000002757816,2.1589812158114577e-05,0.0250000010576024,3.199706354078984e-05,0.0250000010576024,3.199706354078984e-05,0.0250000019332915,2.824327946407486e-05,0.0250000019332915,2.824327946407486e-05,8882190,1001997,25658,1001997,25658,0.1128096786941058,0.0028887019980432,0.1128096786941058,0.0028887019980432
05-05-2021,125.35,144.35,-12.0,-1.0,8.0,-40.0,-36.0,12.0,0.025,1e-05,0.025,1e-05,0.0250000009862921,3.048028993093184e-05,0.0250000009862921,3.048028993093184e-05,0.0250000020186909,2.9209658884464205e-05,0.0250000020186909,2.9209658884464205e-05,8882190,1004525,25707,1004525,25707,0.1130942931867028,0.0028942186555342,0.1130942931867028,0.0028942186555342
05-06-2021,138.42,165.51,-7.0,6.0,88.0,-33.0,-35.0,9.0,0.025,1e-05,0.025,1e-05,0.0250000008497681,2.7343287386282048e-05,0.0250000008497681,2.7343287386282048e-05,0.025000002087025,2.996648269965318e-05,0.025000002087025,2.996648269965318e-05,8882190,1005938,25740,1005938,25740,0.1132533755751678,0.0028979339554771,0.1132533755751678,0.0028979339554771
05-07-2021,159.37,194.65,-11.0,5.0,64.0,-32.0,-33.0,9.0,0.025,1e-05,0.025,1e-05,0.025000000856167,2.7447977049708975e-05,0.025000000856167,2.7447977049708975e-05,0.0250000020046838,2.9153964746579875e-05,0.0250000020046838,2.9153964746579875e-05,8882190,1007776,25769,1006905,25769,0.1134603065235037,0.002901198916033,0.11336224512198,0.002901198916033
05-08-2021,157.63,192.57,-7.0,12.0,57.0,-20.0,-13.0,2.0,0.025,1e-05,0.025,1e-05,0.0250000008725513,2.78041967024919e-05,0.0250000008725513,2.78041967024919e-05,0.025000001927132,2.8395703486053795e-05,0.025000001927132,2.8395703486053795e-05,8882190,1007555,25791,1007555,25791,0.1134354252723709,0.0029036757826617,0.1134354252723709,0.0029036757826617
05-09-2021,118.94,136.58,-5.0,2.0,57.0,-20.0,-15.0,1.0,0.025,1e-05,0.025,1e-05,0.0250000008331274,2.6950502529004105e-05,0.0250000008331274,2.6950502529004105e-05,0.0250000019018115,2.8193152168483e-05,0.0250000019018115,2.8193152168483e-05,8882190,1007894,25801,1007894,25801,0.1134735915354208,0.0029048016311292,0.1134735915354208,0.0029048016311292
05-10-2021,127.83,150.26,-11.0,0.0,49.0,-36.0,-35.0,10.0,0.025,1e-05,0.025,1e-05,0.0250000008827806,2.8226438397597494e-05,0.0250000008827806,2.8226438397597494e-05,0.0250000018354912,2.758287718942281e-05,0.0250000018354912,2.758287718942281e-05,8882190,1008046,25810,1008046,25810,0.1134907044321276,0.00290581489475,0.1134907044321276,0.00290581489475
05-11-2021,133.87,158.06,-9.0,6.0,70.0,-36.0,-35.0,9.0,0.0250000002432681,2.0288238840497235e-05,0.0250000002432681,2.0288238840497235e-05,0.0250000009100442,2.899910126179209e-05,0.0250000009100442,2.899910126179209e-05,0.0250000018006019,2.7316949233915318e-05,0.0250000018006019,2.7316949233915318e-05,8882190,1008607,25841,1008607,25841,0.1135538645311572,0.0029093050249994,0.1135538645311572,0.0029093050249994
05-12-2021,136.96,163.19,-6.0,5.0,86.0,-33.0,-36.0,9.0,0.025,1e-05,0.025,1e-05,0.0250000007571123,2.5658392923121547e-05,0.0250000007571123,2.5658392923121547e-05,0.0250000018485219,2.7906501765323627e-05,0.0250000018485219,2.7906501765323627e-05,8882190,1009093,25882,1009093,25882,0.1136085807666802,0.0029139210037164,0.1136085807666802,0.0029139210037164
05-13-2021,145.49,175.96,-5.0,6.0,119.0,-31.0,-36.0,9.0,0.025,1e-05,0.025,1e-05,0.0250000006660562,2.3603360583200896e-05,0.0250000006660562,2.3603360583200896e-05,0.0250000018489146,2.796880053034179e-05,0.0250000018518376,2.7993636112239317e-05,8882190,1009521,25906,1009521,25906,0.1136567670810914,0.0029166230400385,0.1136567670810914,0.0029166230400385
05-14-2021,167.4,210.79,-9.0,3.0,94.0,-29.0,-34.0,8.0,0.025,1e-05,0.025,1e-05,0.0250000006887832,2.415204977066702e-05,0.0250000006886346,2.414926058973685e-05,0.0250000017585501,2.7087238256865575e-05,0.0250000017585501,2.7087238256865575e-05,8882190,1009844,25932,1009844,25932,0.1136931319865934,0.0029195502460541,0.1136931319865934,0.0029195502460541
05-15-2021,171.67,239.35,-5.0,4.0,185.0,-10.0,-14.0,0.0,0.025,1e-05,0.025,1e-05,0.0250000006914839,2.424351389186484e-05,0.0250000006914839,2.424351389186484e-05,0.0250000016256856,2.575154110280864e-05,0.0250000016256856,2.575154110280864e-05,8882190,1010490,25952,1010490,25952,0.1137658617975972,0.0029218019429892,0.1137658617975972,0.0029218019429892
05-16-2021,134.24,166.33,-5.0,1.0,139.0,-15.0,-13.0,1.0,0.025,1e-05,0.025,1e-05,0.0250000006535343,2.3439392019550174e-05,0.0250000006535343,2.3439392019550174e-05,0.0250000015403208,2.491976128534069e-05,0.0250000015404397,2.492077311309561e-05,8882190,1010759,25961,1010759,25961,0.1137961471213743,0.00292281520661,0.1137961471213743,0.00292281520661
05-17-2021,134.85,167.36,-6.0,3.0,92.0,-34.0,-36.0,9.0,0.025,1e-05,0.025,1e-05,0.0250000006905281,2.442025112276028e-05,0.0250000006905281,2.442025112276028e-05,0.0250000014693748,2.425718373407997e-05,0.0250000014693748,2.425718373407997e-05,8882190,1011106,25975,1011106,25975,0.1138352140631983,0.0029243913944646,0.1138352140631983,0.0029243913944646
05-18-2021,141.89,174.24,-5.0,8.0,101.0,-34.0,-35.0,9.0,0.025,1e-05,0.025,1e-05,0.0250000007047298,2.489939285181888e-05,0.0250000007047298,2.489939285181888e-05,0.0250000013994072,2.3609396168601356e-05,0.0250000013994072,2.3609396168601356e-05,8882190,1011752,25998,1011752,25998,0.1139079438742022,0.00292698084594,0.1139079438742022,0.00292698084594
05-19-2021,148.27,182.57,-4.0,6.0,112.0,-34.0,-35.0,9.0,0.025,1e-05,0.025,1e-05,0.0250000006171603,2.3007056738306306e-05,0.0250000006171603,2.3007056738306306e-05,0.0250000014418964,2.4136826210082487e-05,0.0250000014418964,2.4136826210082487e-05,8882190,1012196,26030,1012196,26030,0.1139579315461614,0.0029305835610361,0.1139579315461614,0.0029305835610361
05-20-2021,150.41,182.18,-4.0,8.0,108.0,-33.0,-34.0,8.0,0.025,1e-05,0.025,1e-05,0.0250000005091537,2.056022589655516e-05,0.0250000005091537,2.056022589655516e-05,0.0250000014574266,2.435915247140169e-05,0.0250000014574266,2.435915247140169e-05,8882190,1012757,26053,1012757,26053,0.1140210916451911,0.0029331730125115,0.1140210916451911,0.0029331730125115
05-21-2021,176.03,224.55,-8.0,6.0,100.0,-30.0,-32.0,8.0,0.025,1e-05,0.025,1e-05,0.0250000004664785,1.9582757391341928e-05,0.0250000004664785,1.9582757391341928e-05,0.0250000013745921,2.3542585231845203e-05,0.0250000013745921,2.3542585231845203e-05,8882190,1013409,26070,1013409,26070,0.1140944969652754,0.0029350869549063,0.1140944969652754,0.0029350869549063
05-22-2021,177.03,252.0,-6.0,6.0,180.0,-14.0,-12.0,0.0,0.025,1e-05,0.025,1e-05,0.0250000004349875,1.889160042105586e-05,0.0250000004358376,1.890765759609385e-05,0.0250000012172624,2.194408942428848e-05,0.0250000012172624,2.194408942428848e-05,8882190,1013787,26084,1013787,26084,0.1141370540373489,0.0029366631427609,0.1141370540373489,0.0029366631427609
05-23-2021,155.25,198.37,-3.0,2.0,172.0,-15.0,-13.0,0.0,0.025,1e-05,0.025,1e-05,0.0250000004270812,1.8772789871161352e-05,0.0250000004270812,1.8772789871161352e-05,0.0250000011812252,2.162900101833105e-05,0.0250000011812252,2.162900101833105e-05,8882190,1014088,26091,1014088,26091,0.1141709420762221,0.0029374512366882,0.1141709420762221,0.0029374512366882
05-24-2021,137.23,162.93,-6.0,3.0,66.0,-35.0,-34.0,9.0,0.025,1e-05,0.025,1e-05,0.025000000455194,1.9545446944917376e-05,0.025000000455194,1.9545446944917376e-05,0.0250000011510784,2.138648435765563e-05,0.0250000011510784,2.138648435765563e-05,8882190,1014190,26100,1014190,26100,0.1141824257305912,0.002938464500309,0.1141824257305912,0.002938464500309
05-25-2021,143.63,174.78,-5.0,8.0,93.0,-34.0,-33.0,8.0,0.025,1e-05,0.025,1e-05,0.0250000004799416,2.026795407782164e-05,0.0250000004799416,2.026795407782164e-05,0.0250000010747184,2.0662216958508752e-05,0.0250000010747184,2.0662216958508752e-05,8882190,1014579,26124,1014579,26124,0.1142262212359789,0.0029411665366311,0.1142262212359789,0.0029411665366311
05-26-2021,146.27,172.0,-6.0,3.0,69.0,-33.0,-34.0,9.0,0.025,1e-05,0.025,1e-05,0.025000000423366,1.905903671059932e-05,0.025000000423366,1.905903671059932e-05,0.0250000010930955,2.0922820441465163e-05,0.0250000010930955,2.0922820441465163e-05,8882190,1014974,26159,1014974,26159,0.1142706922504472,0.0029451070062675,0.1142706922504472,0.0029451070062675
05-27-2021,163.14,199.48,0.0,10.0,122.0,-28.0,-33.0,7.0,0.025,1e-05,0.025,1e-05,0.0250000003414666,1.7147469531226057e-05,0.0250000003414666,1.7147469531226057e-05,0.0250000011203735,2.1208731151391084e-05,0.0250000011203735,2.1208731151391084e-05,8882190,1015368,26173,1015368,26173,0.1143150506800687,0.0029466831941221,0.1143150506800687,0.0029466831941221
05-28-2021,172.66,223.21,-10.0,3.0,36.0,-29.0,-35.0,10.0,0.025,1e-05,0.025,1e-05,0.0250000003219913,1.6687830764052238e-05,0.0250000003219913,1.6687830764052238e-05,0.0250000009715061,1.9682457830028943e-05,0.0250000009715061,1.9682457830028943e-05,8882190,1015634,26185,1015634,26185,0.1143449982493056,0.0029480342122832,0.1143449982493056,0.0029480342122832
05-29-2021,147.62,214.34,-14.0,-3.0,4.0,-25.0,-18.0,5.0,0.025,1e-05,0.025,1e-05,0.0250000002892804,1.596305040360584e-05,0.0250000002892804,1.596305040360584e-05,0.0250000008622722,1.8577962594036888e-05,0.0250000008622722,1.8577962594036888e-05,8882190,1015889,26201,1015889,26201,0.1143737073852281,0.0029498355698313,0.1143737073852281,0.0029498355698313
05-30-2021,122.32,171.07,-13.0,-10.0,-13.0,-32.0,-18.0,4.0,0.025,1e-05,0.025,1e-05,0.0250000002783858,1.5744754541255686e-05,0.0250000002783858,1.5744754541255686e-05,0.0250000008532768,1.8532012600860213e-05,0.0250000008530414,1.8529928945709477e-05,8882190,1016135,26207,1016135,26207,0.1144014032575299,0.0029505110789118,0.1144014032575299,0.0029505110789118
05-31-2021,133.55,173.3,2.0,2.0,168.0,-39.0,-75.0,17.0,0.025,1e-05,0.025,1e-05,0.0250000003018246,1.636862037282243e-05,0.0250000003018246,1.636862037282243e-05,0.0250000008227406,1.8267176872301696e-05,0.0250000008227406,1.8267176872301696e-05,8882190,1016332,26212,1016332,26212,0.1144235824723407,0.0029510740031456,0.1144235824723407,0.0029510740031456
06-01-2021,145.07,178.1,-4.0,10.0,97.0,-30.0,-34.0,8.0,0.025,1e-05,0.025,1e-05,0.0250000002970058,1.6389872345698913e-05,0.0250000002970058,1.6389872345698913e-05,0.0250000007566681,1.7634425794759024e-05,0.0250000007566681,1.7634425794759024e-05,8882190,1016490,26219,1016490,26219,0.114441370878128,0.0029518620970729,0.114441370878128,0.0029518620970729
06-02-2021,146.64,177.65,-4.0,7.0,99.0,-31.0,-33.0,9.0,0.025,1e-05,0.025,1e-05,0.0250000002511083,1.5483562128066396e-05,0.0250000002511083,1.5483562128066396e-05,0.0250000007643755,1.7785464850882308e-05,0.0250000007643755,1.7785464850882308e-05,8882190,1016763,26247,1016763,26247,0.1144721065412921,0.002955014472782,0.1144721065412921,0.002955014472782
06-03-2021,143.21,170.19,-8.0,5.0,32.0,-34.0,-33.0,10.0,0.025,1e-05,0.025,1e-05,0.025,1e-05,0.025,1e-05,0.0250000007627375,1.7815255112358286e-05,0.0250000007627375,1.7815255112358286e-05,8882190,1017044,26253,1017049,26247,0.1145037428832303,0.0029556899818625,0.1145043058074641,0.002955014472782
06-04-2021,176.9,218.89,-9.0,3.0,49.0,-30.0,-30.0,9.0,0.025,1e-05,0.025,1e-05,0.025,1e-05,0.025,1e-05,0.025000000666888,1.685307603922006e-05,0.0250000006647436,1.6837273128408848e-05,8882190,1017118,26265,1017337,26265,0.1145120741618902,0.0029570410000236,0.1145367302433296,0.0029570410000236
06-05-2021,191.83,284.6,-3.0,9.0,206.0,-7.0,-10.0,-2.0,0.025,1e-05,0.025,1e-05,0.025,1e-05,0.025,1e-05,0.0250000005430616,1.5595391433167088e-05,0.0250000005410855,1.5580324009932152e-05,8882190,1017695,26273,1017695,26273,0.1145770356184679,0.0029579416787976,0.1145770356184679,0.0029579416787976
06-06-2021,163.68,209.54,-2.0,4.0,184.0,-11.0,-11.0,0.0,0.025,1e-05,0.025,1e-05,0.025,1e-05,0.025,1e-05,0.0250000004741992,1.4918662255592018e-05,0.0250000004723801,1.490429742430466e-05,8882190,1017904,26279,1017904,26279,0.1146005658514398,0.0029586171878782,0.1146005658514398,0.0029586171878782
06-07-2021,148.54,184.56,-2.0,6.0,83.0,-32.0,-33.0,9.0,0.025,1e-05,0.025,1e-05,0.025,1e-05,0.025,1e-05,0.0250000004155771,1.4355308203196133e-05,0.0250000004152004,1.435349690368416e-05,8882190,1018112,26285,1018112,26285,0.1146239834995648,0.0029592926969587,0.1146239834995648,0.0029592926969587
06-08-2021,146.78,174.86,-7.0,3.0,36.0,-34.0,-33.0,10.0,0.025,1e-05,0.025,1e-05,0.025,1e-05,0.025,1e-05,0.0250000003813949,1.4049794761399972e-05,0.0250000003798638,1.4036774157164142e-05,8882190,1018307,26285,1018307,26294,0.1146459375446821,0.0029592926969587,0.1146459375446821,0.0029603059605795
06-09-2021,150.27,181.42,-2.0,7.0,71.0,-32.0,-33.0,9.0,0.025,1e-05,0.025,1e-05,0.025,1e-05,0.025,1e-05,0.0250000003830423,1.4134119943879406e-05,0.0250000003848372,1.4145312992887062e-05,8882190,1018491,26316,1018491,26316,0.114666653156485,0.0029627828272081,0.114666653156485,0.0029627828272081
06-10-2021,161.07,196.52,0.0,10.0,116.0,-28.0,-32.0,8.0,0.025,1e-05,0.025,1e-05,0.025,1e-05,0.025,1e-05,0.0250000003950946,1.429913506878049e-05,0.0250000003967718,1.4309913839448074e-05,8882190,1018833,26322,1018833,26322,0.1147051571740753,0.0029634583362886,0.1147051571740753,0.0029634583362886
06-11-2021,182.15,223.89,-8.0,4.0,57.0,-28.0,-31.0,9.0,0.025,1e-05,0.025,1e-05,0.025,1e-05,0.025,1e-05,0.0250000003281597,1.3629729183035384e-05,0.025000000329723,1.3640097270325556e-05,8882190,1019107,26324,1019107,26324,0.1147360054220862,0.0029636835059821,0.1147360054220862,0.0029636835059821
06-12-2021,183.93,260.21,-3.0,6.0,172.0,-10.0,-11.0,-1.0,0.025,1e-05,0.025,1e-05,0.025,1e-05,0.025,1e-05,0.0250000002232089,1.2562917276933303e-05,0.0250000002246633,1.2572883429944474e-05,8882190,1019107,26324,1019356,26327,0.1147360054220862,0.0029636835059821,0.1147640390489282,0.0029640212605224
06-13-2021,149.37,187.96,-3.0,1.0,152.0,-12.0,-11.0,1.0,0.025,1e-05,0.025,1e-05,0.025,1e-05,0.025,1e-05,0.0250000001727689,1.2081118066251285e-05,0.0250000001751829,1.20985453257743e-05,8882190,1019563,26330,1019563,26330,0.1147873441122065,0.0029643590150627,0.1147873441122065,0.0029643590150627
06-14-2021,144.63,180.12,-2.0,5.0,74.0,-33.0,-33.0,9.0,0.025,1e-05,0.025,1e-05,0.025,1e-05,0.025,1e-05,0.02500000011393,1.1509209409974209e-05,0.0250000001161635,1.1525899807239912e-05,8882190,1019794,26334,1019794,26334,0.114813351211807,0.0029648093544497,0.114813351211807,0.0029648093544497
06-15-2021,156.3,200.01,2.0,11.0,109.0,-30.0,-32.0,8.0,0.025,1e-05,0.025,1e-05,0.025,1e-05,0.025,1e-05,0.0250000000732254,1.1130954183029923e-05,0.0250000000752862,1.1146918585783976e-05,8882190,1020043,26345,1020043,26345,0.114841384838649,0.002966047787764,0.114841384838649,0.002966047787764
06-16-2021,162.23,206.43,4.0,9.0,126.0,-27.0,-33.0,7.0,0.025,1e-05,0.025,1e-05,0.025,1e-05,0.025,1e-05,0.0250000000712821,1.115538728170641e-05,0.0250000000731791,1.1170648147889546e-05,8882190,1020326,26357,1020326,26357,0.1148732463502807,0.0029673988059251,0.1148732463502807,0.0029673988059251
06-17-2021,171.38,214.77,4.0,12.0,130.0,-25.0,-33.0,7.0,0.025,1e-05,0.025,1e-05,0.025,1e-05,0.025,1e-05,0.0250000000529456,1.0997117637778907e-05,0.0250000000546868,1.101168703851258e-05,8882190,1020564,26364,1020564,26364,0.1149000415438084,0.0029681868998524,0.1149000415438084,0.0029681868998524
06-18-2021,197.52,260.02,-1.0,10.0,118.0,-24.0,-35.0,7.0,0.025,1e-05,0.025,1e-05,0.025,1e-05,0.025,1e-05,0.025,1e-05,0.025,1e-05,8882190,1020830,26368,1020769,26367,0.1149299891130453,0.0029686372392394,0.1149231214373932,0.0029685246543926
06-19-2021,195.17,277.27,-3.0,11.0,160.0,-6.0,-13.0,-1.0,0.025,1e-05,0.025,1e-05,0.025,1e-05,0.025,1e-05,0.025,1e-05,0.025,1e-05,8882190,1021038,26372,1020974,26370,0.1149534067611703,0.0029690875786264,0.114946201330978,0.0029688624089329
06-20-2021,154.61,186.24,1.0,6.0,173.0,-7.0,-14.0,-2.0,0.025,1e-05,0.025,1e-05,0.025,1e-05,0.025,1e-05,0.025,1e-05,0.025,1e-05,8882190,1021182,26374,1021182,26374,0.1149696189791031,0.0029693127483199,0.1149696189791031,0.0029693127483199
06-21-2021,159.06,202.18,1.0,4.0,96.0,-30.0,-36.0,8.0,0.025,1e-05,0.025,1e-05,0.025,1e-05,0.025,1e-05,0.025,1e-05,0.025,1e-05,8882190,1021308,26377,1021308,26377,0.1149838046697942,0.0029696505028602,0.1149838046697942,0.0029696505028602
06-22-2021,152.11,183.34,-4.0,4.0,25.0,-32.0,-36.0,10.0,0.025,1e-05,0.025,1e-05,0.025,1e-05,0.025,1e-05,0.025,1e-05,0.025,1e-05,8882190,1021554,26392,1021554,26392,0.115011500542096,0.0029713392755615,0.115011500542096,0.0029713392755615
06-23-2021,166.13,212.72,4.0,8.0,135.0,-27.0,-36.0,7.0,0.025,1e-05,0.025,1e-05,0.025,1e-05,0.025,1e-05,0.025,1e-05,0.025,1e-05,8882190,1021822,26410,1021822,26410,0.1150416732810264,0.0029733658028031,0.1150416732810264,0.0029733658028031
06-24-2021,174.24,222.88,3.0,10.0,138.0,-26.0,-37.0,7.0,0.025,1e-05,0.025,1e-05,0.025,1e-05,0.025,1e-05,0.025,1e-05,0.025,1e-05,8882190,1022094,26416,1022094,26416,0.1150722963593438,0.0029740413118836,0.1150722963593438,0.0029740413118836
06-25-2021,196.64,256.91,-4.0,6.0,116.0,-24.0,-36.0,7.0,0.025,1e-05,0.025,1e-05,0.025,1e-05,0.025,1e-05,0.025,1e-05,0.025,1e-05,8882190,1022443,26428,1022443,26428,0.1151115884708613,0.0029753923300447,0.1151115884708613,0.0029753923300447
06-26-2021,194.61,273.14,-5.0,5.0,157.0,-5.0,-12.0,-1.0,0.025,1e-05,0.025,1e-05,0.025,1e-05,0.025,1e-05,0.025,1e-05,0.025,1e-05,8882190,1022680,26434,1022680,26434,0.1151382710795423,0.0029760678391252,0.1151382710795423,0.0029760678391252
06-27-2021,160.74,208.54,-3.0,1.0,161.0,-6.0,-12.0,-1.0,0.025,1e-05,0.025,1e-05,0.025,1e-05,0.025,1e-05,0.025,1e-05,0.025,1e-05,8882190,1022830,26437,1022830,26437,0.1151551588065556,0.0029764055936655,0.1151551588065556,0.0029764055936655
06-28-2021,163.54,208.95,2.0,6.0,98.0,-29.0,-39.0,7.0,0.025,1e-05,0.025,1e-05,0.025,1e-05,0.025,1e-05,0.025,1e-05,0.025,1e-05,8882190,1022977,26438,1022978,26438,0.1151717087790285,0.0029765181785122,0.1151718213638753,0.0029765181785122
06-29-2021,166.55,210.16,-3.0,4.0,81.0,-32.0,-40.0,7.0,0.025,1e-05,0.025,1e-05,0.025,1e-05,0.025,1e-05,0.025,1e-05,0.025,1e-05,8882190,1023200,26444,1023200,26444,0.1151968151998549,0.0029771936875928,0.1151968151998549,0.0029771936875928
06-30-2021,167.83,206.84,1.0,7.0,86.0,-28.0,-38.0,8.0,0.025,1e-05,0.025,1e-05,0.025,1e-05,0.025,1e-05,0.025,1e-05,0.025,1e-05,8882190,1023395,26457,1023395,26457,0.1152187692449722,0.0029786572906006,0.1152187692449722,0.0029786572906006
07-01-2021,164.17,194.53,-3.0,7.0,44.0,-27.0,-38.0,10.0,0.025,1e-05,0.025,1e-05,0.025,1e-05,0.025,1e-05,0.025,1e-05,0.025,1e-05,8882190,1023613,26462,1023613,26462,0.1152433127415648,0.0029792202148344,0.1152433127415648,0.0029792202148344
07-02-2021,184.39,239.7,-3.0,10.0,61.0,-24.0,-39.0,10.0,0.025,1e-05,0.025,1e-05,0.025,1e-05,0.025,1e-05,0.025,1e-05,0.025,1e-05,8882190,1023923,26467,1023923,26467,0.1152782140440589,0.0029797831390681,0.1152782140440589,0.0029797831390681
07-03-2021,165.63,247.81,-6.0,10.0,95.0,-10.0,-17.0,1.0,0.025,1e-05,0.025,1e-05,0.025,1e-05,0.025,1e-05,0.025,1e-05,0.025,1e-05,8882190,1024113,26472,1024113,26472,0.1152996051649424,0.0029803460633019,0.1152996051649424,0.0029803460633019
07-04-2021,149.96,262.77,-9.0,2.0,248.0,-6.0,-22.0,-3.0,0.025,1e-05,0.025,1e-05,0.025,1e-05,0.025,1e-05,0.025,1e-05,0.025,1e-05,8882190,1024225,26473,1024225,26473,0.115312214667779,0.0029804586481487,0.115312214667779,0.0029804586481487
07-05-2021,163.57,214.47,7.0,7.0,192.0,-32.0,-71.0,15.0,0.025,1e-05,0.025,1e-05,0.025,1e-05,0.025,1e-05,0.025,1e-05,0.025,1e-05,8882190,1024311,26477,1024311,26477,0.1153218969645999,0.0029809089875357,0.1153218969645999,0.0029809089875357
07-06-2021,163.68,207.07,-3.0,7.0,79.0,-27.0,-39.0,9.0,0.025,1e-05,0.025,1e-05,0.025,1e-05,0.025,1e-05,0.025,1e-05,0.025,1e-05,8882190,1024465,26477,1024465,26477,0.1153392350310002,0.0029809089875357,0.1153392350310002,0.0029809089875357
07-07-2021,167.86,214.99,1.0,9.0,104.0,-25.0,-38.0,8.0,0.025,1e-05,0.025,1e-05,0.025,1e-05,0.025,1e-05,0.025,1e-05,0.025,1e-05,8882190,1024748,26490,1024748,26490,0.1153710965426319,0.0029823725905435,0.1153710965426319,0.0029823725905435
07-08-2021,168.57,200.63,-4.0,6.0,62.0,-28.0,-38.0,10.0,0.025,1e-05,0.025,1e-05,0.025,1e-05,0.025,1e-05,0.025,1e-05,0.025,1e-05,8882190,1025079,26493,1025079,26493,0.1154083621269078,0.0029827103450838,0.1154083621269078,0.0029827103450838
07-09-2021,186.64,240.38,-7.0,4.0,71.0,-28.0,-37.0,10.0,0.025,1e-05,0.025,1e-05,0.025,1e-05,0.025,1e-05,0.025,1e-05,0.025,1e-05,8882190,1025477,26496,1025477,26496,0.1154531708959164,0.002983048099624,0.1154531708959164,0.002983048099624
07-10-2021,194.24,274.57,-4.0,6.0,184.0,-2.0,-12.0,-1.0,0.025,1e-05,0.025,1e-05,0.025,1e-05,0.025,1e-05,0.025,1e-05,0.025,1e-05,8882190,1025788,26501,1025788,26501,0.1154881847832572,0.0029836110238578,0.1154881847832572,0.0029836110238578
07-11-2021,149.41,194.07,-4.0,1.0,143.0,-9.0,-12.0,0.0,0.025,1e-05,0.025,1e-05,0.025,1e-05,0.025,1e-05,0.025,1e-05,0.025,1e-05,8882190,1026071,26505,1026071,26505,0.1155200462948889,0.0029840613632448,0.1155200462948889,0.0029840613632448
07-12-2021,154.6,195.47,-3.0,3.0,66.0,-30.0,-38.0,9.0,0.025,1e-05,0.025,1e-05,0.025,1e-05,0.025,1e-05,0.025,1e-05,0.025,1e-05,8882190,1026286,26509,1026286,26509,0.1155442520369413,0.0029845117026318,0.1155442520369413,0.0029845117026318
07-13-2021,159.46,203.17,0.0,9.0,86.0,-28.0,-37.0,8.0,0.025,1e-05,0.025,1e-05,0.025,1e-05,0.025,1e-05,0.025,1e-05,0.025,1e-05,8882190,1026649,26516,1026649,26516,0.1155851203363134,0.0029852997965591,0.1155851203363134,0.0029852997965591
07-14-2021,164.5,205.6,1.0,7.0,104.0,-26.0,-36.0,8.0,0.025,1e-05,0.025,1e-05,0.025,1e-05,0.025,1e-05,0.025,1e-05,0.025,1e-05,8882190,1027014,26527,1027014,26527,0.115626213805379,0.0029865382298734,0.115626213805379,0.0029865382298734
07-15-2021,175.9,217.31,3.0,10.0,125.0,-24.0,-37.0,7.0,0.025,1e-05,0.025,1e-05,0.025,1e-05,0.025,1e-05,0.025,1e-05,0.025,1e-05,8882190,1027460,26529,1027460,26529,0.1156764266470318,0.0029867633995669,0.1156764266470318,0.0029867633995669
07-16-2021,196.01,257.66,-4.0,6.0,102.0,-24.0,-36.0,8.0,0.025,1e-05,0.025,1e-05,0.025,1e-05,0.025,1e-05,0.025,1e-05,0.025,1e-05,8882190,1027954,26531,1027954,26531,0.1157320435613289,0.0029869885692605,0.1157320435613289,0.0029869885692605
07-17-2021,189.58,253.84,-7.0,2.0,126.0,-9.0,-13.0,0.0,0.025,1e-05,0.025,1e-05,0.025,1e-05,0.025,1e-05,0.025,1e-05,0.025,1e-05,8882190,1028503,26536,1028503,26536,0.1157938526421974,0.0029875514934942,0.1157938526421974,0.0029875514934942
07-18-2021,154.52,200.58,0.0,3.0,149.0,-8.0,-12.0,0.0,0.025,1e-05,0.025,1e-05,0.025,1e-05,0.025,1e-05,0.025,1e-05,0.025,1e-05,8882190,1028931,26539,1028931,26539,0.1158420389566086,0.0029878892480345,0.1158420389566086,0.0029878892480345
07-19-2021,162.05,205.98,3.0,8.0,113.0,-26.0,-38.0,8.0,0.025,1e-05,0.025,1e-05,0.025,1e-05,0.025,1e-05,0.025,1e-05,0.025,1e-05,8882190,1029243,26545,1029243,26545,0.1158771654287962,0.002988564757115,0.1158771654287962,0.002988564757115
07-20-2021,165.04,207.29,1.0,9.0,118.0,-27.0,-37.0,7.0,0.025,1e-05,0.025,1e-05,0.025,1e-05,0.025,1e-05,0.025,1e-05,0.025,1e-05,8882190,1029901,26557,1029901,26557,0.1159512462579611,0.0029899157752761,0.1159512462579611,0.0029899157752761
07-21-2021,160.9,199.13,0.0,6.0,94.0,-27.0,-36.0,8.0,0.025,1e-05,0.025,1e-05,0.025,1e-05,0.025,1e-05,0.025,1e-05,0.025,1e-05,8882190,1030600,26562,1030600,26562,0.116029943065843,0.0029904786995099,0.116029943065843,0.0029904786995099
07-22-2021,172.57,217.32,3.0,10.0,142.0,-24.0,-36.0,7.0,0.025,1e-05,0.025,1e-05,0.025,1e-05,0.025,1e-05,0.025,1e-05,0.025,1e-05,8882190,1031346,26564,1031346,26564,0.1161139313615223,0.0029907038692034,0.1161139313615223,0.0029907038692034
07-23-2021,196.08,255.85,-4.0,7.0,124.0,-22.0,-36.0,7.0,0.025,1e-05,0.025,1e-05,0.025,1e-05,0.025,1e-05,0.025,1e-05,0.025,1e-05,8882190,1032255,26568,1032255,26568,0.1162162709872227,0.0029911542085904,0.1162162709872227,0.0029911542085904
07-24-2021,198.85,278.93,-4.0,6.0,209.0,1.0,-11.0,-2.0,0.025,1e-05,0.025,1e-05,0.025,1e-05,0.025,1e-05,0.025,1e-05,0.025,1e-05,8882190,1033116,26573,1033116,26573,0.1163132065402789,0.0029917171328242,0.1163132065402789,0.0029917171328242
07-25-2021,152.78,194.18,-3.0,1.0,146.0,-7.0,-12.0,0.0,0.025,1e-05,0.025,1e-05,0.025,1e-05,0.025,1e-05,0.025,1e-05,0.025,1e-05,8882190,1033712,26575,1033712,26575,0.1163803071089449,0.0029919423025177,0.1163803071089449,0.0029919423025177
07-26-2021,158.57,204.04,1.0,7.0,108.0,-27.0,-37.0,8.0,0.025,1e-05,0.025,1e-05,0.025,1e-05,0.025,1e-05,0.025,1e-05,0.025,1e-05,8882190,1034233,26579,1034233,26579,0.1164389638141044,0.0029923926419047,0.1164389638141044,0.0029923926419047
07-27-2021,160.87,203.97,0.0,9.0,107.0,-27.0,-36.0,8.0,0.025,1e-05,0.025,1e-05,0.025,1e-05,0.025,1e-05,0.025,1e-05,0.025,1e-05,8882190,1035027,26586,1035027,26586,0.1165283561824279,0.002993180735832,0.1165283561824279,0.002993180735832
07-28-2021,161.2,201.03,2.0,8.0,121.0,-26.0,-36.0,7.0,0.025,1e-05,0.025,1e-05,0.025,1e-05,0.025,1e-05,0.025,1e-05,0.025,1e-05,8882190,1035975,26589,1035975,26589,0.1166350866171518,0.0029935184903723,0.1166350866171518,0.0029935184903723
07-29-2021,156.84,190.29,-6.0,3.0,47.0,-28.0,-37.0,10.0,0.025,1e-05,0.025,1e-05,0.025,1e-05,0.025,1e-05,0.025,1e-05,0.025,1e-05,8882190,1037052,26590,1037052,26590,0.1167563404971071,0.002993631075219,0.1167563404971071,0.002993631075219
07-30-2021,191.14,250.15,-3.0,8.0,123.0,-22.0,-36.0,7.0,0.025,1e-05,0.025,1e-05,0.025,1e-05,0.025,1e-05,0.025,1e-05,0.025,1e-05,8882190,1038171,26595,1038171,26595,0.1168823229406261,0.0029941939994528,0.1168823229406261,0.0029941939994528
07-31-2021,193.11,277.83,-3.0,7.0,209.0,2.0,-11.0,-2.0,0.025,1e-05,0.025,1e-05,0.025,1e-05,0.025,1e-05,0.025,1e-05,0.025,1e-05,8882190,1039353,26602,1039353,26602,0.1170153982294907,0.0029949820933801,0.1170153982294907,0.0029949820933801
08-01-2021,146.04,184.54,-4.0,1.0,104.0,-7.0,-12.0,1.0,0.025,1e-05,0.025,1e-05,0.025,1e-05,0.025,1e-05,0.025,1e-05,0.025,1e-05,8882190,1040281,26607,1040281,26607,0.1171198769672794,0.0029955450176138,0.1171198769672794,0.0029955450176138
08-02-2021,156.73,204.21,3.0,9.0,129.0,-26.0,-37.0,8.0,0.025,1e-05,0.025,1e-05,0.025,1e-05,0.025,1e-05,0.025,1e-05,0.025,1e-05,8882190,1041159,26606,1041159,26606,0.1172187264627304,0.0029954324327671,0.1172187264627304,0.0029954324327671
08-03-2021,157.36,205.32,1.0,11.0,120.0,-26.0,-37.0,8.0,0.025,1e-05,0.025,1e-05,0.025,1e-05,0.025,1e-05,0.025,1e-05,0.025,1e-05,8882190,1042472,26614,1042472,26614,0.1173665503665199,0.0029963331115411,0.1173665503665199,0.0029963331115411
08-04-2021,158.27,201.72,1.0,8.0,101.0,-25.0,-36.0,8.0,0.025,1e-05,0.025,1e-05,0.025,1e-05,0.025,1e-05,0.025,1e-05,0.025,1e-05,8882190,1043702,26625,1043702,26625,0.1175050297280287,0.0029975715448554,0.1175050297280287,0.0029975715448554
08-05-2021,160.71,204.77,2.0,10.0,122.0,-24.0,-36.0,7.0,0.025,1e-05,0.025,1e-05,0.025,1e-05,0.025,1e-05,0.025,1e-05,0.025,1e-05,8882190,1045168,26629,1045168,26629,0.1176700791133718,0.0029980218842425,0.1176700791133718,0.0029980218842425
08-06-2021,189.43,249.47,-5.0,6.0,116.0,-23.0,-36.0,8.0,0.025,1e-05,0.025,1e-05,0.025,1e-05,0.025,1e-05,0.025,1e-05,0.025,1e-05,8882190,1046514,26636,1046514,26636,0.1178216183171042,0.0029988099781697,0.1178216183171042,0.0029988099781697
08-07-2021,182.27,256.99,-6.0,5.0,171.0,-4.0,-12.0,-1.0,0.025,1e-05,0.025,1e-05,0.025,1e-05,0.025,1e-05,0.025,1e-05,0.025,1e-05,8882190,1048053,26645,1048053,26645,0.1179948863962603,0.0029998232417905,0.1179948863962603,0.0029998232417905
08-08-2021,148.96,187.83,-3.0,1.0,123.0,-8.0,-12.0,0.0,0.025,1e-05,0.025,1e-05,0.025,1e-05,0.025,1e-05,0.025,1e-05,0.025,1e-05,8882190,1049222,26650,1049222,26650,0.1181264980821171,0.0030003861660243,0.1181264980821171,0.0030003861660243
08-09-2021,153.38,198.15,0.0,6.0,103.0,-27.0,-38.0,8.0,0.025,1e-05,0.025,1e-05,0.025,1e-05,0.025,1e-05,0.025,1e-05,0.025,1e-05,8882190,1050083,26650,1050083,26650,0.1182234336351733,0.0030003861660243,0.1182234336351733,0.0030003861660243
08-10-2021,153.75,196.46,-3.0,6.0,76.0,-28.0,-37.0,9.0,0.025,1e-05,0.025,1e-05,0.025,1e-05,0.025,1e-05,0.025,1e-05,0.025,1e-05,8882190,1051712,26659,1051712,26659,0.1184068343505374,0.0030013994296451,0.1184068343505374,0.0030013994296451
08-11-2021,159.98,198.02,-1.0,5.0,90.0,-27.0,-37.0,8.0,0.025,1e-05,0.025,1e-05,0.025,1e-05,0.025,1e-05,0.025,1e-05,0.025,1e-05,8882190,1053398,26665,1053398,26665,0.1185966524021665,0.0030020749387256,0.1185966524021665,0.0030020749387256
08-12-2021,166.24,207.02,-1.0,8.0,93.0,-26.0,-37.0,8.0,0.025,1e-05,0.025,1e-05,0.025,1e-05,0.025,1e-05,0.025,1e-05,0.025,1e-05,8882190,1055252,26672,1055252,26672,0.1188053847080506,0.0030028630326529,0.1188053847080506,0.0030028630326529
08-13-2021,189.55,245.96,-6.0,5.0,88.0,-24.0,-37.0,8.0,0.025,1e-05,0.025,1e-05,0.025,1e-05,0.025,1e-05,0.025,1e-05,0.025,1e-05,8882190,1057096,26681,1057096,26681,0.119012991165467,0.0030038762962737,0.119012991165467,0.0030038762962737
08-14-2021,181.24,259.64,-5.0,5.0,152.0,-3.0,-13.0,-1.0,0.025,1e-05,0.025,1e-05,0.025,1e-05,0.025,1e-05,0.025,1e-05,0.025,1e-05,8882190,1059660,26692,1059660,26692,0.1193016587125472,0.003005114729588,0.1193016587125472,0.003005114729588
08-15-2021,156.89,206.6,-1.0,2.0,185.0,-1.0,-12.0,-1.0,0.025,1e-05,0.025,1e-05,0.025,1e-05,0.025,1e-05,0.025,1e-05,0.025,1e-05,8882190,1060934,26695,1060934,26695,0.1194450918073132,0.0030054524841283,0.1194450918073132,0.0030054524841283
08-16-2021,155.21,200.75,1.0,6.0,103.0,-26.0,-39.0,8.0,0.025,1e-05,0.025,1e-05,0.025,1e-05,0.025,1e-05,0.025,1e-05,0.025,1e-05,8882190,1062238,26696,1062238,26696,0.1195919024474819,0.0030055650689751,0.1195919024474819,0.0030055650689751
08-17-2021,154.78,199.33,0.0,8.0,90.0,-28.0,-38.0,8.0,0.025,1e-05,0.025,1e-05,0.025,1e-05,0.025,1e-05,0.025,1e-05,0.025,1e-05,8882190,1064059,26715,1064059,26715,0.119796919453423,0.0030077041810634,0.119796919453423,0.0030077041810634
08-18-2021,157.32,201.34,0.0,6.0,92.0,-26.0,-37.0,8.0,0.025,1e-05,0.025,1e-05,0.025,1e-05,0.025,1e-05,0.025,1e-05,0.025,1e-05,8882190,1065736,26721,1065736,26721,0.1199857242414314,0.0030083796901439,0.1199857242414314,0.0030083796901439
08-19-2021,164.28,212.76,0.0,7.0,96.0,-26.0,-37.0,8.0,0.025,1e-05,0.025,1e-05,0.025,1e-05,0.025,1e-05,0.025,1e-05,0.025,1e-05,8882190,1067758,26731,1067758,26731,0.1202133708015703,0.0030095055386115,0.1202133708015703,0.0030095055386115
08-20-2021,180.17,237.3,-7.0,3.0,70.0,-25.0,-37.0,9.0,0.025,1e-05,0.025,1e-05,0.025,1e-05,0.025,1e-05,0.025,1e-05,0.025,1e-05,8882190,1070698,26739,1070698,26739,0.1205443702510304,0.0030104062173855,0.1205443702510304,0.0030104062173855
08-21-2021,175.06,237.11,-7.0,5.0,118.0,-4.0,-13.0,0.0,0.025,1e-05,0.025,1e-05,0.025,1e-05,0.025,1e-05,0.025,1e-05,0.025,1e-05,8882190,1072856,26750,1072856,26750,0.120787328350328,0.0030116446506998,0.120787328350328,0.0030116446506998
08-22-2021,115.59,146.86,-21.0,-16.0,-2.0,-31.0,-18.0,6.0,0.025,1e-05,0.025,1e-05,0.025,1e-05,0.025,1e-05,0.025,1e-05,0.025,1e-05,8882190,1074306,26752,1074306,26752,0.1209505763781229,0.0030118698203933,0.1209505763781229,0.0030118698203933
08-23-2021,148.69,189.42,-1.0,4.0,57.0,-30.0,-40.0,10.0,0.025,1e-05,0.025,1e-05,0.025,1e-05,0.025,1e-05,0.025,1e-05,0.025,1e-05,8882190,1075930,26755,1075930,26755,0.1211334141692533,0.0030122075749336,0.1211334141692533,0.0030122075749336
08-24-2021,160.78,213.55,0.0,7.0,97.0,-26.0,-38.0,7.0,0.025,1e-05,0.025,1e-05,0.025,1e-05,0.025,1e-05,0.025,1e-05,0.025,1e-05,8882190,1077787,26775,1077787,26775,0.1213424842296776,0.0030144592718687,0.1213424842296776,0.0030144592718687
08-25-2021,162.2,213.97,2.0,6.0,102.0,-25.0,-37.0,7.0,0.025,1e-05,0.025,1e-05,0.025,1e-05,0.025,1e-05,0.025,1e-05,0.025,1e-05,8882190,1079900,26796,1079900,26796,0.1215803760108712,0.0030168235536506,0.1215803760108712,0.0030168235536506
08-26-2021,165.29,220.1,0.0,7.0,94.0,-25.0,-38.0,8.0,0.025,1e-05,0.025,1e-05,0.025,1e-05,0.025,1e-05,0.025,1e-05,0.025,1e-05,8882190,1081954,26807,1081954,26807,0.1218116252861062,0.0030180619869649,0.1218116252861062,0.0030180619869649
08-27-2021,183.29,250.79,-8.0,2.0,61.0,-26.0,-37.0,9.0,0.025,1e-05,0.025,1e-05,0.025,1e-05,0.025,1e-05,0.025,1e-05,0.025,1e-05,8882190,1084546,26826,1084546,26826,0.1221034452088955,0.0030202010990532,0.1221034452088955,0.0030202010990532
08-28-2021,169.12,255.43,-7.0,2.0,88.0,-10.0,-12.0,1.0,0.025,1e-05,0.025,1e-05,0.025,1e-05,0.025,1e-05,0.025,1e-05,0.025,1e-05,8882190,1086480,26844,1086480,26844,0.1223211843025199,0.0030222276262948,0.1223211843025199,0.0030222276262948
08-29-2021,145.13,197.76,-4.0,-1.0,113.0,-7.0,-12.0,1.0,0.025,1e-05,0.025,1e-05,0.025,1e-05,0.025,1e-05,0.025,1e-05,0.025,1e-05,8882190,1088330,26849,1088330,26849,0.1225294662690169,0.0030227905505286,0.1225294662690169,0.0030227905505286
08-30-2021,148.34,218.53,0.0,5.0,72.0,-29.0,-38.0,9.0,0.025,1e-05,0.025,1e-05,0.025,1e-05,0.025,1e-05,0.025,1e-05,0.025,1e-05,8882190,1089838,26864,1089838,26864,0.1226992442179237,0.0030244793232299,0.1226992442179237,0.0030244793232299
08-31-2021,153.7,226.37,1.0,11.0,88.0,-27.0,-37.0,8.0,0.025,1e-05,0.025,1e-05,0.025,1e-05,0.025,1e-05,0.025,1e-05,0.025,1e-05,8882190,1091966,26882,1091966,26882,0.1229388247718186,0.0030265058504715,0.1229388247718186,0.0030265058504715
