date,South Carolina-apple-driving,South Carolina-apple-walking,South Carolina-google-retail_and_recreation,South Carolina-google-grocery_and_pharmacy,South Carolina-google-parks,South Carolina-google-transit_stations,South Carolina-google-workplaces,South Carolina-google-residential,South Carolina-jh_beta_7,South Carolina-jh_gamma_7,South Carolina-cdc_beta_7,South Carolina-cdc_gamma_7,South Carolina-jh_beta_14,South Carolina-jh_gamma_14,South Carolina-cdc_beta_14,South Carolina-cdc_gamma_14,South Carolina-jh_beta_30,South Carolina-jh_gamma_30,South Carolina-cdc_beta_30,South Carolina-cdc_gamma_30,South Carolina-census_pop,South Carolina-jh_confirmed,South Carolina-jh_death,South Carolina-cdc_confirmed,South Carolina-cdc_death,South Carolina-jh_confirmed_ratio,South Carolina-jh_death_ratio,South Carolina-cdc_confirmed_ratio,South Carolina-cdc_death_ratio
01-01-2021,98.17,114.52,-42.0,-31.0,-23.0,-43.0,-72.0,24.0,0.0250000003423887,2.257347441986399e-05,0.0250000004405049,2.6354470806738768e-05,0.0250000022724285,5.191832789592052e-05,0.0250000028185809,6.208918142134168e-05,0.025000010342124,9.61585259475187e-05,0.0250000114260008,0.0001046393165932,5148714,307507,5296,323250,5531,0.0597250109444805,0.0010286063665606,0.0627826676719662,0.0010742488318442
01-02-2021,134.28,139.16,-17.0,-10.0,-11.0,-1.0,-20.0,8.0,0.0250000003934412,2.4938117520214677e-05,0.0250000004132156,2.4414589406552777e-05,0.0250000023078689,5.273809056189279e-05,0.0250000425322087,0.0001240946703918,0.0250000100653174,9.367816290813584e-05,0.0250000114073427,0.0001039620059953,5148714,312718,5385,329059,5598,0.0607371083342364,0.0010458922363914,0.0639109105691246,0.0010872617900314
01-03-2021,108.63,101.16,-13.0,-8.0,0.0,17.0,-17.0,6.0,0.0250000003335493,2.2069092827032365e-05,0.0250000005251342,2.8543656227638846e-05,0.0250000024747049,5.573088260483499e-05,0.0250000474707577,0.0001321156756458,0.0250000101927963,9.470166739632844e-05,0.0250000116837184,0.0001060311674418,5148714,321669,5469,334312,5643,0.0624756007033989,0.0010622069899396,0.0649311653356546,0.0010960018365751
01-04-2021,119.38,115.71,-8.0,-2.0,-9.0,-10.0,-26.0,8.0,0.0250000004028751,2.4340184815507503e-05,0.0250000006230686,3.2554961163222804e-05,0.0250000025785474,5.703604110819377e-05,0.0250000478345744,0.0001332155589861,0.0250000102315145,9.473945784684835e-05,0.0250000118273751,0.0001070200474731,5148714,325472,5484,338195,5680,0.0632142317479665,0.0010651203387875,0.0656853342407444,0.0011031880970665
01-05-2021,123.8,118.59,-10.0,-2.0,-15.0,-10.0,-27.0,9.0,0.0250000004638952,2.6862690370240075e-05,0.0250000006744195,3.501269369864187e-05,0.0250000027317545,5.984229136164727e-05,0.0250000512130055,0.0001395198970357,0.0250000103628469,9.585327530415976e-05,0.0250000120964511,0.0001093190700179,5148714,328073,5498,341611,5707,0.0637194064381902,0.0010678394643788,0.0663488008850365,0.0011084321249927
01-06-2021,116.59,117.88,-14.0,-7.0,-21.0,-15.0,-27.0,10.0,0.0250000004881193,2.820519822580261e-05,0.0250000007032752,3.678477305797173e-05,0.0250000029440858,6.427581845035533e-05,0.0250000554697744,0.000147947142254,0.0250000100091852,9.254978346465684e-05,0.0250000118795581,0.0001072091031604,5148714,333235,5582,347096,5812,0.0647219868883764,0.001084154217927,0.0674141154470805,0.0011288255669279
01-07-2021,119.61,119.03,-16.0,-6.0,-27.0,-16.0,-27.0,10.0,0.0250000004930415,2.8278577111781963e-05,0.0250000007127931,3.70629125905174e-05,0.0250000029460888,6.385551286406056e-05,0.0250000525630512,0.0001453192476184,0.0250000103471976,9.550298165400974e-05,0.0250000123816476,0.0001115810613437,5148714,338112,5661,352666,5915,0.0656692137104527,0.0010994978551925,0.0684959389859293,0.0011488305623501
01-08-2021,126.09,130.7,-23.0,-13.0,-43.0,-25.0,-28.0,12.0,0.0250000005290074,2.9446836395817465e-05,0.0250000007505498,3.809398748281093e-05,0.0250000380363166,0.0001218701183289,0.0250000596548624,0.0001571229938865,0.0250000108700437,0.0001000349599677,0.0250000130470317,0.0001172777533509,5148714,344176,5695,360358,5963,0.0668469835380252,0.0011061014459144,0.0699899042751257,0.0011581532786633
01-09-2021,129.55,146.79,-16.0,-7.0,-15.0,-21.0,-10.0,6.0,0.0250000006382926,3.402993693360832e-05,0.0250000006851094,3.5084598585889383e-05,0.0250000471251454,0.0001372217618349,0.0250000519768257,0.0001472275316629,0.0250000110230068,0.0001012202658448,0.0250000133337491,0.0001195881131601,5148714,350084,5758,366811,6055,0.0679944545375796,0.0011183375110755,0.0712432269494868,0.0011760218182637
01-10-2021,97.57,99.42,-16.0,-7.0,-19.0,-13.0,-16.0,6.0,0.0250000005792461,3.141556317380431e-05,0.0250000007202873,3.615596152713493e-05,0.0250000400316032,0.0001261922910911,0.0250000589628596,0.0001602968143167,0.0250000114088501,0.000104533372589,0.0250000138584628,0.0001240283559532,5148714,354525,5811,374271,6112,0.0688570000198107,0.0011286313436714,0.0726921324431693,0.0011870925438857
01-11-2021,112.79,115.71,-16.0,-7.0,-26.0,-20.0,-24.0,9.0,0.0250000005323425,2.934258027449053e-05,0.0250000007896111,3.9049537490642046e-05,0.0250000396707553,0.0001295103644776,0.0250000634519878,0.000171712565925,0.0250000112478629,0.0001028406614538,0.025000013795076,0.0001231818070761,5148714,357654,5826,378581,6135,0.06946472458948,0.0011315446925193,0.0735292346787955,0.0011915596787858
01-12-2021,114.72,114.92,-15.0,-5.0,-22.0,-17.0,-26.0,10.0,0.0250000005949177,3.236943119071672e-05,0.0250000008358803,4.157979625236253e-05,0.0250000429228562,0.0001375787970571,0.0250000667445212,0.0001797373719926,0.0250000115601067,0.0001058188046944,0.0250000142130694,0.0001271182354611,5148714,359357,5860,382248,6179,0.0697954867953434,0.0011381482832412,0.0742414513604756,0.0012001055020729
01-13-2021,116.94,120.72,-18.0,-10.0,-25.0,-18.0,-26.0,9.0,0.025000000650002,3.512348217377155e-05,0.0250000008921205,4.456888783020801e-05,0.0250000440643999,0.0001426059011392,0.0250000678834584,0.0001860688813183,0.0250000112250735,0.0001027584510094,0.0250000140228129,0.0001254305388715,5148714,365378,5911,387454,6258,0.0709649050228853,0.001148053669324,0.0752525776339489,0.0012154491393384
01-14-2021,123.89,124.59,-18.0,-11.0,-15.0,-15.0,-27.0,9.0,0.0250000005626775,3.15901353196927e-05,0.0250000007950178,4.055806087674307e-05,0.0250000411435387,0.0001398962912404,0.0250000639726519,0.0001840790503105,0.0250000115796317,0.0001061345509292,0.0250000145325125,0.000130207045891,5148714,371180,5934,392749,6330,0.072091788357248,0.0011525208042241,0.0762809897772531,0.0012294332138083
01-15-2021,143.61,148.61,-20.0,-13.0,-28.0,-18.0,-27.0,9.0,0.0250000004686152,2.782429228396054e-05,0.0250000007115725,3.6828537852048896e-05,0.0250000375031644,0.0001369047945632,0.0250000584314565,0.0001806594151543,0.0250000119992049,0.0001102593175777,0.0250000151384134,0.0001358756259965,5148714,375967,6037,396090,6435,0.073021535086237,0.0011725257996462,0.0769298896773058,0.0012498266557435
01-16-2021,136.61,166.5,-19.0,-9.0,-14.0,-21.0,-13.0,6.0,0.0250000005313142,2.990575723506454e-05,0.0250000007977908,3.981715484879048e-05,0.0250000449295586,0.0001517612231786,0.0250000485950914,0.0001673719601103,0.0250000119208952,0.0001094454135602,0.0250000152253878,0.0001365676608454,5148714,382422,6108,402658,6532,0.0742752462071111,0.0011863156508596,0.0782055480261673,0.0012686663116265
01-17-2021,104.22,114.15,-18.0,-11.0,-16.0,-17.0,-19.0,6.0,0.025000000542562,2.9744017388497836e-05,0.0250000007978183,3.9051444399331234e-05,0.0250000372027854,0.0001391449835454,0.0250000452899347,0.0001661064731433,0.0250000119023727,0.0001091220969027,0.0250000153481265,0.0001374946970481,5148714,388184,6237,408732,6677,0.0753943606112128,0.0012113704509514,0.079385260086305,0.0012968286838227
01-18-2021,122.06,118.12,-15.0,-11.0,-4.0,-17.0,-42.0,12.0,0.0250000006340271,3.247411015556449e-05,0.0250000009419735,4.401048714821646e-05,0.0250000312791062,0.0001298781753381,0.0250000467302316,0.0001739563597203,0.0250000121152405,0.0001108552674737,0.0250000157077539,0.000140600787962,5148714,391464,6248,412958,6695,0.0760314128926174,0.0012135069067732,0.0802060475683831,0.0013003247024402
01-19-2021,115.63,115.98,-17.0,-7.0,-13.0,-15.0,-26.0,9.0,0.0250000007560917,3.7669376082656e-05,0.0250000010931177,5.069774085409492e-05,0.0250000341080135,0.0001402313964904,0.0250000475924028,0.0001822792084399,0.0250000123832551,0.0001133158474935,0.0250000161108596,0.0001443734174827,5148714,394318,6259,416125,6716,0.0765857260667421,0.001215643362595,0.0808211526218003,0.0013044033908273
01-20-2021,114.26,114.58,-19.0,-12.0,-15.0,-17.0,-26.0,9.0,0.025000000785099,3.963786477595615e-05,0.0250000011365836,5.358316302334926e-05,0.0250000361839594,0.0001494771338132,0.0250000477455267,0.0001913844700219,0.0250000123803922,0.0001133834469627,0.0250000161728982,0.0001451385581211,5148714,399843,6328,419634,6812,0.0776588095590471,0.0012290447672952,0.0815026820289493,0.0013230488234537
01-21-2021,119.85,115.2,-20.0,-12.0,-25.0,-17.0,-26.0,10.0,0.0250000007965966,4.056209121973099e-05,0.0250000011226966,5.345374975905992e-05,0.0250000302234996,0.0001391258212023,0.0250000395542426,0.000179872177557,0.0250000126114526,0.0001155820861675,0.025000016552489,0.0001487660571254,5148714,404492,6373,424533,6880,0.0785617534786356,0.0012377848138389,0.0824541817626692,0.0013362560048975
01-22-2021,137.92,141.48,-19.0,-10.0,-24.0,-19.0,-24.0,8.0,0.0250000008679189,4.401492827393558e-05,0.0250000011231089,5.378656235928072e-05,0.0250000254781602,0.0001302064905586,0.0250000325696607,0.000169056239303,0.0250000130056933,0.0001194066592018,0.025000017063327,0.0001536970810219,5148714,409188,6404,429482,6921,0.0794738258912808,0.0012438057347912,0.0834153926592154,0.001344219158415
01-23-2021,135.49,161.19,-17.0,-9.0,7.0,-20.0,-10.0,5.0,0.025000000722591,3.8216939321780976e-05,0.0250000010066697,4.920650073460214e-05,0.025000023307898,0.0001321064223207,0.0250000271047669,0.0001703586985736,0.0250000127549225,0.0001173802875993,0.0250000168778622,0.0001523682491178,5148714,413789,6479,434149,7006,0.080367447094556,0.0012583724790306,0.0843218325974214,0.0013607281352197
01-24-2021,97.59,93.75,-19.0,-11.0,-11.0,-15.0,-16.0,5.0,0.0250000006855781,3.6412654633188304e-05,0.0250000009397826,4.61744535950444e-05,0.025000019966065,0.0001274529301953,0.0250000213255224,0.0001619863203259,0.0250000131060996,0.0001208829835164,0.0250000172878989,0.0001565491422908,5148714,418325,6547,438819,7080,0.081248443786157,0.0012715796604744,0.0852288552053969,0.0013751006562026
01-25-2021,111.19,106.82,-20.0,-13.0,-19.0,-20.0,-24.0,9.0,0.0250000005142889,2.8614551858193184e-05,0.0250000007500032,3.768805299209383e-05,0.0250000182291786,0.0001265582575017,0.0250000164029796,0.0001620839844164,0.0250000138239503,0.0001275816095582,0.0250000167500664,0.0001518349442224,5148714,421417,6552,442198,7093,0.0818489820953348,0.001272550776757,0.0858851355891976,0.0013776255585375
01-26-2021,114.82,108.52,-18.0,-11.0,-20.0,-17.0,-25.0,9.0,0.0250000005947,3.232650007822998e-05,0.025000000843878,4.219664253184535e-05,0.0250000177596965,0.0001339809157841,0.02500000777539,0.0001609350929366,0.0250000131957909,0.0001220169580261,0.025000017100223,0.0001557257935655,5148714,423667,6578,444569,7127,0.0822859844225179,0.0012776005814267,0.0863456389304203,0.0013842291492594
01-27-2021,112.04,105.91,-20.0,-14.0,-34.0,-19.0,-26.0,10.0,0.0250000006594414,3.55796022696272e-05,0.0250000009094588,4.568027425045033e-05,0.0250000166915103,0.000136198430981,0.0250000079252242,0.0001654674007588,0.0250000130174979,0.0001211599630208,0.025000017283949,0.0001583399081194,5148714,427231,6673,448182,7231,0.0829781961087759,0.0012960517907966,0.087047367556248,0.001404428367938
01-28-2021,123.1,119.57,-17.0,-11.0,-20.0,-15.0,-25.0,9.0,0.0250000006297809,3.399543170452544e-05,0.025000000825935,4.182282271642106e-05,0.0250000138689636,0.0001341455489468,0.0250000078311431,0.0001638420803156,0.0250000133465492,0.0001244703736332,0.0250000175826788,0.0001615244139481,5148714,431169,6903,452635,7298,0.0837430472929745,0.0013407231397976,0.0879122437175574,0.0014174413261253
01-29-2021,143.81,147.69,-16.0,-11.0,-19.0,-16.0,-24.0,8.0,0.025000000830254,4.0258270894165376e-05,0.0250000008265984,4.151859647147061e-05,0.0250000141111239,0.0001449760580898,0.0250000078180505,0.0001637265188704,0.0250000137810247,0.000128176041459,0.0250000178027163,0.0001640624924563,5148714,435633,6942,456784,7346,0.0846100599101057,0.0013482978468021,0.088718076008883,0.0014267640424385
01-30-2021,138.26,159.45,-14.0,-7.0,-6.0,-16.0,-9.0,5.0,0.0250000010120202,4.713137217013842e-05,0.0250000008877482,4.407834454771029e-05,0.0250000061788002,0.0001272451049979,0.0250000073804721,0.0001544614105986,0.0250000138341715,0.0001284241765633,0.0250000176047148,0.0001626880661846,5148714,439785,7014,460899,7424,0.0854164748712008,0.0013622819212719,0.0895173047094866,0.0014419134564475
01-31-2021,94.87,90.77,-20.0,-14.0,-47.0,-14.0,-19.0,7.0,0.0250000010602641,4.887586294743218e-05,0.0250000008436673,4.186308547724167e-05,0.0250000063526892,0.0001294822429156,0.025000007108401,0.0001483755610759,0.0250000138840178,0.0001287775432428,0.0250000172860946,0.0001602658058285,5148714,443386,7042,464490,7459,0.0861158728179502,0.0013677201724547,0.0902147604236708,0.0014487112704259
02-01-2021,113.77,104.21,-14.0,-8.0,-29.0,-20.0,-23.0,8.0,0.0250000010694745,4.9985915944544776e-05,0.0250000007997656,4.015524529186688e-05,0.0250000058023095,0.0001169826127457,0.024999999662586,0.0001185000053917,0.025000014670745,0.0001360226883127,0.0250000164256074,0.0001527780977508,5148714,445916,7283,467106,7482,0.0866072576569605,0.0014145279772774,0.0907228484627423,0.001453178405326
02-02-2021,117.06,108.45,-12.0,-6.0,-25.0,-17.0,-24.0,8.0,0.0250000832004918,0.0002104084930433,0.0250000008928169,4.488042296982482e-05,0.0250000068502484,0.0001367804857752,0.0249999966981813,0.0001250585588771,0.0250000143183019,0.0001321843323907,0.0250000159808662,0.0001494020618063,5148714,447904,7318,469036,7522,0.0869933734909338,0.0014213257912558,0.0910976993478371,0.0014609473355871
02-03-2021,120.17,113.54,-11.0,-7.0,-21.0,-17.0,-24.0,7.0,0.0250001065877321,0.0002415662694778,0.0250000009158084,4.650174883316425e-05,0.0250000077750247,0.0001553725477431,0.0249999938314453,0.0001306903214305,0.0250000137953613,0.0001273130455674,0.0250000158042549,0.0001485872850056,5148714,450794,7394,471799,7605,0.0875546787022934,0.0014360867587517,0.0916343382056179,0.0014770678658787
02-04-2021,124.01,117.43,-14.0,-9.0,-23.0,-15.0,-24.0,8.0,0.0250001022825865,0.0002382964387209,0.0250000007776936,4.0342991314486655e-05,0.0250000080971747,0.0001614709653728,0.0249999945135909,0.0001208370866074,0.0250000143417216,0.0001323409976887,0.0250000158233231,0.0001494055577136,5148714,453878,7487,474484,7703,0.088153663225419,0.0014541495216086,0.0921558276493897,0.0014961017450182
02-05-2021,142.65,145.56,-16.0,-10.0,-30.0,-19.0,-23.0,8.0,0.0250000012297888,5.63051538191526e-05,0.0250000007945351,4.024839048129702e-05,0.0250000011792102,0.0001619294627928,0.0249999937087377,0.000117959773297,0.0250000149709787,0.0001380684920952,0.0250000160190769,0.0001517347322299,5148714,459974,7553,478182,7744,0.0893376481972003,0.0014669682565393,0.0928740652520221,0.0015040648985358
02-06-2021,134.81,153.38,-16.0,-6.0,-22.0,-21.0,-10.0,5.0,0.0250000671027267,0.0001935834309869,0.0250000008417677,4.1986632626290574e-05,0.0249999957670398,0.0001723967820036,0.0249999914516799,0.0001202624985371,0.0250000146556902,0.0001350155418996,0.0250000152397605,0.0001448064698641,5148714,462981,7611,480907,7802,0.0899216775295734,0.0014782332054178,0.0934033236260549,0.0015153298474143
02-07-2021,97.17,97.16,-20.0,-5.0,-30.0,-19.0,-17.0,5.0,0.0250000656267772,0.0001941911511528,0.0250000007977501,3.991208662800964e-05,0.0249999917225852,0.0001723442158528,0.0249999918145349,0.0001134444199897,0.0250000143985628,0.000132616349458,0.0250000145002256,0.0001382240199484,5148714,466373,7651,483910,7844,0.0905804828157089,0.0014860021356789,0.0939865760654019,0.0015234872241884
02-08-2021,116.32,108.57,-16.0,-9.0,-9.0,-16.0,-23.0,7.0,0.0250000729771481,0.000208698578276,0.0250000008614292,4.2937325934827385e-05,0.0249999871030301,0.0001725828098793,0.0249999916841982,0.0001085929614792,0.0250000145374714,0.0001343639667077,0.0250000142344857,0.0001364700027569,5148714,468403,7690,485859,7886,0.0909747560264563,0.0014935768426834,0.0943651171923707,0.0015316446009624
02-09-2021,119.04,111.21,-14.0,-6.0,-12.0,-15.0,-23.0,8.0,0.0250000009205787,4.576666560371243e-05,0.0250000009446501,4.706587203819051e-05,0.0249999784936467,0.000185681298814,0.0249999880443786,0.0001162020536231,0.0250000143335052,0.0001329045156317,0.025000013574757,0.0001307459605771,5148714,470311,7693,487624,7890,0.0913453339999075,0.001494159512453,0.0947079212401388,0.0015324214939885
02-10-2021,121.41,113.59,-13.0,-7.0,-15.0,-15.0,-23.0,7.0,0.0250000009147101,4.659669101343515e-05,0.0250000009234114,4.716502615439444e-05,0.0249999716206535,0.0001922276511154,0.0249999859953442,0.000118234344911,0.0250000142358584,0.0001325795957496,0.0250000131878054,0.0001278888538966,5148714,473140,7742,489903,7941,0.091894791592619,0.0015036764520227,0.0951505560417611,0.0015423268800714
02-11-2021,128.17,122.99,-14.0,-8.0,-24.0,-12.0,-23.0,9.0,0.0250000008013196,4.222160742014563e-05,0.0250000007867018,4.163587231586046e-05,0.0249999708847388,0.0001827261613394,0.0249999889077774,0.000105776617591,0.0250000145769259,0.000136477230585,0.0250000132717506,0.0001293679913671,5148714,476287,7837,492349,7964,0.0925060121809057,0.0015221276613927,0.0956256261272232,0.0015467940149715
02-12-2021,153.09,158.72,-15.0,-7.0,-33.0,-13.0,-24.0,8.0,0.0250000006964934,3.713933212788773e-05,0.0250000005857497,3.3222952835021524e-05,0.0249999827662191,0.0001456452916864,0.0249999892986693,9.995722684754724e-05,0.0250000148181479,0.0001391622047616,0.0250000131482615,0.0001287957091954,5148714,480157,7894,495289,7990,0.0932576561836606,0.0015331983870146,0.0961966425014091,0.0015518438196411
02-13-2021,144.25,178.87,-15.0,-3.0,-41.0,-21.0,-14.0,7.0,0.0250000006792098,3.580785891693164e-05,0.0250000005515693,3.198305421642569e-05,0.0249999787093864,0.000148364726317,0.0249999887299422,9.748444280377098e-05,0.0250000146663537,0.000138438543158,0.0250000126103116,0.0001242520016368,5148714,483140,7911,497685,8008,0.093837024157877,0.0015365001823756,0.0966620014240449,0.0015553398382586
02-14-2021,110.66,119.76,-13.0,-6.0,-49.0,-14.0,-18.0,6.0,0.0250000006424753,3.426502712966401e-05,0.0250000004503031,2.782547108036755e-05,0.0249999780506115,0.0001429472155712,0.0249999905191679,8.845436381082372e-05,0.0250000147569305,0.0001402083946665,0.0250000121209221,0.0001202015810176,5148714,487293,7998,501150,8035,0.0946436333422287,0.0015533976056933,0.0973349850079068,0.0015605838661848
02-15-2021,113.59,108.02,-15.0,-10.0,-28.0,-15.0,-33.0,11.0,0.025000000704873,3.6529430524280616e-05,0.0250000003992888,2.5715252194821498e-05,0.0249999738763731,0.0001474508588259,0.0249999897255165,8.763885793609958e-05,0.0250000141323227,0.0001347339092874,0.0250000113919962,0.0001136164078934,5148714,489018,8034,502620,8037,0.0949786684597357,0.0015603896429283,0.0976204931949997,0.0015609723126978
02-16-2021,121.48,119.69,-11.0,-3.0,-6.0,-15.0,-23.0,8.0,0.025000000746436,3.840761478894776e-05,0.0250000003210244,2.2682520028529435e-05,0.0249999887729854,0.0001083223027232,0.0249999885201787,8.83013190087071e-05,0.0250000137345658,0.0001316843232618,0.0250000106068948,0.0001067130164345,5148714,490453,8055,503751,8051,0.0952573788328503,0.0015644683313153,0.0978401596981304,0.0015636914382892
02-17-2021,123.58,114.45,-12.0,-5.0,-20.0,-15.0,-22.0,8.0,0.0250000008628658,4.407148511565048e-05,0.0250000003558575,2.4545446624363032e-05,0.0249999872742963,0.0001102603754586,0.0249999889076076,8.517143204043944e-05,0.0250000127901777,0.0001232464091544,0.0250000094115019,9.566338211187436e-05,5148714,492369,8117,504880,8113,0.0956295105923537,0.0015765101732199,0.098059437754748,0.0015757332801938
02-18-2021,117.8,111.44,-21.0,-15.0,-42.0,-22.0,-25.0,12.0,0.0250000008604439,4.413238925466413e-05,0.0250000002941412,2.138120410850704e-05,0.0249999885808499,0.000104051080752,0.0249999920917941,7.440681651280322e-05,0.0250000130753463,0.0001267175966474,0.0250000094443159,9.659531873114836e-05,5148714,495044,8155,506996,8150,0.0961490578035602,0.0015838906569679,0.0984704141655566,0.0015829195406853
02-19-2021,148.32,147.75,-15.0,-9.0,-30.0,-17.0,-23.0,8.0,0.0250000007068695,3.757272874877554e-05,0.0250000003305724,2.2470401639758696e-05,0.0249999910566396,9.413850072524992e-05,0.0250000037123176,8.523936551404446e-05,0.0250000133524756,0.0001301153815173,0.0250000094780955,9.743835258901728e-05,5148714,497937,8213,509302,8208,0.0967109456846894,0.0015951556058464,0.0989182929951051,0.0015941844895638
02-20-2021,150.86,184.63,-10.0,-4.0,17.0,-11.0,-8.0,4.0,0.0250000006850371,3.648618187975943e-05,0.0250000003882223,2.426440711529017e-05,0.0249999913196165,8.939265058973634e-05,0.0250000036633245,8.350005377019379e-05,0.0250000129871843,0.0001273057674053,0.025000008869356,9.1771730826924e-05,5148714,501277,8256,511554,8248,0.0973596513614856,0.001603507205877,0.0993556837688013,0.0016019534198248
02-21-2021,111.79,108.8,-10.0,-5.0,0.0,-2.0,-14.0,4.0,0.0250000007810853,4.064690863119772e-05,0.0250000004719131,2.7470290904734952e-05,0.024999991576033,8.676633119469693e-05,0.0250000034072117,7.705962775391264e-05,0.0250000128693458,0.0001268734806397,0.025000008478448,8.829576014919283e-05,5148714,504149,8324,513478,8264,0.0979174605542277,0.0016167143873207,0.0997293693143569,0.0016050609919292
02-22-2021,118.39,109.93,-15.0,-8.0,-19.0,-15.0,-21.0,8.0,0.0250000006844465,3.605586872693022e-05,0.0250000004988414,2.8806849764372084e-05,0.0249999905314937,8.817211538881128e-05,0.025000003308097,7.448908443954647e-05,0.025000012889269,0.0001277292175072,0.0250000083040194,8.700651740807789e-05,5148714,505589,8332,514547,8272,0.0981971420436248,0.001618268173373,0.099936993975583,0.0016066147779814
02-23-2021,127.13,120.5,-8.0,-3.0,10.0,-11.0,-22.0,7.0,0.0250000006947918,3.690342565887799e-05,0.0250000005727439,3.271023014350634e-05,0.0249999896942091,8.891657504521252e-05,0.0250000031406336,7.088777413409872e-05,0.0250000124800657,0.0001243854494325,0.0250000077480679,8.190188618618101e-05,5148714,506912,8357,515545,8293,0.0984540994120085,0.0016231237547861,0.1001308287855957,0.0016106934663684
02-24-2021,132.42,130.9,-7.0,-5.0,14.0,-11.0,-22.0,6.0,0.0250000007337698,3.918536593223108e-05,0.0250000005991024,3.449141501264822e-05,0.0249999862375826,9.602511706985812e-05,0.0250000034449407,7.790310231188847e-05,0.0250000121195406,0.0001215280938882,0.0250000072844025,7.770198094253775e-05,5148714,509044,8398,516959,8337,0.0988681833949215,0.0016310869083037,0.1004054604703232,0.0016192392896556
02-25-2021,140.56,140.08,-7.0,-4.0,16.0,-7.0,-22.0,6.0,0.0250000006492677,3.580731314481784e-05,0.0250000004921716,2.9873177816699103e-05,0.0249999862389906,9.396274117004667e-05,0.0250000031828558,7.206302394969775e-05,0.0250000123528547,0.0001244674394614,0.0250000073650627,7.885389845095644e-05,5148714,511546,8443,518482,8382,0.099354129982749,0.0016398269548473,0.100701262490012,0.0016279793361992
02-26-2021,161.23,170.42,-10.0,-7.0,-13.0,-10.0,-22.0,7.0,0.0250000006510252,3.593395830371916e-05,0.0250000004854427,2.9278959521937223e-05,0.0249999898100112,8.312735634941888e-05,0.0250000033255189,7.498358327078209e-05,0.0250000124291459,0.0001257267071556,0.0250000073046576,7.847776852234476e-05,5148714,513295,8477,520134,8415,0.0996938264584127,0.0016464305455692,0.1010221193097927,0.0016343887036646
02-27-2021,163.87,207.99,-5.0,-1.0,40.0,-6.0,-9.0,2.0,0.025000000584951,3.304207015040841e-05,0.0250000004111373,2.5693095389336288e-05,0.0249999905064583,7.922945991716116e-05,0.0250000034332437,7.72171872937616e-05,0.0250000118593917,0.0001205639050774,0.0250000066548716,7.216654782341074e-05,5148714,515072,8498,521782,8436,0.100038961185259,0.0016505092339562,0.1013421992365472,0.0016384673920516
02-28-2021,121.86,126.49,-2.0,0.0,36.0,7.0,-13.0,2.0,0.0250000005493646,3.163667326182668e-05,0.0250000003813355,2.432455193052224e-05,0.0249999885984053,8.24655188604165e-05,0.0250000036138116,8.1364622338348e-05,0.0250000101299477,0.0001037684573585,0.0250000062864605,6.871762770391711e-05,5148714,516823,8546,523573,8483,0.1003790461074357,0.0016598319502695,0.1016900530889849,0.0016475958851083
03-01-2021,127.13,122.78,-7.0,-3.0,-5.0,-9.0,-20.0,6.0,0.0250000004510582,2.7164751821494095e-05,0.0250000004491868,2.7110252179415357e-05,0.0250000048825586,0.0001074693379141,0.0250000037230589,8.36874503402722e-05,0.0250000100167337,0.000103130588768,0.0250000060928295,6.695374520170236e-05,5148714,517976,8562,524606,8499,0.10060298552221,0.0016629395223739,0.101890685712976,0.0016507034572128
03-02-2021,128.06,116.91,-7.0,-3.0,-16.0,-11.0,-22.0,7.0,0.0250000005221746,3.0514290293246323e-05,0.0250000005201105,3.046614043909021e-05,0.0250000048499735,0.0001073661261626,0.0250000041097857,9.254171973559149e-05,0.0250000096196224,9.96353621860922e-05,0.0250000056554774,6.273481792259283e-05,5148714,518823,8576,525306,8511,0.1007674926204873,0.0016656586479652,0.1020266419925441,0.0016530341362911
03-03-2021,133.13,125.48,-4.0,-2.0,-13.0,-11.0,-22.0,7.0,0.0250000005185334,3.0790999482189065e-05,0.0250000005262505,3.121180814737637e-05,0.0250000049577887,0.0001106118211551,0.02500000428454,9.696769708005394e-05,0.025000009581361,9.973319253928777e-05,0.0250000055513273,6.190067087181074e-05,5148714,519996,8620,526266,8546,0.1009953165003921,0.0016742044712524,0.1022130963188089,0.0016598319502695
03-04-2021,145.34,147.31,-3.0,-1.0,14.0,-5.0,-22.0,6.0,0.025000000484325,2.929693740534816e-05,0.0250000004684025,2.8811064688981045e-05,0.0250000045667162,0.0001023609028045,0.0250000038358427,8.723562832715017e-05,0.0250000078505479,8.262847289556529e-05,0.0250000055601106,6.214693387629891e-05,5148714,521563,8660,527656,8586,0.101299664343368,0.0016819734015134,0.1024830666453798,0.0016676008805305
03-05-2021,171.86,186.42,-5.0,-2.0,4.0,-3.0,-21.0,5.0,0.0250000004488925,2.7536139661909216e-05,0.0250000004227538,2.663930966539783e-05,0.0250000045139845,0.0001013452255436,0.0250000037561594,8.542685458010002e-05,0.0250000078142117,8.253919948243962e-05,0.0250000054571788,6.119000115771118e-05,5148714,523258,8699,529135,8624,0.1016288727631793,0.0016895481085179,0.1027703228417814,0.0016749813642785
03-06-2021,164.63,199.04,-4.0,-1.0,19.0,-3.0,-9.0,3.0,0.0250000004565767,2.760769961351781e-05,0.0250000004263767,2.6528441495764e-05,0.0250000042133018,9.460949456212872e-05,0.0250000034147843,7.760847505373003e-05,0.0250000074314608,7.895369710119968e-05,0.0250000050215697,5.683387747448368e-05,5148714,524457,8719,530374,8644,0.1018617464477537,0.0016934325736484,0.1030109654566169,0.001678865829409
03-07-2021,125.2,130.27,-1.0,1.0,16.0,9.0,-14.0,3.0,0.0250000004899805,2.9112271042892058e-05,0.0250000004553226,2.7791780796288138e-05,0.0250000040750246,9.167809348573372e-05,0.0250000032836596,7.47238337578425e-05,0.0250000069007866,7.388976271436971e-05,0.0250000044707639,5.130926314308587e-05,5148714,525865,8754,531478,8679,0.102135212792942,0.0017002303876268,0.1032253879318214,0.0016856636433874
03-08-2021,137.06,132.43,-5.0,-1.0,12.0,-6.0,-20.0,5.0,0.0250000004391187,2.6854714620518865e-05,0.0250000004044673,2.5461998420079887e-05,0.02500000360767,8.129962901987867e-05,0.0250000034905892,7.932622529781612e-05,0.0250000065346348,7.057111961791473e-05,0.0250000043456419,5.0124536208674985e-05,5148714,526716,8760,532253,8685,0.1023004967842455,0.001701395727166,0.1033759109556289,0.0016868289829266
03-09-2021,137.57,132.49,-3.0,0.0,17.0,-6.0,-22.0,6.0,0.0250000004624442,2.8316069380917384e-05,0.0250000004266699,2.681361132429608e-05,0.0250000038650658,8.753074921154301e-05,0.0250000037363984,8.528503501493874e-05,0.025000006270648,6.821472032908114e-05,0.0250000040891385,4.762605377907224e-05,5148714,527348,8763,532874,8688,0.1024232458823698,0.0017019783969356,0.1034965235979314,0.0016874116526961
03-10-2021,142.74,139.66,-3.0,-1.0,14.0,-5.0,-22.0,5.0,0.0250000004658,2.9134794692602982e-05,0.0250000004362061,2.786895358330806e-05,0.0250000038267532,8.75577603378629e-05,0.0250000037396432,8.61936136642062e-05,0.0250000061184529,6.705260466535902e-05,0.0250000039313232,4.619489729995765e-05,5148714,528473,8781,533676,8709,0.1026417470459613,0.001705474415553,0.1036522906496651,0.0016914903410832
03-11-2021,153.71,153.5,-3.0,-1.0,20.0,0.0,-22.0,6.0,0.0250000003694533,2.530647298754348e-05,0.0250000003723145,2.5411378536165495e-05,0.0250000035597337,8.244190878826447e-05,0.0250000034245522,7.986376699161266e-05,0.0250000059888777,6.607242444810382e-05,0.0250000037829716,4.483802426285997e-05,5148714,529392,8822,534763,8749,0.1028202382187085,0.0017134375690706,0.1038634113295086,0.0016992592713442
03-12-2021,153.71,153.5,-3.0,0.0,32.0,3.0,-22.0,4.0,0.0250000003150701,2.2737815103134432e-05,0.0250000003186745,2.286147845284592e-05,0.0250000032878197,7.671422729232095e-05,0.0250000031432924,7.38028197268245e-05,0.0250000061463509,6.794709525192013e-05,0.025000003926587,4.642338239053926e-05,5148714,530880,8833,535990,8759,0.1031092424244189,0.0017155740248924,0.1041017232652658,0.0017012015039095
03-13-2021,185.69,248.82,3.0,4.0,68.0,10.0,-9.0,1.0,0.025,1e-05,0.0250000002565879,2.0095144662435117e-05,0.0250000031224162,7.352641664631413e-05,0.0250000029856842,7.070968893899665e-05,0.0250000059229907,6.599072406478556e-05,0.025000003707953,4.434656352667214e-05,5148714,532549,8870,537033,8796,0.1034334010395605,0.0017227602853838,0.1043042981218222,0.0017083877644009
03-14-2021,140.67,151.74,7.0,5.0,42.0,27.0,-14.0,1.0,0.0250000002705451,2.0395253532302564e-05,0.0250000002763943,2.0650607399557135e-05,0.0250000031724375,7.477517453640225e-05,0.0250000030333302,7.183675159054076e-05,0.0250000053584961,6.050532617971507e-05,0.0250000037010824,4.44065948703052e-05,5148714,533421,8875,538076,8801,0.103602763719251,0.0017237314016665,0.1045068729783786,0.0017093588806836
03-15-2021,146.16,149.08,2.0,2.0,17.0,1.0,-21.0,5.0,0.025,1e-05,0.025,1e-05,0.0250000028004009,6.689305393677967e-05,0.0250000026694865,6.407107901008396e-05,0.0250000050576171,5.774829784897258e-05,0.0250000036514473,4.40830602917724e-05,5148714,534188,8878,538651,8804,0.1037517329570063,0.001724314071436,0.104618551350881,0.0017099415504531
03-16-2021,139.47,140.38,-1.0,0.0,-11.0,-4.0,-22.0,7.0,0.025,1e-05,0.025,1e-05,0.0250000028121825,6.783076883849827e-05,0.0250000026802853,6.495478729620574e-05,0.0250000050519245,5.800344147902986e-05,0.025000003649147,4.427311040443889e-05,5148714,534869,8881,539248,8807,0.1038839989947004,0.0017248967412056,0.1047345026350269,0.0017105242202227
03-17-2021,150.25,158.96,8.0,6.0,-2.0,0.0,-21.0,5.0,0.0250000002615858,2.089014052329581e-05,0.0250000002663655,2.1128943187632493e-05,0.0250000028081183,6.85470168114103e-05,0.0250000027031085,6.626353318373619e-05,0.0250000045008488,5.272620740208274e-05,0.0250000035572102,4.359494909155154e-05,5148714,536100,8933,540442,8858,0.1041230878234836,0.001734996350545,0.1049664052033187,0.0017204296063055
03-18-2021,137.97,147.77,-5.0,-4.0,-14.0,-3.0,-29.0,11.0,0.0250000002795704,2.1379824074168557e-05,0.025000000272927,2.1118524373201832e-05,0.0250000024934386,6.142755771441318e-05,0.025000002506316,6.178991327359434e-05,0.0250000043823295,5.170509935460566e-05,0.0250000036850389,4.504723395513091e-05,5148714,537498,8938,541803,8865,0.1043946119361067,0.0017359674668276,0.1052307430554503,0.0017217891691012
03-19-2021,192.43,214.61,2.0,0.0,11.0,6.0,-21.0,4.0,0.025,1e-05,0.025,1e-05,0.0250000021907549,5.479109837947848e-05,0.0250000022032165,5.511555916232663e-05,0.0250000043627597,5.171199431643595e-05,0.0250000037190169,4.554966646364502e-05,5148714,538801,8966,542926,8893,0.1046476848393598,0.0017414057180103,0.1054488557725288,0.0017272274202839
03-20-2021,191.24,245.81,6.0,3.0,34.0,11.0,-8.0,1.0,0.025,1e-05,0.025,1e-05,0.0250000019283055,4.879129110059828e-05,0.0250000019543236,4.939671498405733e-05,0.0250000040446139,4.862925249006068e-05,0.0250000034194233,4.258439707152196e-05,5148714,540390,8977,544118,8904,0.1049563055939794,0.0017435421738321,0.1056803698943075,0.0017293638761057
03-21-2021,139.38,143.88,7.0,3.0,3.0,24.0,-13.0,2.0,0.025,1e-05,0.025,1e-05,0.0250000019035644,4.826251553545647e-05,0.0250000019315388,4.890537741233655e-05,0.0250000038851698,4.719100956257892e-05,0.025000003279437,4.12894329261857e-05,5148714,541582,9007,545187,8934,0.1051878197157581,0.0017493688715279,0.1058879945555336,0.0017351905738015
03-22-2021,147.62,151.65,4.0,2.0,35.0,3.0,-19.0,4.0,0.025,1e-05,0.025,1e-05,0.0250000017041442,4.3592611231976585e-05,0.0250000017316679,4.421045181570496e-05,0.025000003588578,4.430230283212548e-05,0.02500000299909,3.851271725616976e-05,5148714,542203,9027,545797,8954,0.1053084323580606,0.0017532533366584,0.1060064707420144,0.001739075038932
03-23-2021,149.53,150.36,4.0,2.0,26.0,1.0,-20.0,5.0,0.0250000002950418,2.15906778549603e-05,0.0250000002994683,2.1775571409248545e-05,0.0250000019061724,4.79633733472728e-05,0.0250000019368678,4.86543277217294e-05,0.0250000033965485,4.24772722346048e-05,0.0250000028456423,3.7033413111710736e-05,5148714,542912,9030,546526,8957,0.1054461366469374,0.001753836006428,0.1061480594960217,0.0017396577087016
03-24-2021,151.54,155.7,3.0,1.0,17.0,1.0,-21.0,5.0,0.0250000003360384,2.3701203692944706e-05,0.0250000003408965,2.391777730032004e-05,0.0250000021023775,5.256506090548742e-05,0.0250000021359952,5.332732636310356e-05,0.0250000030219167,3.878588311767898e-05,0.0250000028488537,3.7196774002223134e-05,5148714,543925,9055,547387,8985,0.1056428848057981,0.0017586915878411,0.1063152857198904,0.0017450959598843
03-25-2021,159.62,167.49,0.0,-1.0,12.0,4.0,-21.0,6.0,0.025,1e-05,0.025,1e-05,0.0250000021118383,5.279884192507272e-05,0.0250000021123365,5.275530301298978e-05,0.0250000030887159,3.958378097999615e-05,0.0250000029200146,3.80172234960484e-05,5148714,545254,9083,548392,9016,0.1059010075137209,0.0017641298390238,0.1065104800926988,0.0017511168808366
03-26-2021,192.93,222.65,0.0,0.0,24.0,7.0,-21.0,4.0,0.0250000002776354,2.1028901217162023e-05,0.0250000002886798,2.141239181225001e-05,0.0250000018268867,4.622128575684883e-05,0.0250000018556999,4.670762713414168e-05,0.0250000030426767,3.918530525585651e-05,0.0250000029096613,3.795825606695968e-05,5148714,546670,9092,549534,9027,0.1061760276449614,0.0017658778483326,0.1067322830516513,0.0017532533366584
03-27-2021,201.21,262.4,4.0,4.0,68.0,16.0,-7.0,1.0,0.025,1e-05,0.0250000002592306,2.0136669721482785e-05,0.0250000019300788,4.859035701533225e-05,0.0250000019930692,4.974748884479672e-05,0.0250000028698633,3.750622025109349e-05,0.0250000027311835,3.617920358339105e-05,5148714,548114,9104,550728,9040,0.1064564860273847,0.0017682085274109,0.1069641856199431,0.0017557782389932
03-28-2021,146.33,166.94,6.0,4.0,23.0,24.0,-13.0,2.0,0.0250000002565149,2.031927946283544e-05,0.0250000002802863,2.1200101627956024e-05,0.0250000016517614,4.253327404381209e-05,0.0250000017312223,4.397264947041888e-05,0.025000002662497,3.547743074999243e-05,0.025000002541116,3.42853289435849e-05,5148714,549199,9122,551703,9057,0.1066672182607152,0.0017717045460283,0.1071535532950558,0.0017590800343542
03-29-2021,158.25,185.78,6.0,5.0,45.0,5.0,-19.0,4.0,0.025,1e-05,0.025,1e-05,0.0250000018218914,4.653847524315536e-05,0.0250000019159683,4.8295404480056e-05,0.0250000025383594,3.428292914443339e-05,0.0250000024312718,3.321769187308118e-05,5148714,550068,9122,552490,9057,0.1068359982706361,0.0017717045460283,0.1073064069979416,0.0017590800343542
03-30-2021,160.49,180.33,7.0,6.0,39.0,5.0,-20.0,5.0,0.025,1e-05,0.025,1e-05,0.0250000019707186,5.040419128246414e-05,0.0250000020762959,5.243490881278073e-05,0.0250000024910765,3.391242925775032e-05,0.0250000023901301,3.2894148974260235e-05,5148714,550669,9126,553092,9061,0.1069527264478081,0.0017724814390544,0.1074233293983701,0.0017598569273803
03-31-2021,160.4,174.08,4.0,1.0,8.0,3.0,-22.0,6.0,0.025,1e-05,0.025,1e-05,0.0250000020888721,5.369935647568596e-05,0.0250000022036127,5.597266613667583e-05,0.0250000022500532,3.155337177943576e-05,0.0250000021632286,3.0665690678958435e-05,5148714,551630,9146,553966,9080,0.1071393749973294,0.001776365904185,0.1075930805245737,0.0017635471692543
04-01-2021,183.98,202.41,11.0,9.0,29.0,16.0,-22.0,4.0,0.025,1e-05,0.025,1e-05,0.0250000015378091,4.168827299393841e-05,0.0250000008736719,2.7996081742936023e-05,0.0250000022362391,3.1511551042047194e-05,0.025000002153365,3.065806749941384e-05,5148714,552681,9174,554939,9104,0.107343503639938,0.0017818041553677,0.1077820597531733,0.0017682085274109
04-02-2021,217.96,245.27,10.0,11.0,25.0,18.0,-36.0,6.0,0.025,1e-05,0.025,1e-05,0.0250000016888485,4.50871302582771e-05,0.0250000009292762,2.933220400557972e-05,0.0250000022466055,3.1676783248542745e-05,0.0250000021778561,3.097514841249263e-05,5148714,554031,9179,556052,9114,0.1076057050362478,0.0017827752716503,0.1079982302376865,0.0017701507599761
04-03-2021,195.41,252.96,8.0,18.0,55.0,20.0,-13.0,0.0,0.025,1e-05,0.025,1e-05,0.0250000014850656,4.067816781499077e-05,0.0250000008219871,2.702473835953478e-05,0.025000002042204,2.963888147023461e-05,0.0250000020413301,2.9630764503462217e-05,5148714,555274,9196,557073,9130,0.1078471245441094,0.0017860770670112,0.1081965321825993,0.0017732583320805
04-04-2021,136.02,155.36,-14.0,-1.0,54.0,26.0,-23.0,0.0,0.025,1e-05,0.025,1e-05,0.0250000008024104,2.6647743456441915e-05,0.02500000084295,2.755361793916548e-05,0.0250000018644023,2.786628316314816e-05,0.0250000018690885,2.7910858911545463e-05,5148714,555274,9196,558055,9139,0.1078471245441094,0.0017860770670112,0.1083872594205077,0.0017750063413893
04-05-2021,179.46,208.35,12.0,8.0,64.0,18.0,-30.0,5.0,0.025,1e-05,0.025,1e-05,0.0250000006605325,2.3608795955547432e-05,0.0250000007161923,2.4780758555675565e-05,0.0250000016827891,2.6080765949033506e-05,0.0250000017057762,2.6291173831513125e-05,5148714,556469,9203,558732,9140,0.1080792213356578,0.0017874366298069,0.1085187485651757,0.0017752005646458
04-06-2021,178.54,212.27,13.0,8.0,67.0,12.0,-30.0,5.0,0.025,1e-05,0.025,1e-05,0.0250000005872122,2.2122594566264786e-05,0.0250000006461057,2.3378897616067777e-05,0.0250000016278546,2.5609795167034253e-05,0.0250000016544946,2.585624140945573e-05,5148714,557803,9204,559279,9140,0.1083383151598632,0.0017876308530635,0.1086249886864953,0.0017752005646458
04-07-2021,184.3,215.73,13.0,7.0,58.0,13.0,-30.0,4.0,0.025,1e-05,0.025,1e-05,0.0250000006247043,2.319798158964884e-05,0.0250000006838106,2.448178926480276e-05,0.0250000014624041,2.4013938266406256e-05,0.025000001494837,2.431633056267233e-05,5148714,558631,9213,559806,9149,0.1084991320162665,0.0017893788623722,0.1087273443426844,0.0017769485739545
04-08-2021,187.95,223.38,10.0,5.0,51.0,16.0,-30.0,5.0,0.025,1e-05,0.025,1e-05,0.0250000004984255,2.0537374339336943e-05,0.0250000005370023,2.1370655199750324e-05,0.0250000014923845,2.443841921572141e-05,0.0250000015267597,2.47638315200373e-05,5148714,559597,9237,560759,9170,0.1086867516820705,0.0017940402205288,0.1089124391061535,0.0017810272623416
04-09-2021,212.41,262.99,4.0,2.0,45.0,15.0,-30.0,4.0,0.025,1e-05,0.025,1e-05,0.02500000037221,1.7681933751973246e-05,0.0250000003859584,1.7993304200862547e-05,0.0250000015515154,2.5127881106773485e-05,0.0250000015848769,2.545428736448969e-05,5148714,560762,9248,561774,9185,0.108913021775923,0.0017961766763506,0.1091095757115271,0.0017839406111895
04-10-2021,201.84,266.64,2.0,2.0,49.0,24.0,-11.0,1.0,0.025,1e-05,0.025,1e-05,0.0250000003859286,1.797420262340367e-05,0.0250000003875972,1.80023091725432e-05,0.025000001506149,2.4732637205375568e-05,0.0250000015241764,2.489718206515777e-05,5148714,561773,9273,562759,9210,0.1091093814882706,0.0018010322577637,0.1093008856192051,0.0017887961926026
04-11-2021,155.84,169.04,11.0,8.0,50.0,44.0,-14.0,0.0,0.025,1e-05,0.025,1e-05,0.0250000003980586,1.8089760727821704e-05,0.0250000003946065,1.7996370155604734e-05,0.0250000013171301,2.2807159081315988e-05,0.0250000013450564,2.307560845813231e-05,5148714,562691,9276,563725,9214,0.1092876784377613,0.0018016149275333,0.109488505285009,0.0017895730856287
04-12-2021,155.31,161.16,5.0,6.0,46.0,9.0,-19.0,3.0,0.025,1e-05,0.025,1e-05,0.0250000003521184,1.701866975167707e-05,0.0250000003592933,1.7153008112808978e-05,0.0250000013183243,2.2879115968324745e-05,0.0250000013564739,2.3253230926307843e-05,5148714,563427,9276,564464,9214,0.1094306267545643,0.0018016149275333,0.1096320362715816,0.0017895730856287
04-13-2021,155.29,162.17,6.0,7.0,42.0,7.0,-21.0,4.0,0.025,1e-05,0.025,1e-05,0.0250000004206964,1.8656186736737254e-05,0.0250000004300717,1.8836040394976976e-05,0.0250000011377915,2.1084041045334744e-05,0.0250000011827532,2.1523205365787165e-05,5148714,564128,9289,565176,9227,0.1095667772573889,0.0018041398298681,0.1097703232302279,0.0017920979879635
04-14-2021,157.71,166.4,5.0,4.0,27.0,5.0,-22.0,4.0,0.025,1e-05,0.025,1e-05,0.0250000004647332,1.9691719864931037e-05,0.0250000004758355,1.991187984084273e-05,0.025000001174001,2.152530734166985e-05,0.0250000012197344,2.197743312535442e-05,5148714,564931,9304,565998,9241,0.1097227385323791,0.001807053178716,0.1099299747470922,0.0017948171135549
04-15-2021,168.98,182.93,4.0,4.0,32.0,9.0,-21.0,4.0,0.025,1e-05,0.025,1e-05,0.0250000003985036,1.817482414491265e-05,0.0250000004176392,1.8589067684525693e-05,0.0250000012259555,2.2115203097546763e-05,0.0250000012730543,2.2586607152191865e-05,5148714,566018,9307,567132,9243,0.1099338592122227,0.0018076358484856,0.1101502239199924,0.001795205560068
04-16-2021,197.77,241.26,2.0,2.0,34.0,9.0,-21.0,3.0,0.025,1e-05,0.025,1e-05,0.0250000002628764,1.516607923700262e-05,0.0250000003101341,1.6234874575556433e-05,0.0250000012720891,2.2655014325578368e-05,0.0250000013193111,2.3135559294472675e-05,5148714,567277,9309,568400,9245,0.1101783862921887,0.0018080242949987,0.1103964990092671,0.001795594006581
04-17-2021,196.73,269.62,4.0,5.0,77.0,12.0,-9.0,0.0,0.025,1e-05,0.025,1e-05,0.0250000002827345,1.5742852838135974e-05,0.0250000002925323,1.597824915591983e-05,0.025000000987413,1.976509039120163e-05,0.0250000010439222,2.034523309191219e-05,5148714,568258,9321,569384,9257,0.1103689193068405,0.001810354974077,0.1105876146936885,0.0017979246856593
04-18-2021,148.12,169.44,10.0,9.0,58.0,29.0,-13.0,1.0,0.025,1e-05,0.025,1e-05,0.025,1e-05,0.025,1e-05,0.0250000010126309,2.00883315333405e-05,0.0250000010559747,2.053823679531531e-05,5148714,569279,9336,570398,9271,0.1105672212517533,0.0018132683229249,0.1107845570758057,0.0018006438112507
04-19-2021,152.15,159.93,4.0,6.0,45.0,8.0,-18.0,4.0,0.025,1e-05,0.025,1e-05,0.0250000002915896,1.60470719814442e-05,0.025,1e-05,0.0250000008910319,1.8862856575586608e-05,0.0250000009353717,1.93287338599704e-05,5148714,570032,9352,571168,9288,0.1107134713639172,0.0018163758950293,0.1109341089833306,0.0018039456066116
04-20-2021,153.63,164.01,5.0,7.0,40.0,5.0,-20.0,4.0,0.025,1e-05,0.025,1e-05,0.0250000003189261,1.663035359563457e-05,0.0250000003097536,1.6458488519688004e-05,0.0250000008833913,1.880767195064892e-05,0.0250000009291677,1.9291613258192453e-05,5148714,570606,9355,571732,9290,0.1108249555131631,0.0018169585647988,0.1110436509000111,0.0018043340531247
04-21-2021,155.96,166.05,4.0,5.0,28.0,5.0,-21.0,4.0,0.025,1e-05,0.025,1e-05,0.0250000003776651,1.8004226300850125e-05,0.0250000003747609,1.7982750594839777e-05,0.0250000007486359,1.743573144675205e-05,0.0250000007950645,1.7930975745784934e-05,5148714,571369,9365,572482,9301,0.1109731478578922,0.0018189007973641,0.1111893183424055,0.0018064705089465
04-22-2021,169.16,180.68,3.0,4.0,29.0,10.0,-20.0,5.0,0.025,1e-05,0.025,1e-05,0.0250000003802071,1.8082274562511047e-05,0.0250000003776036,1.8064169870702623e-05,0.0250000006810681,1.6756104729078437e-05,0.0250000007279471,1.7258831068044748e-05,5148714,572248,9388,573343,9324,0.1111438701003784,0.0018233679322642,0.1113565445662742,0.0018109376438465
04-23-2021,195.19,227.15,1.0,4.0,36.0,10.0,-19.0,3.0,0.025,1e-05,0.025,1e-05,0.0250000002946025,1.601452306620897e-05,0.0250000003134747,1.6478093928512277e-05,0.0250000007320332,1.72819934625256e-05,0.0250000007783313,1.7782482414365582e-05,5148714,573225,9404,574311,9340,0.1113336262220041,0.0018264755043686,0.1115445526785912,0.001814045215951
04-24-2021,167.26,217.1,-8.0,-5.0,-7.0,-1.0,-12.0,5.0,0.025,1e-05,0.025,1e-05,0.0250000003082269,1.61568911214223e-05,0.0250000002987364,1.5971075624433422e-05,0.0250000006429136,1.6334751022614798e-05,0.0250000006709703,1.664500455801722e-05,5148714,574226,9414,575162,9349,0.1115280437017865,0.0018284177369339,0.1117098366698946,0.0018157932252597
04-25-2021,147.16,165.54,8.0,8.0,57.0,29.0,-13.0,1.0,0.025,1e-05,0.025,1e-05,0.025,1e-05,0.025,1e-05,0.0250000005329254,1.5173025699588996e-05,0.0250000005427416,1.5293392086941362e-05,5148714,574985,9430,575894,9366,0.1116754591534895,0.0018315253090383,0.1118520080936715,0.0018190950206206
04-26-2021,152.15,160.86,3.0,6.0,50.0,8.0,-18.0,4.0,0.025,1e-05,0.025,1e-05,0.0250000002925613,1.5557841770512026e-05,0.025000000274915,1.517755150859019e-05,0.0250000005484361,1.531287400234888e-05,0.0250000005461544,1.5306442966701743e-05,5148714,575515,9433,576426,9369,0.1117783974794482,0.0018321079788079,0.1119553348661432,0.0018196776903902
04-27-2021,154.32,160.36,5.0,6.0,47.0,7.0,-20.0,4.0,0.025,1e-05,0.025,1e-05,0.0250000003731189,1.7387064517289e-05,0.0250000003556467,1.7001853790616808e-05,0.0250000005388052,1.5210270231158156e-05,0.0250000005309329,1.5144642595598897e-05,5148714,575956,9435,576869,9371,0.1118640499355761,0.0018324964253209,0.1120413757687842,0.0018200661369033
04-28-2021,158.49,163.83,4.0,4.0,32.0,7.0,-21.0,4.0,0.025,1e-05,0.025,1e-05,0.0250000003478803,1.6925056108934344e-05,0.0250000003307892,1.6541568924899426e-05,0.0250000004859944,1.467377919448954e-05,0.0250000004850617,1.4680271059962062e-05,5148714,576639,9472,577563,9407,0.1119967044197832,0.0018396826858124,0.1121761667088131,0.0018270581741382
04-29-2021,169.97,181.02,4.0,5.0,41.0,11.0,-21.0,4.0,0.025,1e-05,0.025,1e-05,0.0250000003464571,1.673629748499975e-05,0.0250000003353019,1.649374647279057e-05,0.0250000005663375,1.5472417335611775e-05,0.0250000005645483,1.5473013946203763e-05,5148714,577550,9495,578367,9431,0.1121736418064782,0.0018441498207125,0.1123323222070598,0.0018317195322948
04-30-2021,200.99,238.37,4.0,6.0,44.0,13.0,-19.0,2.0,0.025,1e-05,0.025,1e-05,0.0250000004417493,1.8692645718729486e-05,0.0250000004378368,1.8611119197733547e-05,0.0250000006287476,1.6063103815004284e-05,0.025000000626657,1.6061428422694135e-05,5148714,578659,9497,579158,9435,0.1123890353979654,0.0018445382672255,0.1124859528029717,0.0018324964253209
05-01-2021,202.67,275.53,6.0,9.0,101.0,20.0,-9.0,-1.0,0.025,1e-05,0.025,1e-05,0.0250000005240231,2.0533307487796755e-05,0.0250000005231391,2.0498891983940905e-05,0.0250000005807257,1.552759685522167e-05,0.0250000005867878,1.560637969922618e-05,5148714,579556,9506,579864,9444,0.112563253659069,0.0018462862765342,0.1126230744220789,0.0018342444346296
05-02-2021,148.71,166.62,9.0,10.0,60.0,33.0,-13.0,0.0,0.025,1e-05,0.025,1e-05,0.025000000529392,2.0688037349911984e-05,0.0250000005312255,2.070021568286906e-05,0.0250000004796368,1.4446625538561956e-05,0.0250000005128626,1.4805080427195812e-05,5148714,580273,9520,580591,9458,0.112702511733998,0.0018490054021256,0.1127642747295732,0.001836963560221
05-03-2021,151.79,159.67,2.0,5.0,12.0,7.0,-20.0,5.0,0.025,1e-05,0.025,1e-05,0.0250000005147896,2.038245801530941e-05,0.0250000005259482,2.059694054481933e-05,0.0250000005248333,1.4898604691689764e-05,0.0250000005280991,1.4938549434838414e-05,5148714,580794,9524,581086,9460,0.1128037020506479,0.0018497822951517,0.1128604152415535,0.0018373520067341
05-04-2021,155.53,167.61,4.0,8.0,15.0,6.0,-20.0,5.0,0.025,1e-05,0.025,1e-05,0.0250000004806801,1.972566418971148e-05,0.0250000004839773,1.97763996634018e-05,0.0250000004889231,1.4521864885241843e-05,0.0250000004989938,1.4632400237501234e-05,5148714,581221,9524,581514,9462,0.1128866353811845,0.0018497822951517,0.1129435427953465,0.0018377404532471
05-05-2021,167.58,186.56,9.0,9.0,28.0,8.0,-20.0,3.0,0.025,1e-05,0.025,1e-05,0.0250000005210816,2.0862636028693747e-05,0.0250000005332368,2.110769442487541e-05,0.0250000005562343,1.5247720731024165e-05,0.0250000005076991,1.4745219541350845e-05,5148714,581835,9536,582120,9476,0.1130058884606913,0.00185211297423,0.1130612420888012,0.0018404595788385
05-06-2021,179.18,200.04,6.0,8.0,45.0,14.0,-21.0,3.0,0.025,1e-05,0.025,1e-05,0.0250000005148209,2.088826573872832e-05,0.0250000005244372,2.105321781666277e-05,0.0250000005764157,1.5483908935923632e-05,0.0250000005692625,1.540589597253757e-05,5148714,582506,9558,582762,9499,0.1131362122658201,0.0018563858858736,0.1131859334194907,0.0018449267137386
05-07-2021,217.86,256.62,6.0,9.0,45.0,15.0,-20.0,2.0,0.025,1e-05,0.025,1e-05,0.0250000004343592,1.9080531798269738e-05,0.0250000004492409,1.934173137492632e-05,0.0250000006408344,1.6161815900095922e-05,0.0250000006448734,1.6189728647130355e-05,5148714,583373,9566,583470,9505,0.113304603829228,0.0018579396719258,0.113323443485111,0.0018460920532777
05-08-2021,207.92,274.69,10.0,19.0,94.0,21.0,-9.0,-2.0,0.025,1e-05,0.025,1e-05,0.0250000003975166,1.828821721426791e-05,0.0250000004138944,1.859043293034703e-05,0.025000000653952,1.630751415005431e-05,0.0250000006601338,1.6354030029489156e-05,5148714,583996,9586,584091,9522,0.1134256049180436,0.0018618241370563,0.1134440561274135,0.0018493938486387
05-09-2021,148.59,161.64,13.0,19.0,67.0,35.0,-15.0,-2.0,0.025,1e-05,0.025,1e-05,0.0250000004147617,1.8628224845682544e-05,0.0250000004351609,1.906006463029757e-05,0.025000000578222,1.550376398356303e-05,0.0250000006025154,1.5744522116246417e-05,5148714,584517,9592,584680,9531,0.1135267952346935,0.0018629894765955,0.1135584536255072,0.0018511418579474
05-10-2021,161.83,178.37,4.0,14.0,43.0,15.0,-22.0,4.0,0.025,1e-05,0.025,1e-05,0.0250000003818949,1.7894176687801727e-05,0.0250000003968498,1.8204723264748786e-05,0.0250000005793347,1.552173926988135e-05,0.0250000005802867,1.551429216895232e-05,5148714,584932,9596,585094,9533,0.1136073978861517,0.0018637663696216,0.1136388620537089,0.0018515303044604
05-11-2021,162.16,181.19,4.0,19.0,40.0,20.0,-21.0,4.0,0.025,1e-05,0.025,1e-05,0.0250000004290831,1.9042871996048222e-05,0.0250000004422604,1.9336811072547634e-05,0.0250000004887693,1.459313657820749e-05,0.0250000004897576,1.458788822459413e-05,5148714,585219,9596,585386,9535,0.1136631399607746,0.0018637663696216,0.1136955752446144,0.0018519187509735
05-12-2021,148.28,163.92,-6.0,1.0,-21.0,6.0,-24.0,8.0,0.025,1e-05,0.025,1e-05,0.025000000468937,2.0098117836456355e-05,0.0250000004832821,2.041844390483744e-05,0.0250000005283601,1.5054720477462904e-05,0.0250000005239885,1.4991622954461691e-05,5148714,585601,9603,585749,9541,0.1137373332447675,0.0018651259324172,0.1137660782867333,0.0018530840905126
05-13-2021,169.93,199.29,4.0,7.0,37.0,11.0,-21.0,5.0,0.025,1e-05,0.025,1e-05,0.0250000002643472,1.5571596175894368e-05,0.025000000285535,1.605643817857494e-05,0.0250000005848194,1.5698399186079873e-05,0.0250000005806538,1.5638482288074486e-05,5148714,585957,9619,586336,9557,0.1138064767240907,0.0018682335045217,0.1138800873383139,0.0018561916626171
05-14-2021,197.15,243.84,3.0,7.0,46.0,14.0,-20.0,3.0,0.025,1e-05,0.025,1e-05,0.025,1e-05,0.025,1e-05,0.025000000564461,1.5519825342093045e-05,0.0250000005605945,1.546421598601204e-05,5148714,586585,9627,586876,9564,0.1139284489291889,0.0018697872905739,0.1139849678968379,0.0018575512254127
05-15-2021,197.04,276.97,3.0,10.0,99.0,19.0,-9.0,0.0,0.025,1e-05,0.025,1e-05,0.025,1e-05,0.025,1e-05,0.0250000005299095,1.519558117385037e-05,0.0250000005318452,1.5204497317280566e-05,5148714,588110,9638,587393,9573,0.1142246393953907,0.0018719237463957,0.1140853813204617,0.0018592992347215
05-16-2021,151.32,176.48,8.0,11.0,68.0,40.0,-11.0,1.0,0.025,1e-05,0.025,1e-05,0.025,1e-05,0.025,1e-05,0.0250000005692038,1.5645557681178984e-05,0.0250000005754154,1.5707359468678735e-05,5148714,588593,9653,587882,9592,0.1143184492282927,0.0018748370952435,0.1141803564929028,0.0018629894765955
05-17-2021,164.13,185.45,5.0,9.0,52.0,14.0,-19.0,4.0,0.025,1e-05,0.025,1e-05,0.025,1e-05,0.025,1e-05,0.0250000006169495,1.6173330646246825e-05,0.0250000006239988,1.62428274883762e-05,5148714,588939,9654,588225,9593,0.1143856504750506,0.0018750313185001,0.1142469750698912,0.001863183699852
05-18-2021,165.08,180.24,5.0,9.0,49.0,11.0,-20.0,4.0,0.025,1e-05,0.025,1e-05,0.0250000002196078,1.4621275463601817e-05,0.0250000002320299,1.4914819755969845e-05,0.0250000005977979,1.6012616596161033e-05,0.0250000006057634,1.609074801658278e-05,5148714,589098,9656,588447,9595,0.1144165319728382,0.0018754197650131,0.1142900926328399,0.001863572146365
05-19-2021,168.6,187.28,6.0,9.0,42.0,10.0,-20.0,4.0,0.025,1e-05,0.025,1e-05,0.0250000002683845,1.583649973338664e-05,0.0250000002685801,1.583655472538032e-05,0.0250000005552548,1.5617141471230275e-05,0.0250000005702486,1.5768506745731425e-05,5148714,589488,9667,588767,9608,0.1144922790428833,0.0018775562208349,0.1143522440749282,0.0018660970486999
05-20-2021,181.83,199.86,5.0,8.0,51.0,14.0,-20.0,4.0,0.025,1e-05,0.025,1e-05,0.0250000002392434,1.5220896940510396e-05,0.0250000002298608,1.4970821888695863e-05,0.0250000005086697,1.5168777116289489e-05,0.0250000005195772,1.52726348464728e-05,5148714,589846,9669,589146,9610,0.1145618109687195,0.001877944667348,0.1144258546891515,0.0018664854952129
05-21-2021,207.67,248.87,3.0,8.0,50.0,12.0,-18.0,2.0,0.025,1e-05,0.025,1e-05,0.025,1e-05,0.025,1e-05,0.0250000005376423,1.552550025586172e-05,0.0250000005564222,1.5708854162598466e-05,5148714,590314,9672,589605,9613,0.1146527074527736,0.0018785273371175,0.1145150031638968,0.0018670681649825
05-22-2021,203.86,271.7,2.0,9.0,102.0,17.0,-7.0,0.0,0.025,1e-05,0.025,1e-05,0.025,1e-05,0.025,1e-05,0.0250000005197024,1.5394055368898965e-05,0.0250000005340978,1.5528281388077503e-05,5148714,590645,9674,589929,9617,0.1147169953506836,0.0018789157836306,0.1145779314990112,0.0018678450580086
05-23-2021,158.66,177.46,8.0,12.0,72.0,35.0,-12.0,0.0,0.025,1e-05,0.025,1e-05,0.025,1e-05,0.025,1e-05,0.0250000004184075,1.4389686647111954e-05,0.0250000004358123,1.4549066314565177e-05,5148714,590981,9684,590331,9625,0.1147822543648763,0.0018808580161958,0.1146560092481345,0.0018693988440608
05-24-2021,166.09,183.63,5.0,9.0,45.0,10.0,-18.0,4.0,0.025,1e-05,0.025,1e-05,0.025,1e-05,0.025,1e-05,0.0250000003613406,1.3839520693400356e-05,0.0250000003801317,1.4012446510024066e-05,5148714,591365,9690,590649,9631,0.1148568360953822,0.001882023355735,0.1147177722437097,0.0018705641836
05-25-2021,166.47,183.88,7.0,10.0,45.0,10.0,-19.0,4.0,0.025,1e-05,0.025,1e-05,0.025,1e-05,0.025,1e-05,0.0250000003398246,1.3661464499789598e-05,0.0250000003662051,1.3913566075669704e-05,5148714,591525,9705,590843,9644,0.1148879118164264,0.0018849367045829,0.1147554515554758,0.0018730890859348
05-26-2021,171.25,190.85,8.0,10.0,36.0,12.0,-20.0,4.0,0.025,1e-05,0.025,1e-05,0.025,1e-05,0.025,1e-05,0.0250000002873187,1.3134575979496348e-05,0.0250000003075533,1.3325637337437666e-05,5148714,591862,9708,591132,9647,0.1149533650538755,0.0018855193743525,0.1148115820766117,0.0018736717557044
05-27-2021,188.74,204.2,9.0,12.0,45.0,21.0,-20.0,4.0,0.025,1e-05,0.025,1e-05,0.025,1e-05,0.025,1e-05,0.0250000003111141,1.341750680108957e-05,0.0250000003310512,1.3609268956728425e-05,5148714,592243,9711,591528,9650,0.1150273641146119,0.001886102044122,0.1148884944861959,0.001874254425474
05-28-2021,222.35,263.57,7.0,14.0,53.0,26.0,-21.0,2.0,0.025,1e-05,0.025,1e-05,0.025,1e-05,0.025,1e-05,0.0250000003383111,1.3739638339778024e-05,0.0250000003579404,1.3931713546455726e-05,5148714,592651,9726,591923,9667,0.1151066072032744,0.0018890153929699,0.1149652126725236,0.0018775562208349
05-29-2021,211.99,311.43,5.0,16.0,103.0,26.0,-11.0,0.0,0.025,1e-05,0.025,1e-05,0.025,1e-05,0.025,1e-05,0.0250000001582975,1.1853047001786044e-05,0.0250000001852484,1.212111227309699e-05,5148714,592912,9728,592231,9671,0.1151572994732276,0.001889403839483,0.1150250334355336,0.001878333113861
05-30-2021,167.35,239.03,14.0,16.0,95.0,26.0,-15.0,0.0,0.025,1e-05,0.025,1e-05,0.025,1e-05,0.025,1e-05,0.025000000059296,1.08296195689791e-05,0.0250000000827076,1.105515768361722e-05,5148714,593092,9732,592502,9675,0.1151922596594023,0.0018901807325091,0.1150776679380521,0.0018791100068871
05-31-2021,156.74,182.53,0.0,8.0,108.0,8.0,-66.0,14.0,0.025,1e-05,0.025,1e-05,0.025,1e-05,0.025,1e-05,0.0250000000847838,1.1124550870737735e-05,0.0250000000986639,1.1245115907922496e-05,5148714,593262,9736,592678,9679,0.1152252776130117,0.0018909576255352,0.1151118512312006,0.0018798868999132
06-01-2021,176.36,196.35,9.0,14.0,53.0,18.0,-20.0,4.0,0.025,1e-05,0.025,1e-05,0.025,1e-05,0.025,1e-05,0.0250000000667233,1.0961825871584444e-05,0.0250000000827533,1.1101808802224794e-05,5148714,593262,9736,592838,9680,0.1152252776130117,0.0018909576255352,0.1151429269522447,0.0018800811231697
06-02-2021,173.9,195.6,7.0,10.0,34.0,12.0,-20.0,5.0,0.025,1e-05,0.025,1e-05,0.025,1e-05,0.025,1e-05,0.025,1e-05,0.025,1e-05,5148714,593526,9739,592958,9682,0.1152765525527345,0.0018915402953048,0.1151662337430278,0.0018804695696828
06-03-2021,183.91,209.88,8.0,10.0,26.0,14.0,-20.0,5.0,0.025,1e-05,0.025,1e-05,0.025,1e-05,0.025,1e-05,0.025,1e-05,0.0250000000534182,1.086316268692996e-05,5148714,593628,9739,593169,9686,0.1152963633249001,0.0018915402953048,0.1152072148501548,0.0018812464627089
06-04-2021,212.03,252.25,5.0,9.0,39.0,17.0,-18.0,3.0,0.025,1e-05,0.025,1e-05,0.025,1e-05,0.025,1e-05,0.0250000000490202,1.089700240799474e-05,0.0250000000724638,1.1101646682332952e-05,5148714,593727,9744,593413,9695,0.1153155914272962,0.0018925114115874,0.1152546053247471,0.0018829944720176
06-05-2021,210.46,277.6,3.0,10.0,74.0,27.0,-5.0,1.0,0.025,1e-05,0.025,1e-05,0.025,1e-05,0.025,1e-05,0.025,1e-05,0.025,1e-05,5148714,593948,9752,593703,9709,0.1153585147669884,0.0018940651976396,0.1153109300691395,0.001885713597609
06-06-2021,156.67,183.19,8.0,10.0,41.0,38.0,-11.0,2.0,0.025,1e-05,0.025,1e-05,0.025,1e-05,0.025,1e-05,0.025,1e-05,0.025,1e-05,5148714,594130,9754,593970,9713,0.1153938633996761,0.0018944536441526,0.1153627876786319,0.0018864904906351
06-07-2021,172.27,202.05,6.0,9.0,33.0,14.0,-19.0,5.0,0.025,1e-05,0.025,1e-05,0.025,1e-05,0.025,1e-05,0.025,1e-05,0.025,1e-05,5148714,594225,9754,594114,9713,0.115412314609046,0.0018944536441526,0.1153907558275717,0.0018864904906351
06-08-2021,176.05,208.99,9.0,12.0,45.0,10.0,-20.0,5.0,0.025,1e-05,0.025,1e-05,0.025,1e-05,0.025,1e-05,0.025,1e-05,0.025,1e-05,5148714,594345,9754,594249,9713,0.1154356213998291,0.0018944536441526,0.1154169759672026,0.0018864904906351
06-09-2021,183.58,210.88,9.0,10.0,37.0,13.0,-21.0,4.0,0.025,1e-05,0.025,1e-05,0.025,1e-05,0.025,1e-05,0.025,1e-05,0.025,1e-05,5148714,594574,9761,594477,9720,0.1154800985255735,0.0018958132069483,0.1154612588696905,0.0018878500534308
06-10-2021,199.02,237.76,9.0,11.0,50.0,19.0,-22.0,4.0,0.025,1e-05,0.025,1e-05,0.025,1e-05,0.025,1e-05,0.025,1e-05,0.025,1e-05,5148714,594659,9761,594671,9720,0.1154966075023782,0.0018958132069483,0.1154989381814565,0.0018878500534308
06-11-2021,224.36,276.08,5.0,10.0,53.0,21.0,-22.0,3.0,0.025,1e-05,0.025,1e-05,0.025,1e-05,0.025,1e-05,0.025,1e-05,0.025,1e-05,5148714,594805,9776,594884,9737,0.115524964097831,0.0018987265557962,0.1155403077350965,0.0018911518487917
06-12-2021,223.34,283.18,2.0,9.0,68.0,33.0,-6.0,1.0,0.025,1e-05,0.025,1e-05,0.025,1e-05,0.025,1e-05,0.025,1e-05,0.025,1e-05,5148714,594805,9776,595082,9742,0.115524964097831,0.0018987265557962,0.1155787639398886,0.0018921229650743
06-13-2021,169.41,200.68,10.0,14.0,60.0,44.0,-10.0,1.0,0.025,1e-05,0.025,1e-05,0.025,1e-05,0.025,1e-05,0.025,1e-05,0.025,1e-05,5148714,594877,9780,595281,9748,0.1155389481723008,0.0018995034488223,0.1156174143679373,0.0018932883046135
06-14-2021,184.5,215.12,9.0,12.0,58.0,18.0,-21.0,4.0,0.025,1e-05,0.025,1e-05,0.025,1e-05,0.025,1e-05,0.025,1e-05,0.025,1e-05,5148714,595201,9790,595413,9750,0.1156018765074152,0.0019014456813876,0.1156430518377987,0.0018936767511265
06-15-2021,188.15,217.54,11.0,14.0,59.0,15.0,-22.0,4.0,0.025,1e-05,0.025,1e-05,0.025,1e-05,0.025,1e-05,0.025,1e-05,0.025,1e-05,5148714,595285,9790,595514,9750,0.1156181912609634,0.0019014456813876,0.1156626683867078,0.0018936767511265
06-16-2021,194.57,226.3,11.0,12.0,54.0,15.0,-24.0,4.0,0.025,1e-05,0.025,1e-05,0.025,1e-05,0.025,1e-05,0.025,1e-05,0.025,1e-05,5148714,595310,9786,595664,9753,0.1156230468423765,0.0019006687883615,0.1156918018751867,0.0018942594208961
06-17-2021,206.01,242.96,11.0,12.0,67.0,22.0,-24.0,4.0,0.025,1e-05,0.025,1e-05,0.025,1e-05,0.025,1e-05,0.025,1e-05,0.025,1e-05,5148714,595361,9790,595833,9758,0.1156329522284593,0.0019014456813876,0.1157246256055395,0.0018952305371787
06-18-2021,234.87,281.45,7.0,12.0,71.0,24.0,-26.0,3.0,0.025,1e-05,0.025,1e-05,0.025,1e-05,0.025,1e-05,0.025,1e-05,0.025,1e-05,5148714,595448,9792,596032,9760,0.1156498496517771,0.0019018341279006,0.1157632760335882,0.0018956189836918
06-19-2021,230.49,283.66,4.0,16.0,98.0,37.0,-8.0,-1.0,0.025,1e-05,0.025,1e-05,0.025,1e-05,0.025,1e-05,0.025,1e-05,0.025,1e-05,5148714,595448,9792,596236,9761,0.1156498496517771,0.0019018341279006,0.1158028975779194,0.0018958132069483
06-20-2021,154.2,176.59,5.0,11.0,21.0,36.0,-15.0,2.0,0.025,1e-05,0.025,1e-05,0.025,1e-05,0.025,1e-05,0.025,1e-05,0.025,1e-05,5148714,595448,9792,596393,9769,0.1156498496517771,0.0019018341279006,0.115833390629194,0.0018973669930005
06-21-2021,187.18,218.37,7.0,10.0,63.0,20.0,-24.0,4.0,0.025,1e-05,0.025,1e-05,0.025,1e-05,0.025,1e-05,0.025,1e-05,0.025,1e-05,5148714,595750,9801,596487,9769,0.1157085050752479,0.0019035821372094,0.1158516476153074,0.0018973669930005
06-22-2021,183.03,216.75,7.0,8.0,36.0,12.0,-25.0,7.0,0.025,1e-05,0.025,1e-05,0.025,1e-05,0.025,1e-05,0.025,1e-05,0.025,1e-05,5148714,595813,9804,596558,9772,0.115720741140409,0.0019041648069789,0.1158654374665207,0.0018979496627701
06-23-2021,189.85,223.78,9.0,9.0,61.0,16.0,-25.0,4.0,0.025,1e-05,0.025,1e-05,0.025,1e-05,0.025,1e-05,0.025,1e-05,0.025,1e-05,5148714,595901,9804,596684,9773,0.1157378327869833,0.0019041648069789,0.115889909596843,0.0018981438860266
06-24-2021,203.87,237.63,9.0,9.0,68.0,23.0,-25.0,4.0,0.025,1e-05,0.025,1e-05,0.025,1e-05,0.025,1e-05,0.025,1e-05,0.025,1e-05,5148714,596032,9805,596909,9774,0.1157632760335882,0.0019043590302355,0.1159336098295613,0.0018983381092832
06-25-2021,227.63,275.35,5.0,7.0,68.0,25.0,-26.0,3.0,0.025,1e-05,0.025,1e-05,0.025,1e-05,0.025,1e-05,0.025,1e-05,0.025,1e-05,5148714,596144,9819,597068,9790,0.115785029038319,0.0019070781558268,0.1159644913273489,0.0019014456813876
06-26-2021,227.75,292.17,2.0,9.0,102.0,38.0,-5.0,0.0,0.025,1e-05,0.025,1e-05,0.025,1e-05,0.025,1e-05,0.025,1e-05,0.025,1e-05,5148714,596144,9819,597248,9794,0.115785029038319,0.0019070781558268,0.1159994515135235,0.0019022225744137
06-27-2021,172.31,202.84,9.0,11.0,75.0,49.0,-10.0,0.0,0.025,1e-05,0.025,1e-05,0.025,1e-05,0.025,1e-05,0.025,1e-05,0.025,1e-05,5148714,596144,9819,597459,9794,0.115785029038319,0.0019070781558268,0.1160404326206505,0.0019022225744137
06-28-2021,186.34,219.79,7.0,9.0,42.0,18.0,-25.0,3.0,0.025,1e-05,0.025,1e-05,0.025,1e-05,0.025,1e-05,0.025,1e-05,0.025,1e-05,5148714,596616,9814,597649,9795,0.1158767024153992,0.0019061070395442,0.1160773350393904,0.0019024167976702
06-29-2021,183.97,218.37,5.0,7.0,52.0,13.0,-26.0,4.0,0.025,1e-05,0.025,1e-05,0.025,1e-05,0.025,1e-05,0.025,1e-05,0.025,1e-05,5148714,596712,9817,597747,9798,0.1158953478480257,0.0019066897093138,0.1160963689185299,0.0019029994674398
06-30-2021,191.71,220.72,10.0,11.0,50.0,19.0,-25.0,4.0,0.025,1e-05,0.025,1e-05,0.025,1e-05,0.025,1e-05,0.025,1e-05,0.025,1e-05,5148714,596840,9819,597905,9800,0.115920208424861,0.0019070781558268,0.116127056193061,0.0019033879139528
07-01-2021,203.9,226.57,11.0,15.0,55.0,29.0,-26.0,4.0,0.025,1e-05,0.025,1e-05,0.025,1e-05,0.025,1e-05,0.025,1e-05,0.025,1e-05,5148714,597021,9826,598101,9807,0.1159553628342922,0.0019084377186225,0.11616512395134,0.0019047474767485
07-02-2021,223.42,256.98,9.0,16.0,42.0,32.0,-30.0,5.0,0.025,1e-05,0.025,1e-05,0.025,1e-05,0.025,1e-05,0.025,1e-05,0.025,1e-05,5148714,597261,9830,598335,9811,0.1160019764158584,0.0019092146116486,0.1162105721933671,0.0019055243697746
07-03-2021,219.29,292.54,4.0,23.0,121.0,41.0,-14.0,-1.0,0.025,1e-05,0.025,1e-05,0.025,1e-05,0.025,1e-05,0.025,1e-05,0.025,1e-05,5148714,597261,9830,598565,9813,0.1160019764158584,0.0019092146116486,0.116255243542368,0.0019059128162877
07-04-2021,159.35,230.98,-2.0,17.0,131.0,20.0,-23.0,-1.0,0.025,1e-05,0.025,1e-05,0.025,1e-05,0.025,1e-05,0.025,1e-05,0.025,1e-05,5148714,597261,9830,598833,9820,0.1160019764158584,0.0019092146116486,0.1163072953751169,0.0019072723790833
07-05-2021,178.5,208.11,8.0,9.0,104.0,17.0,-63.0,13.0,0.025,1e-05,0.025,1e-05,0.025,1e-05,0.025,1e-05,0.025,1e-05,0.025,1e-05,5148714,597961,9841,599018,9821,0.1161379326954264,0.0019113510674704,0.1163432266775742,0.0019074666023399
07-06-2021,188.62,222.81,10.0,16.0,71.0,20.0,-29.0,6.0,0.025,1e-05,0.025,1e-05,0.025,1e-05,0.025,1e-05,0.025,1e-05,0.025,1e-05,5148714,598093,9841,599142,9821,0.1161635701652878,0.0019113510674704,0.1163673103613834,0.0019074666023399
07-07-2021,183.38,210.32,7.0,12.0,40.0,12.0,-29.0,6.0,0.025,1e-05,0.025,1e-05,0.025,1e-05,0.025,1e-05,0.025,1e-05,0.025,1e-05,5148714,598229,9843,599303,9823,0.1161899845281753,0.0019117395139834,0.1163985803056841,0.0019078550488529
07-08-2021,184.64,215.66,3.0,5.0,29.0,11.0,-30.0,9.0,0.025,1e-05,0.025,1e-05,0.025,1e-05,0.025,1e-05,0.025,1e-05,0.025,1e-05,5148714,598511,9844,599575,9824,0.1162447554865156,0.00191193373724,0.1164514090314591,0.0019080492721095
07-09-2021,219.67,257.5,3.0,8.0,57.0,23.0,-27.0,5.0,0.025,1e-05,0.025,1e-05,0.025,1e-05,0.025,1e-05,0.025,1e-05,0.025,1e-05,5148714,598918,9846,599978,9826,0.1163238043519216,0.001912322183753,0.116529681003839,0.0019084377186225
07-10-2021,226.89,277.93,2.0,11.0,96.0,42.0,-7.0,0.0,0.025,1e-05,0.025,1e-05,0.025,1e-05,0.025,1e-05,0.025,1e-05,0.025,1e-05,5148714,598918,9846,600382,9833,0.1163238043519216,0.001912322183753,0.1166081471994754,0.0019097972814182
07-11-2021,165.22,192.85,8.0,12.0,63.0,49.0,-11.0,1.0,0.025,1e-05,0.025,1e-05,0.025,1e-05,0.025,1e-05,0.025,1e-05,0.025,1e-05,5148714,598918,9846,600812,9834,0.1163238043519216,0.001912322183753,0.1166916631997815,0.0019099915046747
07-12-2021,186.46,218.47,7.0,11.0,55.0,19.0,-24.0,5.0,0.025,1e-05,0.025,1e-05,0.025,1e-05,0.025,1e-05,0.025,1e-05,0.025,1e-05,5148714,600027,9856,601191,9836,0.1165391979434087,0.0019142644163183,0.1167652738140048,0.0019103799511878
07-13-2021,186.94,218.48,8.0,12.0,57.0,14.0,-25.0,5.0,0.025,1e-05,0.025,1e-05,0.025,1e-05,0.025,1e-05,0.025,1e-05,0.025,1e-05,5148714,600283,9856,601448,9836,0.1165889190970793,0.0019142644163183,0.1168151891909319,0.0019103799511878
07-14-2021,192.14,222.07,10.0,12.0,54.0,16.0,-25.0,4.0,0.025,1e-05,0.025,1e-05,0.025,1e-05,0.025,1e-05,0.025,1e-05,0.025,1e-05,5148714,600607,9860,601786,9839,0.1166518474321937,0.0019150413093444,0.1168808366516376,0.0019109626209573
07-15-2021,204.14,235.85,11.0,13.0,57.0,23.0,-25.0,4.0,0.025,1e-05,0.025,1e-05,0.025,1e-05,0.025,1e-05,0.025,1e-05,0.025,1e-05,5148714,601232,9865,602435,9844,0.1167732369675223,0.001916012425627,0.1170068875451229,0.00191193373724
07-16-2021,229.9,270.26,5.0,10.0,60.0,24.0,-25.0,4.0,0.025,1e-05,0.025,1e-05,0.025,1e-05,0.025,1e-05,0.025,1e-05,0.025,1e-05,5148714,601803,9862,603003,9849,0.1168841384469986,0.0019154297558574,0.1171172063548295,0.0019129048535226
07-17-2021,230.43,292.75,4.0,14.0,103.0,40.0,-7.0,0.0,0.025,1e-05,0.025,1e-05,0.025,1e-05,0.025,1e-05,0.025,1e-05,0.025,1e-05,5148714,601803,9862,603621,9853,0.1168841384469986,0.0019154297558574,0.1172372363273625,0.0019136817465487
07-18-2021,166.84,193.37,8.0,12.0,60.0,48.0,-11.0,1.0,0.025,1e-05,0.025,1e-05,0.025,1e-05,0.025,1e-05,0.025,1e-05,0.025,1e-05,5148714,601803,9862,604225,9854,0.1168841384469986,0.0019154297558574,0.1173545471743041,0.0019138759698052
07-19-2021,183.36,209.79,6.0,10.0,37.0,19.0,-24.0,6.0,0.025,1e-05,0.025,1e-05,0.025,1e-05,0.025,1e-05,0.025,1e-05,0.025,1e-05,5148714,603641,9857,604824,9856,0.117241120792493,0.0019144586395748,0.117470886904963,0.0019142644163183
07-20-2021,181.44,211.85,7.0,10.0,36.0,12.0,-25.0,7.0,0.025,1e-05,0.025,1e-05,0.025,1e-05,0.025,1e-05,0.025,1e-05,0.025,1e-05,5148714,603973,9860,605157,9859,0.1173056029136596,0.0019150413093444,0.1175355632493861,0.0019148470860879
07-21-2021,190.55,220.39,9.0,12.0,55.0,15.0,-25.0,5.0,0.025,1e-05,0.025,1e-05,0.025,1e-05,0.025,1e-05,0.025,1e-05,0.025,1e-05,5148714,604650,9870,605911,9868,0.1174370920583275,0.0019169835419096,0.1176820075848066,0.0019165950953966
07-22-2021,202.21,230.05,7.0,11.0,52.0,20.0,-25.0,5.0,0.025,1e-05,0.025,1e-05,0.025,1e-05,0.025,1e-05,0.025,1e-05,0.025,1e-05,5148714,605590,9876,606854,9875,0.1176196619194618,0.0019181488814488,0.1178651601157104,0.0019179546581923
07-23-2021,224.34,267.42,4.0,10.0,61.0,23.0,-25.0,4.0,0.025,1e-05,0.025,1e-05,0.025,1e-05,0.025,1e-05,0.025,1e-05,0.025,1e-05,5148714,606833,9878,608102,9878,0.1178610814273234,0.0019185373279618,0.1181075507398546,0.0019185373279618
07-24-2021,227.83,293.48,2.0,12.0,97.0,35.0,-6.0,0.0,0.025,1e-05,0.025,1e-05,0.025,1e-05,0.025,1e-05,0.025,1e-05,0.025,1e-05,5148714,606833,9878,609250,9879,0.1178610814273234,0.0019185373279618,0.1183305190383462,0.0019187315512184
07-25-2021,168.56,200.6,8.0,13.0,72.0,51.0,-10.0,1.0,0.025,1e-05,0.025,1e-05,0.025,1e-05,0.025,1e-05,0.025,1e-05,0.025,1e-05,5148714,606833,9878,610829,9881,0.1178610814273234,0.0019185373279618,0.1186371975604005,0.0019191199977314
07-26-2021,183.72,213.96,6.0,10.0,47.0,19.0,-24.0,5.0,0.025,1e-05,0.025,1e-05,0.025,1e-05,0.025,1e-05,0.025,1e-05,0.025,1e-05,5148714,610477,9882,611833,9883,0.1185688309741034,0.0019193142209879,0.1188321977099524,0.0019195084442445
07-27-2021,184.13,215.6,7.0,11.0,43.0,12.0,-25.0,6.0,0.025,1e-05,0.025,1e-05,0.025,1e-05,0.025,1e-05,0.025,1e-05,0.025,1e-05,5148714,611594,9883,612989,9884,0.1187857783516427,0.0019195084442445,0.1190567197944962,0.001919702667501
07-28-2021,187.78,216.35,7.0,10.0,36.0,14.0,-25.0,5.0,0.025,1e-05,0.025,1e-05,0.025,1e-05,0.025,1e-05,0.025,1e-05,0.025,1e-05,5148714,613033,9894,614455,9895,0.1190652656177834,0.0019216449000663,0.119341451088563,0.0019218391233228
07-29-2021,197.22,225.09,7.0,11.0,51.0,20.0,-25.0,5.0,0.025,1e-05,0.025,1e-05,0.025,1e-05,0.025,1e-05,0.025,1e-05,0.025,1e-05,5148714,614912,9904,616424,9903,0.1194302111167953,0.0019235871326315,0.1197238766806624,0.001923392909375
07-30-2021,220.15,256.27,5.0,11.0,48.0,22.0,-26.0,4.0,0.025,1e-05,0.025,1e-05,0.025,1e-05,0.025,1e-05,0.025,1e-05,0.025,1e-05,5148714,617148,9904,618690,9905,0.119864494318387,0.0019235871326315,0.1201639865799498,0.001923781355888
07-31-2021,220.1,270.97,2.0,12.0,76.0,37.0,-7.0,0.0,0.025,1e-05,0.025,1e-05,0.025,1e-05,0.025,1e-05,0.025,1e-05,0.025,1e-05,5148714,617148,9904,620754,9910,0.119864494318387,0.0019235871326315,0.1205648633814191,0.0019247524721707
08-01-2021,165.27,190.51,8.0,13.0,51.0,50.0,-11.0,1.0,0.025,1e-05,0.025,1e-05,0.025,1e-05,0.025,1e-05,0.025,1e-05,0.025,1e-05,5148714,617148,9904,622649,9914,0.119864494318387,0.0019235871326315,0.1209329164525355,0.0019255293651968
08-02-2021,180.28,208.49,8.0,14.0,50.0,19.0,-24.0,5.0,0.025,1e-05,0.025,1e-05,0.025,1e-05,0.025,1e-05,0.025,1e-05,0.025,1e-05,5148714,623947,9915,625152,9915,0.121185018239506,0.0019257235884533,0.1214190572636196,0.0019257235884533
08-03-2021,176.93,206.96,8.0,13.0,26.0,8.0,-26.0,7.0,0.025,1e-05,0.025,1e-05,0.025,1e-05,0.025,1e-05,0.025,1e-05,0.025,1e-05,5148714,626038,9917,627271,9917,0.1215911390689014,0.0019261120349664,0.1218306163441978,0.0019261120349664
08-04-2021,184.17,217.47,9.0,12.0,42.0,12.0,-26.0,5.0,0.025,1e-05,0.025,1e-05,0.025,1e-05,0.025,1e-05,0.025,1e-05,0.025,1e-05,5148714,628202,9930,629407,9929,0.1220114381960233,0.0019286369373012,0.1222454772201369,0.0019284427140447
08-05-2021,184.47,211.59,7.0,11.0,44.0,16.0,-26.0,5.0,0.025,1e-05,0.025,1e-05,0.025,1e-05,0.025,1e-05,0.025,1e-05,0.025,1e-05,5148714,631037,9939,632260,9938,0.1225620611282739,0.0019303849466099,0.122799596171005,0.0019301907233534
08-06-2021,210.92,251.68,3.0,8.0,33.0,15.0,-26.0,5.0,0.025,1e-05,0.025,1e-05,0.025,1e-05,0.025,1e-05,0.025,1e-05,0.025,1e-05,5148714,634310,9950,635603,9949,0.1231977538468829,0.0019325214024317,0.1234488845175708,0.0019323271791752
08-07-2021,205.79,266.32,2.0,11.0,64.0,27.0,-7.0,1.0,0.025,1e-05,0.025,1e-05,0.025,1e-05,0.025,1e-05,0.025,1e-05,0.025,1e-05,5148714,634310,9950,639209,9964,0.1231977538468829,0.0019325214024317,0.1241492535806028,0.0019352405280231
08-08-2021,158.78,184.89,9.0,14.0,59.0,43.0,-10.0,1.0,0.025,1e-05,0.025,1e-05,0.025,1e-05,0.025,1e-05,0.025,1e-05,0.025,1e-05,5148714,634310,9950,642343,9971,0.1231977538468829,0.0019325214024317,0.1247579492665547,0.0019366000908187
08-09-2021,178.19,206.43,6.0,12.0,49.0,15.0,-24.0,5.0,0.025,1e-05,0.025,1e-05,0.025,1e-05,0.025,1e-05,0.025,1e-05,0.025,1e-05,5148714,643621,9981,644860,9980,0.1250061665883947,0.001938542323384,0.1252468092032301,0.0019383481001275
08-10-2021,181.96,213.62,7.0,14.0,47.0,10.0,-24.0,5.0,0.025,1e-05,0.025,1e-05,0.025,1e-05,0.025,1e-05,0.025,1e-05,0.025,1e-05,5148714,645859,9992,647102,9991,0.1254408382364994,0.0019406787792058,0.125682257744361,0.0019404845559493
08-11-2021,186.92,223.57,7.0,11.0,34.0,9.0,-25.0,5.0,0.025,1e-05,0.025,1e-05,0.025,1e-05,0.025,1e-05,0.025,1e-05,0.025,1e-05,5148714,648508,10007,649858,10006,0.1259553356430363,0.0019435921280537,0.1262175370393461,0.0019433979047971
08-12-2021,196.71,241.4,8.0,12.0,41.0,16.0,-25.0,5.0,0.025,1e-05,0.025,1e-05,0.025,1e-05,0.025,1e-05,0.025,1e-05,0.025,1e-05,5148714,651787,10019,653164,10018,0.1265921937011844,0.001945922807132,0.1268596391254204,0.0019457285838755
08-13-2021,221.69,280.49,5.0,11.0,43.0,16.0,-24.0,4.0,0.025,1e-05,0.025,1e-05,0.025,1e-05,0.025,1e-05,0.025,1e-05,0.025,1e-05,5148714,656313,10039,657752,10034,0.1274712481602202,0.0019498072722625,0.1277507354263608,0.0019488361559799
08-14-2021,215.18,298.34,3.0,12.0,65.0,26.0,-7.0,1.0,0.025,1e-05,0.025,1e-05,0.025,1e-05,0.025,1e-05,0.025,1e-05,0.025,1e-05,5148714,656313,10039,661615,10082,0.1274712481602202,0.0019498072722625,0.12850101986632,0.0019581588722931
08-15-2021,164.12,214.6,11.0,16.0,31.0,42.0,-10.0,2.0,0.025,1e-05,0.025,1e-05,0.025,1e-05,0.025,1e-05,0.025,1e-05,0.025,1e-05,5148714,656313,10039,665746,10088,0.1274712481602202,0.0019498072722625,0.1293033561390281,0.0019593242118323
08-16-2021,178.96,242.39,8.0,12.0,17.0,15.0,-23.0,5.0,0.025,1e-05,0.025,1e-05,0.0250000002135936,1.4236351652508562e-05,0.0250000002544798,1.4612777651335448e-05,0.025,1e-05,0.025,1e-05,5148714,667352,10108,669016,10107,0.1296152786890085,0.0019632086769628,0.1299384661878675,0.0019630144537063
08-17-2021,170.91,251.25,4.0,10.0,8.0,5.0,-25.0,7.0,0.025,1e-05,0.025,1e-05,0.0250000002683457,1.5083791366309811e-05,0.0250000003578999,1.6797928056709195e-05,0.025,1e-05,0.025,1e-05,5148714,669638,10115,671360,10114,0.1300592730534265,0.0019645682397585,0.130393725501164,0.0019643740165019
08-18-2021,181.64,317.83,6.0,12.0,22.0,6.0,-22.0,5.0,0.025,1e-05,0.0250000002627029,2.064223743027981e-05,0.0250000003704084,1.7181797573567327e-05,0.0250000004424596,1.8689422977549965e-05,0.025,1e-05,0.025,1e-05,5148714,673172,10140,674925,10140,0.1307456580419887,0.0019694238211716,0.1310861314106784,0.0019694238211716
08-19-2021,189.95,350.15,2.0,10.0,25.0,10.0,-22.0,5.0,0.025,1e-05,0.0250000002774407,2.13758134559615e-05,0.0250000004125578,1.789007360145715e-05,0.0250000004768576,1.9365746774520417e-05,0.025,1e-05,0.025,1e-05,5148714,676431,10182,678283,10183,0.1313786316350063,0.0019775811979457,0.1317383331060921,0.0019777754212022
08-20-2021,213.91,339.56,1.0,9.0,34.0,12.0,-21.0,3.0,0.0250000003175329,2.214934988444506e-05,0.025000000338923,2.3777793028122143e-05,0.0250000005073587,1.967890280575721e-05,0.0250000005603917,2.0997195416821795e-05,0.025,1e-05,0.025,1e-05,5148714,681659,10213,683712,10214,0.1323940308201232,0.001983602118898,0.1327927711657707,0.0019837963421545
08-21-2021,195.32,283.56,-1.0,10.0,59.0,16.0,-7.0,2.0,0.0250000003643104,2.396481915555563e-05,0.0250000003932367,2.583079398453675e-05,0.0250000005985305,2.141026875437057e-05,0.0250000006416976,2.257065292212555e-05,0.025,1e-05,0.025,1e-05,5148714,681659,10213,688525,10244,0.1323940308201232,0.001983602118898,0.1337275676994294,0.0019896230398503
08-22-2021,143.98,184.39,1.0,10.0,17.0,25.0,-11.0,3.0,0.0250000004474425,2.8220439660161973e-05,0.0250000003218953,2.2191119789711436e-05,0.0250000007331592,2.442117009014308e-05,0.025000000705286,2.375939947097133e-05,0.025,1e-05,0.0250000001639909,1.0924362411702393e-05,5148714,681659,10213,693813,10271,0.1323940308201232,0.001983602118898,0.1347546202799378,0.0019948670677765
08-23-2021,169.26,290.23,1.0,11.0,30.0,9.0,-21.0,4.0,0.0250000004976026,3.131971790368308e-05,0.0250000004190706,2.6470809014454823e-05,0.0250000008413797,2.7050389982305963e-05,0.0250000008207122,2.6205782407994574e-05,0.0250000001884654,1.11668488275467e-05,0.0250000002677137,1.1860075698688866e-05,5148714,695489,10314,697511,10315,0.1350801384578751,0.0020032186678071,0.1354728578825703,0.0020034128910636
08-24-2021,167.92,273.32,1.0,11.0,29.0,5.0,-23.0,5.0,0.0250000003943642,2.5527144458300087e-05,0.0250000004850738,2.919917167491532e-05,0.0250000008388395,2.651510996542172e-05,0.0250000009466649,2.8806519396062748e-05,0.0250000003330585,1.2469446261831029e-05,0.0250000003969328,1.304177507258477e-05,5148714,699197,10324,701230,10325,0.1358003182930728,0.0020051609003724,0.1361951741735897,0.0020053551236289
08-25-2021,167.79,255.01,1.0,9.0,20.0,4.0,-23.0,5.0,0.0250000005013013,3.0120703279067127e-05,0.025000000565576,3.322163179635721e-05,0.0250000009485043,2.8789535704758234e-05,0.0250000010375011,3.0835775796053794e-05,0.0250000004705982,1.3743389400870371e-05,0.0250000005121797,1.4121782471362776e-05,5148714,702894,10357,705223,10357,0.1365183616724486,0.0020115702678377,0.1369707076368972,0.0020115702678377
08-26-2021,174.76,246.26,1.0,9.0,27.0,10.0,-24.0,5.0,0.0250000005371048,3.1543579884012254e-05,0.0250000005746274,3.382918432861505e-05,0.0250000010378027,3.063985044805386e-05,0.0250000011088708,3.2420208037442685e-05,0.0250000005819453,1.4760801598667314e-05,0.0250000006348544,1.5277529773777055e-05,5148714,707435,10413,709681,10414,0.1374003294803323,0.0020224467702032,0.1378365549144893,0.0020226409934597
08-27-2021,200.09,278.89,-1.0,8.0,29.0,8.0,-22.0,4.0,0.0250000005374279,3.096693045988466e-05,0.0250000005552541,3.248641000116088e-05,0.0250000011744483,3.345143784325176e-05,0.0250000012313349,3.499161367880397e-05,0.0250000007355815,1.6175787786594737e-05,0.025000000782499,1.6656501597917693e-05,5148714,714265,10452,716568,10453,0.1387268743224036,0.0020300214772077,0.1391741704821825,0.0020302157004642
08-28-2021,191.31,283.55,-2.0,10.0,68.0,10.0,-7.0,2.0,0.0250000005837491,3.2781986381724214e-05,0.0250000005912998,3.374179014265298e-05,0.0250000012642453,3.5258380940803445e-05,0.0250000013328665,3.71114796445617e-05,0.0250000008390279,1.7058499718621407e-05,0.025000000880436,1.7505063909886893e-05,5148714,714265,10452,722683,10504,0.1387268743224036,0.0020300214772077,0.1403618456958378,0.002040121086547
08-29-2021,140.89,168.48,1.0,11.0,37.0,24.0,-11.0,3.0,0.0250000006966511,3.870009120480859e-05,0.0250000006520055,3.600544399409224e-05,0.0250000014438528,3.946788177441069e-05,0.0250000012670384,3.5257189877166695e-05,0.0250000009305182,1.789561757663699e-05,0.0250000010070454,1.8645153183978386e-05,5148714,714265,10452,728848,10553,0.1387268743224036,0.0020300214772077,0.1415592320723194,0.0020496380261168
08-30-2021,159.6,206.59,-1.0,10.0,29.0,5.0,-22.0,5.0,0.0250000007641883,4.297245127527304e-05,0.025000000737126,3.946204772019565e-05,0.0250000015870627,4.310579619560565e-05,0.0250000014618779,3.946851792592106e-05,0.025000001061466,1.922914671355652e-05,0.0250000011767295,2.0241271176710784e-05,5148714,730685,10562,733266,10554,0.1419160201945573,0.0020513860354255,0.1424173104196504,0.0020498322493733
08-31-2021,160.81,200.06,0.0,11.0,21.0,3.0,-23.0,6.0,0.0250000005486792,3.207344602132554e-05,0.0250000006838617,3.763745317118671e-05,0.0250000013843659,3.8152925043989e-05,0.0250000015369955,4.129884027358736e-05,0.0250000012496103,2.1011510655546304e-05,0.0250000013123686,2.1557029748179316e-05,5148714,735287,10598,737694,10590,0.142809835621089,0.0020583780726604,0.1432773309995466,0.0020568242866082
