date,Utah-apple-driving,Utah-apple-walking,Utah-google-retail_and_recreation,Utah-google-grocery_and_pharmacy,Utah-google-parks,Utah-google-transit_stations,Utah-google-workplaces,Utah-google-residential,Utah-jh_beta_7,Utah-jh_gamma_7,Utah-cdc_beta_7,Utah-cdc_gamma_7,Utah-jh_beta_14,Utah-jh_gamma_14,Utah-cdc_beta_14,Utah-cdc_gamma_14,Utah-jh_beta_30,Utah-jh_gamma_30,Utah-cdc_beta_30,Utah-cdc_gamma_30,Utah-census_pop,Utah-jh_confirmed,Utah-jh_death,Utah-cdc_confirmed,Utah-cdc_death,Utah-jh_confirmed_ratio,Utah-jh_death_ratio,Utah-cdc_confirmed_ratio,Utah-cdc_death_ratio
01-01-2021,110.6,133.28,-36.0,-33.0,9.0,-56.0,-77.0,24.0,0.025,1e-05,0.025,1e-05,0.025000001295012,3.50490564683466e-05,0.025000001295012,3.50490564683466e-05,0.0250000045181097,4.972249008025653e-05,0.0250000045181097,4.972249008025653e-05,3205958,276612,1269,279722,1278,0.0862806062961523,0.0003958255223555,0.0872506751492065,0.0003986327955637
01-02-2021,138.25,162.85,-22.0,-14.0,-1.0,-25.0,-18.0,8.0,0.025,1e-05,0.025,1e-05,0.0250000012201593,3.345175369011714e-05,0.0250000012517884,3.392658280548668e-05,0.0250000042944991,4.788824257136061e-05,0.0250000043118513,4.8004212900360586e-05,3205958,281654,1294,281654,1294,0.0878533031312325,0.0004036235034894,0.0878533031312325,0.0004036235034894
01-03-2021,89.98,97.99,-19.0,-14.0,-17.0,-27.0,-22.0,6.0,0.025,1e-05,0.025,1e-05,0.0250000013042446,3.492350719656755e-05,0.0250000013313759,3.5363409377068614e-05,0.0250000041982841,4.7178031529174326e-05,0.0250000042139418,4.728667232381409e-05,3205958,283473,1301,283473,1301,0.0884206842385333,0.0004058069382069,0.0884206842385333,0.0004058069382069
01-04-2021,123.52,147.93,-14.0,-5.0,-2.0,-35.0,-30.0,10.0,0.025,1e-05,0.025,1e-05,0.0250000013894292,3.658278346545968e-05,0.0250000014123928,3.698723910953582e-05,0.0250000041748782,4.714779736129545e-05,0.0250000041890496,4.7249944756638e-05,3205958,285633,1305,285633,1305,0.0890944298085003,0.0004070546151883,0.0890944298085003,0.0004070546151883
01-05-2021,124.4,150.53,-16.0,-5.0,5.0,-38.0,-31.0,11.0,0.0250000002646862,2.0430513928142413e-05,0.0250000002692084,2.0674940385500297e-05,0.0250000014674158,3.828592882956077e-05,0.0250000014865704,3.865495177968663e-05,0.025000004015985,4.585697944368485e-05,0.0250000040287374,4.595262640276408e-05,3205958,288951,1312,288951,1312,0.0901293778645883,0.0004092380499058,0.0901293778645883,0.0004092380499058
01-06-2021,121.0,149.15,-16.0,-8.0,2.0,-37.0,-30.0,11.0,0.025,1e-05,0.025,1e-05,0.0250000014286563,3.75335587313411e-05,0.0250000014443963,3.786809314042207e-05,0.0250000041238933,4.711922494715295e-05,0.0250000041354072,4.720915124471843e-05,3205958,292720,1330,292720,1330,0.0913050015003315,0.0004148525963222,0.0913050015003315,0.0004148525963222
01-07-2021,125.96,151.39,-18.0,-9.0,-1.0,-37.0,-30.0,12.0,0.025,1e-05,0.025,1e-05,0.0250000012209056,3.290496284360187e-05,0.0250000012335951,3.3205546332026404e-05,0.0250000040809308,4.683997125345571e-05,0.0250000040913144,4.692453229398098e-05,3205958,297317,1359,297317,1359,0.0927388942712287,0.0004238982544375,0.0927388942712287,0.0004238982544375
01-08-2021,146.59,183.58,-19.0,-11.0,-4.0,-38.0,-29.0,11.0,0.025,1e-05,0.025,1e-05,0.0250000013509447,3.521779788257583e-05,0.0250000013609328,3.548481169314748e-05,0.0250000038493374,4.461140517887277e-05,0.0250000038586677,4.4690765313035344e-05,3205958,301110,1381,301110,1381,0.0939220039688604,0.0004307604778353,0.0939220039688604,0.0004307604778353
01-09-2021,145.55,179.77,-19.0,-11.0,-9.0,-30.0,-12.0,7.0,0.0250000003038752,2.139044835380878e-05,0.025,1e-05,0.0250000016524828,4.117011161052352e-05,0.0250000016600256,4.140103887505389e-05,0.0250000036340845,4.2492616731324544e-05,0.0250000036424307,4.256689999257989e-05,3205958,303723,1390,303723,1390,0.0947370489569732,0.0004335677510435,0.0947370489569732,0.0004335677510435
01-10-2021,88.37,106.7,-13.0,-9.0,-5.0,-33.0,-20.0,5.0,0.025,1e-05,0.025,1e-05,0.0250000017973639,4.401039977934255e-05,0.0250000018028951,4.420864861220014e-05,0.0250000034318342,4.055182165125687e-05,0.0250000034392436,4.0620987912299005e-05,3205958,305999,1392,305999,1392,0.0954469771594013,0.0004341915895342,0.0954469771594013,0.0004341915895342
01-11-2021,117.85,150.46,-17.0,-8.0,-10.0,-40.0,-28.0,10.0,0.0250000002902989,2.0987647967861934e-05,0.0250000002902989,2.0987647967861934e-05,0.025000001998584,4.8468347798430285e-05,0.0250000020023828,4.863213909850412e-05,0.0250000034363919,4.064780727781557e-05,0.0250000034429828,4.071243056938013e-05,3205958,307483,1396,307483,1396,0.0959098653195082,0.0004354392665156,0.0959098653195082,0.0004354392665156
01-12-2021,119.2,148.63,-19.0,-10.0,0.0,-41.0,-30.0,11.0,0.0250000003123454,2.2424583098154417e-05,0.0250000003123454,2.2424583098154417e-05,0.0250000021159535,5.134052579079617e-05,0.0250000021183653,5.147088660290559e-05,0.0250000033322033,3.976888165664429e-05,0.025000003337999,3.982875087809958e-05,3205958,309629,1422,309629,1422,0.0965792440200401,0.0004435491668948,0.0965792440200401,0.0004435491668948
01-13-2021,119.55,147.5,-18.0,-11.0,0.0,-39.0,-31.0,11.0,0.0250000003481018,2.4002954208366146e-05,0.0250000003481018,2.4002954208366146e-05,0.0250000020870855,5.062728928858682e-05,0.025000002088436,5.072492676327499e-05,0.0250000032247087,3.871791454037741e-05,0.0250000032298189,3.877362470967817e-05,3205958,314817,1449,314817,1449,0.0981974810649422,0.0004519709865194,0.0981974810649422,0.0004519709865194
01-14-2021,129.11,159.73,-19.0,-12.0,3.0,-37.0,-31.0,11.0,0.0250000003540855,2.3927858815744008e-05,0.0250000003540855,2.3927858815744008e-05,0.0250000020131128,4.859733565323283e-05,0.0250000020137099,4.866230605901632e-05,0.0250000033006748,3.939916107957612e-05,0.0250000033051588,3.945089113624416e-05,3205958,317559,1460,317559,1460,0.0990527636357057,0.0004554020982183,0.0990527636357057,0.0004554020982183
01-15-2021,156.08,193.18,-19.0,-11.0,3.0,-35.0,-32.0,11.0,0.0250000002955693,2.118776871092136e-05,0.0250000002955693,2.118776871092136e-05,0.0250000020815858,4.988838368497645e-05,0.0250000020817354,4.992104970456117e-05,0.0250000032486168,3.883839792569954e-05,0.0250000032525281,3.888629746392228e-05,3205958,320102,1472,320102,1472,0.0998459742766436,0.0004591451291626,0.0998459742766436,0.0004591451291626
01-16-2021,154.11,195.95,-21.0,-12.0,13.0,-30.0,-13.0,6.0,0.025,1e-05,0.025,1e-05,0.0250000023697942,5.611215647774056e-05,0.0250000022100376,5.264170527698992e-05,0.0250000031146901,3.751841807197512e-05,0.0250000031180633,3.7562442178484126e-05,3205958,322252,1485,322252,1485,0.100516600654157,0.0004632000793522,0.100516600654157,0.0004632000793522
01-17-2021,96.82,117.64,-13.0,-9.0,26.0,-33.0,-21.0,5.0,0.0250000002922295,2.104037549156016e-05,0.0250000002922295,2.104037549156016e-05,0.0250000021906608,5.221765665798456e-05,0.0250000021906608,5.221765665798456e-05,0.0250000028136067,3.455980797571735e-05,0.0250000028164899,3.460007400333814e-05,3205958,323837,1493,323837,1493,0.1010109926580448,0.000465695433315,0.1010109926580448,0.000465695433315
01-18-2021,132.4,150.91,-10.0,-9.0,14.0,-39.0,-49.0,13.0,0.0250000003441244,2.3592389506031287e-05,0.0250000003441244,2.3592389506031287e-05,0.0250000023215993,5.530976758638019e-05,0.0250000023215993,5.530976758638019e-05,0.0250000027586725,3.404928633694904e-05,0.0250000027611217,3.40860425926554e-05,3205958,324919,1500,324919,1500,0.1013484892815189,0.0004678788680325,0.1013484892815189,0.0004678788680325
01-19-2021,119.52,150.41,-21.0,-12.0,3.0,-39.0,-32.0,11.0,0.0250000003747113,2.5289949542271117e-05,0.0250000003747113,2.5289949542271117e-05,0.025000002488318,5.937431782871135e-05,0.025000002488318,5.937431782871135e-05,0.0250000027875857,3.439942796734656e-05,0.0250000027896477,3.443284601718957e-05,3205958,326221,1507,326221,1507,0.1017546081389712,0.00047006230275,0.1017546081389712,0.00047006230275
01-20-2021,117.24,146.25,-19.0,-11.0,7.0,-38.0,-30.0,10.0,0.0250000002860527,2.168898387073522e-05,0.0250000002860527,2.168898387073522e-05,0.0250000025804295,6.191424318475292e-05,0.0250000025804295,6.191424318475292e-05,0.0250000028288034,3.4891188432129826e-05,0.0250000028305221,3.49214435676116e-05,3205958,328380,1517,328308,1517,0.1024280417896928,0.0004731814952036,0.1024055836040272,0.0004731814952036
01-21-2021,124.26,150.23,-19.0,-12.0,5.0,-37.0,-29.0,11.0,0.025,1e-05,0.025,1e-05,0.0250000024466378,5.943100948963712e-05,0.0250000024466378,5.943100948963712e-05,0.0250000028832989,3.5523201882649e-05,0.0250000028847128,3.555042420869019e-05,3205958,330469,1547,330469,1547,0.1030796410932395,0.0004825390725642,0.1030796410932395,0.0004825390725642
01-22-2021,144.99,181.77,-20.0,-11.0,-11.0,-38.0,-29.0,11.0,0.025,1e-05,0.025,1e-05,0.0250000021644979,5.305111242578444e-05,0.0250000021644979,5.305111242578444e-05,0.025000002869626,3.541263945739103e-05,0.0250000028707678,3.5436888320484816e-05,3205958,333118,1571,333118,1571,0.103905915174185,0.0004900251344527,0.103905915174185,0.0004900251344527
01-23-2021,137.41,170.67,-26.0,-16.0,-23.0,-34.0,-14.0,8.0,0.025,1e-05,0.025,1e-05,0.0250000020596327,5.028239180332762e-05,0.0250000020596327,5.028239180332762e-05,0.0250000027111801,3.3828975207786014e-05,0.0250000027120827,3.385033625593746e-05,3205958,334889,1582,334889,1582,0.1044583241577088,0.0004934562461516,0.1044583241577088,0.0004934562461516
01-24-2021,85.4,98.42,-20.0,-12.0,-7.0,-35.0,-21.0,6.0,0.0250000002857255,2.053074824081917e-05,0.0250000002857255,2.053074824081917e-05,0.0250000022019946,5.317576821857993e-05,0.0250000022019946,5.317576821857993e-05,0.02500000275629,3.4310869910327124e-05,0.0250000027569854,3.432944039710459e-05,3205958,336405,1595,336405,1595,0.1049311937336671,0.0004975111963413,0.1049311937336671,0.0004975111963413
01-25-2021,115.55,136.87,-21.0,-12.0,-16.0,-40.0,-28.0,10.0,0.0250000003288124,2.242912749026701e-05,0.0250000003288124,2.242912749026701e-05,0.025000002484122,5.9282245276858685e-05,0.025000002484122,5.9282245276858685e-05,0.0250000029568871,3.627025313351002e-05,0.0250000029574125,3.628631577239499e-05,3205958,337264,1597,337264,1597,0.1051991323654271,0.000498135034832,0.1051991323654271,0.000498135034832
01-26-2021,114.79,137.77,-23.0,-13.0,-9.0,-42.0,-30.0,11.0,0.0250000003502295,2.380384555769912e-05,0.0250000003502295,2.380384555769912e-05,0.0250000026693333,6.361674715170941e-05,0.0250000026693333,6.361674715170941e-05,0.0250000029693514,3.652811855471229e-05,0.0250000029697272,3.654155814433411e-05,3205958,338675,1613,338675,1613,0.1056392504206231,0.0005031257427577,0.1056392504206231,0.0005031257427577
01-27-2021,116.99,140.88,-20.0,-12.0,-15.0,-38.0,-30.0,11.0,0.0250000003785602,2.5329292180196705e-05,0.0250000003785602,2.5329292180196705e-05,0.0250000024053259,5.783499284775989e-05,0.0250000024053259,5.783499284775989e-05,0.0250000031123786,3.799442904342313e-05,0.0250000031126354,3.80054693409985e-05,3205958,340684,1620,340684,1620,0.1062658961845414,0.0005053091774751,0.1062658961845414,0.0005053091774751
01-28-2021,123.94,148.4,-19.0,-12.0,-5.0,-36.0,-29.0,11.0,0.0250000003799117,2.570624662480565e-05,0.0250000003798628,2.570373501599188e-05,0.0250000020993789,5.1293159969650704e-05,0.0250000020993789,5.1293159969650704e-05,0.0250000031882291,3.884945717509416e-05,0.0250000031883904,3.8858135615935406e-05,3205958,342445,1620,342445,1620,0.1068151859756116,0.0005053091774751,0.1068151859756116,0.0005053091774751
01-29-2021,147.5,183.02,-20.0,-10.0,-11.0,-35.0,-28.0,11.0,0.0250000002517672,2.044355958514768e-05,0.0250000002517672,2.044355958514768e-05,0.0250000020729503,5.128563102212157e-05,0.0250000020729503,5.128563102212157e-05,0.0250000030790112,3.793570452893298e-05,0.0250000030790999,3.794207724401686e-05,3205958,343962,1655,343962,1655,0.1072883674708152,0.0005162263510626,0.1072883674708152,0.0005162263510626
01-30-2021,152.2,191.65,-19.0,-10.0,2.0,-27.0,-11.0,6.0,0.025,1e-05,0.025,1e-05,0.0250000021315133,5.238660904682105e-05,0.0250000021315133,5.238660904682105e-05,0.0250000029395103,3.660360111339485e-05,0.0250000029395489,3.660776301096151e-05,3205958,345430,1663,345430,1663,0.1077462649229964,0.0005187217050254,0.1077462649229964,0.0005187217050254
01-31-2021,92.63,109.73,-12.0,-5.0,22.0,-29.0,-18.0,4.0,0.025,1e-05,0.025,1e-05,0.025000002141136,5.262183965239133e-05,0.025000002141136,5.262183965239133e-05,0.0250000028682402,3.604273332907707e-05,0.0250000028682497,3.604475805724867e-05,3205958,346624,1665,346624,1665,0.1081186965019504,0.0005193455435161,0.1081186965019504,0.0005193455435161
02-01-2021,117.31,138.22,-18.0,-8.0,-4.0,-37.0,-27.0,9.0,0.025,1e-05,0.025,1e-05,0.0250000022099655,5.453267071742219e-05,0.0250000022099655,5.453267071742219e-05,0.0250000030251405,3.768314112968526e-05,0.0250000028594642,3.61075773710408e-05,3205958,347208,1668,347208,1668,0.1083008573412377,0.0005202813012522,0.1083008573412377,0.0005202813012522
02-02-2021,118.61,144.65,-18.0,-8.0,22.0,-37.0,-29.0,10.0,0.025,1e-05,0.025,1e-05,0.0250000022618313,5.627516103251987e-05,0.0250000022618313,5.627516103251987e-05,0.0250000027666663,3.532011837689747e-05,0.0250000027666663,3.532011837689747e-05,3205958,348409,1685,348409,1685,0.1086754723549092,0.0005255839284232,0.1086754723549092,0.0005255839284232
02-03-2021,115.84,141.54,-19.0,-10.0,-10.0,-38.0,-29.0,11.0,0.025,1e-05,0.025,1e-05,0.0250000023451937,5.841319525792541e-05,0.0250000023451937,5.841319525792541e-05,0.0250000027982709,3.575598213995931e-05,0.0250000027982709,3.575598213995931e-05,3205958,350000,1697,350000,1697,0.1091717358742691,0.0005293269593675,0.1091717358742691,0.0005293269593675
02-04-2021,127.74,152.22,-18.0,-9.0,-2.0,-35.0,-28.0,10.0,0.025,1e-05,0.025,1e-05,0.02500000236973,5.911993860123069e-05,0.0250000023694901,5.911325912186852e-05,0.0250000028621004,3.65219364009901e-05,0.0250000028621004,3.65219364009901e-05,3205958,351273,1711,351273,1711,0.109568809073606,0.0005336938288024,0.109568809073606,0.0005336938288024
02-05-2021,151.35,181.74,-21.0,-9.0,-13.0,-35.0,-28.0,11.0,0.0250000002956332,2.2048635318164792e-05,0.0250000002956332,2.2048635318164792e-05,0.0250000019587515,4.987602458942023e-05,0.0250000019587515,4.987602458942023e-05,0.0250000028726809,3.676587359500756e-05,0.0250000028726809,3.676587359500756e-05,3205958,352489,1728,352489,1728,0.1099481028759578,0.0005389964559735,0.1099481028759578,0.0005389964559735
02-06-2021,162.54,204.6,-17.0,-1.0,7.0,-24.0,-10.0,5.0,0.025,1e-05,0.025,1e-05,0.0250000017059233,4.39515490196469e-05,0.0250000017059233,4.39515490196469e-05,0.0250000027477165,3.561650893169228e-05,0.0250000027477165,3.561650893169228e-05,3205958,353700,1733,353700,1733,0.1103258370820828,0.0005405560522003,0.1103258370820828,0.0005405560522003
02-07-2021,91.34,111.07,-18.0,2.0,20.0,-32.0,-17.0,3.0,0.025,1e-05,0.025,1e-05,0.0250000017119634,4.407345636363678e-05,0.0250000017119634,4.407345636363678e-05,0.0250000024732827,3.298309101923161e-05,0.0250000024732827,3.298309101923161e-05,3205958,354608,1736,354608,1736,0.1106090597568651,0.0005414918099363,0.1106090597568651,0.0005414918099363
02-08-2021,119.83,141.65,-18.0,-9.0,8.0,-34.0,-28.0,9.0,0.025,1e-05,0.025,1e-05,0.0250000008572351,2.709387977250234e-05,0.0250000008572351,2.709387977250234e-05,0.0250000022898721,3.127295903256792e-05,0.0250000022898721,3.127295903256792e-05,3205958,355122,1738,355122,1738,0.1107693862489776,0.000542115648427,0.1107693862489776,0.000542115648427
02-09-2021,120.06,144.59,-18.0,-8.0,3.0,-37.0,-28.0,10.0,0.0250000002460406,2.029708946871597e-05,0.0250000002460406,2.029708946871597e-05,0.0250000009242139,2.8861656700466413e-05,0.0250000009242139,2.8861656700466413e-05,0.0250000022666653,3.119365936897325e-05,0.0250000022666653,3.119365936897325e-05,3205958,356040,1748,356040,1748,0.1110557281162136,0.0005452348408806,0.1110557281162136,0.0005452348408806
02-10-2021,125.61,154.98,-15.0,-5.0,16.0,-33.0,-28.0,9.0,0.025,1e-05,0.025,1e-05,0.0250000008249825,2.6844979213115875e-05,0.0250000008249825,2.6844979213115875e-05,0.025000002329,3.197308437826618e-05,0.025000002329,3.197308437826618e-05,3205958,357339,1765,357339,1765,0.1114609112159298,0.0005505374680516,0.1114609112159298,0.0005505374680516
02-11-2021,138.56,164.83,-14.0,-4.0,8.0,-30.0,-28.0,10.0,0.025,1e-05,0.025,1e-05,0.0250000008499954,2.746354670561789e-05,0.0250000008499954,2.746354670561789e-05,0.0250000023848575,3.2632854689104045e-05,0.0250000023848575,3.2632854689104045e-05,3205958,358581,1774,358581,1774,0.1118483149186608,0.0005533447412598,0.1118483149186608,0.0005533447412598
02-12-2021,171.28,220.67,-15.0,-3.0,0.0,-29.0,-31.0,10.0,0.025,1e-05,0.025,1e-05,0.0250000009557505,2.989291949307887e-05,0.0250000009557505,2.989291949307887e-05,0.0250000021767895,3.05985785028207e-05,0.0250000021767895,3.05985785028207e-05,3205958,359641,1785,359641,1785,0.1121789493187371,0.0005567758529587,0.1121789493187371,0.0005567758529587
02-13-2021,164.8,218.93,-19.0,-3.0,-24.0,-29.0,-13.0,7.0,0.025,1e-05,0.025,1e-05,0.025000000656203,2.314110840244618e-05,0.025000000656203,2.314110840244618e-05,0.0250000019294182,2.820613514857997e-05,0.0250000019294182,2.820613514857997e-05,3205958,360584,1790,360584,1790,0.112473089167107,0.0005583354491855,0.112473089167107,0.0005583354491855
02-14-2021,107.46,144.08,-4.0,1.0,8.0,-31.0,-18.0,4.0,0.025,1e-05,0.025,1e-05,0.0250000006622626,2.3350914030766238e-05,0.0250000006622626,2.3350914030766238e-05,0.0250000018864033,2.7872851167851967e-05,0.0250000018864033,2.7872851167851967e-05,3205958,361294,1794,361294,1794,0.112694551831309,0.0005595831261669,0.112694551831309,0.0005595831261669
02-15-2021,124.61,143.36,-11.0,-8.0,-4.0,-38.0,-52.0,14.0,0.025,1e-05,0.025,1e-05,0.0250000007264769,2.4950416825761884e-05,0.0250000007264769,2.4950416825761884e-05,0.0250000018281279,2.739200168676163e-05,0.0250000018281279,2.739200168676163e-05,3205958,361756,1796,361756,1796,0.1128386585226631,0.0005602069646576,0.1128386585226631,0.0005602069646576
02-16-2021,120.96,143.32,-24.0,-11.0,-9.0,-39.0,-32.0,12.0,0.025,1e-05,0.025,1e-05,0.0250000007663558,2.606700873661076e-05,0.0250000007663558,2.606700873661076e-05,0.0250000017550267,2.6767907371018487e-05,0.0250000017550267,2.6767907371018487e-05,3205958,362347,1797,362347,1797,0.1130230027966679,0.000560518883903,0.1130230027966679,0.000560518883903
02-17-2021,120.26,140.27,-24.0,-12.0,-7.0,-39.0,-34.0,14.0,0.025,1e-05,0.025,1e-05,0.0250000006281605,2.322018740647309e-05,0.0250000006281605,2.322018740647309e-05,0.0250000017338972,2.668771056804276e-05,0.0250000017338972,2.668771056804276e-05,3205958,363248,1806,363248,1806,0.1133040420367328,0.0005633261571112,0.1133040420367328,0.0005633261571112
02-18-2021,134.74,160.6,-16.0,-6.0,-4.0,-32.0,-27.0,10.0,0.025,1e-05,0.025,1e-05,0.0250000005535121,2.1704996499919915e-05,0.0250000005535121,2.1704996499919915e-05,0.0250000017293787,2.675545011803693e-05,0.0250000017293787,2.675545011803693e-05,3205958,364399,1813,364399,1813,0.1136630610881365,0.0005655095918287,0.1136630610881365,0.0005655095918287
02-19-2021,159.08,201.24,-17.0,-6.0,-2.0,-31.0,-28.0,10.0,0.025,1e-05,0.025,1e-05,0.0250000004591429,1.968610023953304e-05,0.0250000004591429,1.968610023953304e-05,0.0250000017215037,2.6783984223241208e-05,0.0250000017215037,2.6783984223241208e-05,3205958,365256,1834,365256,1834,0.1139303758814058,0.0005720598959811,0.1139303758814058,0.0005720598959811
02-20-2021,160.26,203.74,-16.0,-7.0,7.0,-24.0,-10.0,5.0,0.025,1e-05,0.025,1e-05,0.0250000003649832,1.7412169202076404e-05,0.0250000003649832,1.7412169202076404e-05,0.0250000016880212,2.6502028587446105e-05,0.0250000016886721,2.6507606505477977e-05,3205958,366034,1842,366034,1842,0.114173049054292,0.000574555249944,0.114173049054292,0.000574555249944
02-21-2021,101.15,119.85,-9.0,-3.0,17.0,-25.0,-18.0,4.0,0.025,1e-05,0.025,1e-05,0.0250000004060575,1.822728721498623e-05,0.0250000004060575,1.822728721498623e-05,0.0250000014409396,2.3995909206661067e-05,0.0250000014409396,2.3995909206661067e-05,3205958,366735,1852,366735,1852,0.1143917044452859,0.0005776744423975,0.1143917044452859,0.0005776744423975
02-22-2021,124.54,147.0,-14.0,-6.0,10.0,-32.0,-26.0,8.0,0.025,1e-05,0.025,1e-05,0.0250000004735942,1.963751081245113e-05,0.0250000004735942,1.963751081245113e-05,0.0250000012581902,2.214888410330096e-05,0.0250000012581902,2.214888410330096e-05,3205958,367073,1853,367073,1853,0.1144971331502159,0.0005779863616429,0.1144971331502159,0.0005779863616429
02-23-2021,125.94,151.88,-15.0,-6.0,19.0,-33.0,-27.0,9.0,0.025,1e-05,0.025,1e-05,0.0250000005356546,2.105640711145741e-05,0.0250000005356546,2.105640711145741e-05,0.0250000012129471,2.173878909601542e-05,0.0250000012129471,2.173878909601542e-05,3205958,367789,1865,367789,1865,0.1147204673298901,0.0005817293925871,0.1147204673298901,0.0005817293925871
02-24-2021,127.66,152.0,-13.0,-7.0,0.0,-31.0,-28.0,10.0,0.025,1e-05,0.025,1e-05,0.0250000005162485,2.055471628842016e-05,0.0250000005162485,2.055471628842016e-05,0.0250000011531901,2.1155460490291545e-05,0.0250000011531901,2.1155460490291545e-05,3205958,368601,1879,368601,1879,0.1149737457571184,0.0005860962620221,0.1149737457571184,0.0005860962620221
02-25-2021,138.08,166.34,-13.0,-6.0,7.0,-29.0,-27.0,9.0,0.025,1e-05,0.025,1e-05,0.0250000004305579,1.84659891565481e-05,0.0250000004305579,1.84659891565481e-05,0.0250000012192814,2.1851206001060792e-05,0.0250000012192814,2.1851206001060792e-05,3205958,369433,1890,369433,1890,0.1152332625692538,0.000589527373721,0.1152332625692538,0.000589527373721
02-26-2021,165.18,202.52,-14.0,-5.0,1.0,-27.0,-28.0,9.0,0.025,1e-05,0.025,1e-05,0.0250000004388777,1.8505108238353315e-05,0.0250000004388777,1.8505108238353315e-05,0.0250000011377465,2.10066104608966e-05,0.0250000011377465,2.10066104608966e-05,3205958,370084,1907,370084,1907,0.11543632199798,0.000594830000892,0.11543632199798,0.000594830000892
02-27-2021,161.39,194.82,-16.0,-7.0,-11.0,-22.0,-10.0,5.0,0.025,1e-05,0.025,1e-05,0.0250000004421041,1.835107775375654e-05,0.0250000004421041,1.835107775375654e-05,0.0250000011544114,2.1164047140374503e-05,0.0250000011544114,2.1164047140374503e-05,3205958,370770,1929,370770,1929,0.1156502986002935,0.0006016922242899,0.1156502986002935,0.0006016922242899
02-28-2021,103.0,114.67,-7.0,-2.0,8.0,-21.0,-18.0,4.0,0.025,1e-05,0.025,1e-05,0.0250000005368153,2.016172802912909e-05,0.0250000005368153,2.016172802912909e-05,0.0250000012574941,2.217998280289504e-05,0.0250000012574941,2.217998280289504e-05,3205958,371235,1935,371235,1935,0.1157953410493836,0.000603563739762,0.1157953410493836,0.000603563739762
03-01-2021,128.72,152.53,-12.0,-3.0,14.0,-28.0,-26.0,8.0,0.025,1e-05,0.025,1e-05,0.0250000006280266,2.207638265929077e-05,0.0250000006280266,2.207638265929077e-05,0.025000000999184,1.9435710080157352e-05,0.025000000999184,1.9435710080157352e-05,3205958,371492,1940,371492,1940,0.1158755042954399,0.0006051233359888,0.1158755042954399,0.0006051233359888
03-02-2021,129.91,153.82,-12.0,-3.0,37.0,-31.0,-27.0,8.0,0.0250000003130666,2.2581408796192643e-05,0.0250000003130666,2.2581408796192643e-05,0.0250000007263679,2.4312806936831394e-05,0.0250000007263679,2.4312806936831394e-05,0.0250000010124733,1.9549814589052087e-05,0.0250000010124733,1.9549814589052087e-05,3205958,371979,1949,371979,1949,0.1160274089679278,0.000607930609197,0.1160274089679278,0.000607930609197
03-03-2021,134.95,165.49,-9.0,-1.0,42.0,-28.0,-28.0,8.0,0.0250000002983159,2.2219888217621847e-05,0.0250000002983159,2.2219888217621847e-05,0.0250000008302482,2.6734717417600416e-05,0.0250000008302482,2.6734717417600416e-05,0.0250000010871593,2.031007356994837e-05,0.0250000010871593,2.031007356994837e-05,3205958,372708,1955,372708,1955,0.1162547980977916,0.0006098021246691,0.1162547980977916,0.0006098021246691
03-04-2021,148.68,173.42,-11.0,-3.0,27.0,-26.0,-27.0,9.0,0.0250000002623891,2.09289018272353e-05,0.0250000002623891,2.09289018272353e-05,0.0250000008340415,2.696599922420467e-05,0.0250000008340415,2.696599922420467e-05,0.0250000011513244,2.0968156717261398e-05,0.0250000011513244,2.0968156717261398e-05,3205958,373319,1966,373319,1965,0.1164453807567036,0.000613233236368,0.1164453807567036,0.0006129213171226
03-05-2021,176.42,222.0,-10.0,0.0,49.0,-24.0,-29.0,8.0,0.025000000248926,2.045034140684047e-05,0.0250000002467993,2.038235582965162e-05,0.0250000008605771,2.7688439158757743e-05,0.0250000008583863,2.7653762163182665e-05,0.0250000010716271,2.0123415657780138e-05,0.0250000010705898,2.0115852507413983e-05,3205958,373868,1970,373868,1970,0.1166166244224035,0.0006144809133494,0.1166166244224035,0.0006144809133494
03-06-2021,175.53,225.57,-12.0,-3.0,52.0,-15.0,-12.0,3.0,0.025,1e-05,0.025,1e-05,0.0250000007221061,2.4729921684103357e-05,0.025000000720245,2.4698156995719694e-05,0.0250000010342986,1.9747109082565327e-05,0.0250000010333452,1.9739912882919124e-05,3205958,374438,1975,374438,1975,0.1167944183922559,0.0006160405095762,0.1167944183922559,0.0006160405095762
03-07-2021,111.65,132.05,0.0,3.0,81.0,-15.0,-17.0,2.0,0.025,1e-05,0.025,1e-05,0.0250000007166923,2.483779712099892e-05,0.0250000007151296,2.480886387489837e-05,0.0250000009750225,1.9150751257633323e-05,0.0250000009741473,1.914390612992945e-05,3205958,374850,1976,374850,1976,0.1169229291213422,0.0006163524288215,0.1169229291213422,0.0006163524288215
03-08-2021,134.99,165.13,-10.0,-3.0,33.0,-28.0,-27.0,8.0,0.025,1e-05,0.025,1e-05,0.0250000006735101,2.416922945239186e-05,0.0250000006722158,2.414305268578238e-05,0.0250000008786709,1.8190188532621176e-05,0.0250000008778695,1.818368452411276e-05,3205958,375110,1977,375109,1977,0.1170040281251345,0.0006166643480669,0.1170037162058891,0.0006166643480669
03-09-2021,136.34,163.01,-12.0,-4.0,21.0,-32.0,-31.0,9.0,0.025,1e-05,0.025,1e-05,0.0250000007154976,2.547798155859779e-05,0.025000000714442,2.545447009718989e-05,0.0250000008942205,1.842785398930262e-05,0.0250000008934887,1.8421682136927868e-05,3205958,375669,1990,375669,1990,0.1171783909832879,0.0006207192982565,0.1171783909832879,0.0006207192982565
03-10-2021,139.74,162.6,-9.0,-2.0,22.0,-28.0,-28.0,8.0,0.025,1e-05,0.025,1e-05,0.0250000006519502,2.4210171514088204e-05,0.0250000006511076,2.4189287071575304e-05,0.0250000009364186,1.892319004755274e-05,0.0250000009357517,1.8917337047910044e-05,3205958,376327,1992,376327,1992,0.1173836338467316,0.0006213431367472,0.1173836338467316,0.0006213431367472
03-11-2021,148.97,173.83,-11.0,-4.0,3.0,-26.0,-28.0,9.0,0.025,1e-05,0.025,1e-05,0.0250000005562845,2.2223481352740623e-05,0.0250000005556286,2.2205164034341935e-05,0.0250000009843423,1.949272278274267e-05,0.0250000009837356,1.948717502730268e-05,3205958,376973,2015,376973,2015,0.1175851336792309,0.0006285172793904,0.1175851336792309,0.0006285172793904
03-12-2021,148.97,173.83,-10.0,-2.0,14.0,-25.0,-29.0,9.0,0.025,1e-05,0.025,1e-05,0.0250000005300924,2.1499032966804856e-05,0.0250000005295978,2.1483218275379607e-05,0.0250000009665993,1.932244674264249e-05,0.0250000009660502,1.93172032021523e-05,3205958,377492,2017,377492,2017,0.1177470197675702,0.0006291411178811,0.1177470197675702,0.0006291411178811
03-13-2021,171.86,212.78,-12.0,-4.0,-8.0,-18.0,-13.0,5.0,0.025,1e-05,0.025,1e-05,0.0250000004267575,1.908992553518313e-05,0.0250000004263994,1.907654409889953e-05,0.0250000008714639,1.8362857811708803e-05,0.0250000008709693,1.8357916228316484e-05,3205958,377983,2021,377983,2021,0.1179001721170395,0.0006303887948625,0.1179001721170395,0.0006303887948625
03-14-2021,114.15,136.46,2.0,3.0,58.0,-18.0,-18.0,3.0,0.025,1e-05,0.025,1e-05,0.0250000002632199,1.5340812770643095e-05,0.0250000002629751,1.5329805944223843e-05,0.0250000008509629,1.820034935305984e-05,0.0250000008505192,1.819570099564436e-05,3205958,378379,2027,378379,2027,0.1180236921382001,0.0006322603103346,0.1180236921382001,0.0006322603103346
03-15-2021,145.82,177.82,-4.0,0.0,47.0,-26.0,-28.0,8.0,0.025,1e-05,0.025,1e-05,0.0250000002701125,1.548597691919198e-05,0.0250000002699581,1.5477279296484948e-05,0.0250000008102748,1.78273308420485e-05,0.0250000008098784,1.7822966031798297e-05,3205958,378600,2027,378600,2027,0.1180926262914236,0.0006322603103346,0.1180926262914236,0.0006322603103346
03-16-2021,148.53,180.44,-4.0,3.0,41.0,-28.0,-28.0,8.0,0.025,1e-05,0.025,1e-05,0.0250000002737939,1.5658538090170425e-05,0.0250000002737083,1.565209111207588e-05,0.025000000820721,1.801499100557816e-05,0.0250000008203685,1.8010901254247995e-05,3205958,379081,2032,379081,2032,0.1182426594484394,0.0006338199065614,0.1182426594484394,0.0006338199065614
03-17-2021,159.22,193.1,0.0,4.0,53.0,-22.0,-26.0,7.0,0.025,1e-05,0.025,1e-05,0.0250000002328113,1.4810744349833629e-05,0.0250000002327738,1.480649918661586e-05,0.0250000008398525,1.829484344273532e-05,0.0250000008395406,1.829101960228593e-05,3205958,379780,2037,379780,2037,0.1184606910009426,0.0006353795027882,0.1184606910009426,0.0006353795027882
03-18-2021,166.03,198.07,-3.0,0.0,64.0,-18.0,-27.0,7.0,0.025,1e-05,0.025,1e-05,0.0250000002222446,1.4653785662205045e-05,0.0250000002222354,1.4651690388187304e-05,0.025000000877573,1.8769508118628258e-05,0.0250000008772984,1.876594154011295e-05,3205958,380340,2041,380340,2041,0.1186353657783414,0.0006366271797696,0.1186353657783414,0.0006366271797696
03-19-2021,197.69,245.29,-3.0,2.0,78.0,-17.0,-28.0,7.0,0.025,1e-05,0.025,1e-05,0.025,1e-05,0.025,1e-05,0.025000000921303,1.931100014152116e-05,0.0250000009210631,1.930768608147224e-05,3205958,380787,2058,380787,2058,0.1187747936810151,0.0006419298069407,0.1187747936810151,0.0006419298069407
03-20-2021,189.4,230.02,-10.0,-5.0,-1.0,-12.0,-11.0,4.0,0.025,1e-05,0.025,1e-05,0.025,1e-05,0.025,1e-05,0.0250000008967156,1.909221185255469e-05,0.0250000008965078,1.9089146960458247e-05,3205958,381254,2060,381254,2060,0.1189204599685959,0.0006425536454314,0.1189204599685959,0.0006425536454314
03-21-2021,122.38,140.77,5.0,2.0,19.0,-11.0,-16.0,3.0,0.025,1e-05,0.025,1e-05,0.025,1e-05,0.025,1e-05,0.0250000008848423,1.9019979282059708e-05,0.0250000008846642,1.9017159152422592e-05,3205958,381629,2062,381629,2062,0.1190374296856041,0.0006431774839221,0.1190374296856041,0.0006431774839221
03-22-2021,151.57,175.55,-4.0,0.0,27.0,-24.0,-26.0,7.0,0.025,1e-05,0.025,1e-05,0.0250000002468427,1.528793509736523e-05,0.0250000002468427,1.528793509736523e-05,0.0250000007366433,1.7510616041443864e-05,0.0250000007364919,1.750803249974361e-05,3205958,381788,2062,381788,2062,0.1190870248456155,0.0006431774839221,0.1190870248456155,0.0006431774839221
03-23-2021,152.42,177.2,-4.0,0.0,37.0,-27.0,-27.0,8.0,0.025,1e-05,0.025,1e-05,0.025000000280817,1.6196997696253405e-05,0.0250000002808192,1.6197040083256603e-05,0.0250000007069274,1.7265593488137942e-05,0.0250000007068003,1.726324004076412e-05,3205958,382171,2077,382171,2077,0.1192064899165865,0.0006478562726024,0.1192064899165865,0.0006478562726024
03-24-2021,158.97,187.93,-1.0,1.0,56.0,-23.0,-28.0,8.0,0.025,1e-05,0.025,1e-05,0.0250000002092871,1.451140217297494e-05,0.0250000002092871,1.451140217297494e-05,0.0250000006677406,1.68824444033235e-05,0.0250000006676353,1.6880314995640832e-05,3205958,382733,2082,382733,2082,0.1193817885324761,0.0006494158688292,0.1193817885324761,0.0006494158688292
03-25-2021,167.14,186.1,-6.0,-2.0,20.0,-22.0,-28.0,9.0,0.025,1e-05,0.025,1e-05,0.0250000002512854,1.542903284227313e-05,0.0250000002512854,1.542903284227313e-05,0.0250000007142874,1.740256001688562e-05,0.0250000007142015,1.740064737110553e-05,3205958,383260,2088,383260,2088,0.1195461699747782,0.0006512873843013,0.1195461699747782,0.0006512873843013
03-26-2021,197.95,238.09,-5.0,0.0,26.0,-19.0,-30.0,8.0,0.025,1e-05,0.025,1e-05,0.025,1e-05,0.025,1e-05,0.0250000006545716,1.679458683960825e-05,0.025000000654503,1.6792887748559496e-05,3205958,383713,2091,383713,2091,0.119687469392924,0.0006522231420374,0.119687469392924,0.0006522231420374
03-27-2021,201.25,256.45,-6.0,-1.0,73.0,-5.0,-11.0,2.0,0.025,1e-05,0.025,1e-05,0.025,1e-05,0.025,1e-05,0.0250000005727295,1.5955908510711888e-05,0.0250000005726762,1.595441810524746e-05,3205958,384173,2101,384173,2101,0.1198309522457873,0.0006553423344909,0.1198309522457873,0.0006553423344909
03-28-2021,131.05,155.98,9.0,7.0,108.0,-6.0,-16.0,1.0,0.025,1e-05,0.025,1e-05,0.025,1e-05,0.025,1e-05,0.0250000005233862,1.544212802776568e-05,0.0250000005233459,1.5440841117064187e-05,3205958,384562,2114,384562,2114,0.1199522888322305,0.0006593972846805,0.1199522888322305,0.0006593972846805
03-29-2021,154.7,180.87,-2.0,0.0,34.0,-23.0,-32.0,8.0,0.025,1e-05,0.025,1e-05,0.025,1e-05,0.025,1e-05,0.02500000042538,1.4385121940463071e-05,0.0250000004253509,1.4384032926344658e-05,3205958,384756,2114,384756,2114,0.1200128011658293,0.0006593972846805,0.1200128011658293,0.0006593972846805
03-30-2021,157.83,186.56,-2.0,3.0,58.0,-25.0,-33.0,8.0,0.025,1e-05,0.025,1e-05,0.0250000002173904,1.4423720481070774e-05,0.0250000002173904,1.4423720481070774e-05,0.0250000002744376,1.278555956350328e-05,0.0250000002744177,1.2784663693192828e-05,3205958,385127,2118,385127,2118,0.1201285232058561,0.000660644961662,0.1201285232058561,0.000660644961662
03-31-2021,165.43,193.37,3.0,6.0,75.0,-20.0,-34.0,7.0,0.025,1e-05,0.025,1e-05,0.0250000002253275,1.4646947585848909e-05,0.0250000002253275,1.4646947585848909e-05,0.0250000002723195,1.2769183917850804e-05,0.0250000002723069,1.276847595656158e-05,3205958,385641,2122,385641,2122,0.1202888496979685,0.0006618926386434,0.1202888496979685,0.0006618926386434
04-01-2021,172.4,211.52,2.0,7.0,95.0,-18.0,-34.0,7.0,0.025,1e-05,0.025,1e-05,0.0250000002286483,1.4790577783211014e-05,0.0250000002286483,1.4790577783211014e-05,0.0250000002783844,1.2844073331971417e-05,0.0250000002783774,1.284354854915874e-05,3205958,386128,2125,386128,2125,0.1204407543704565,0.0006628283963794,0.1204407543704565,0.0006628283963794
04-02-2021,198.94,244.62,-2.0,12.0,99.0,-17.0,-36.0,6.0,0.025,1e-05,0.025,1e-05,0.0250000002370492,1.5076448566617814e-05,0.0250000002370492,1.5076448566617814e-05,0.0250000002435948,1.2494056826134616e-05,0.0250000002435918,1.2493711245164044e-05,3205958,386550,2131,386550,2131,0.1205723842919963,0.0006646999118516,0.1205723842919963,0.0006646999118516
04-03-2021,171.43,221.11,-13.0,8.0,86.0,-8.0,-16.0,1.0,0.025,1e-05,0.025,1e-05,0.025,1e-05,0.025,1e-05,0.0250000002363866,1.2435156573505087e-05,0.0250000002363859,1.2434985988836252e-05,3205958,386997,2132,386997,2132,0.12071181219467,0.0006650118310969,0.12071181219467,0.0006650118310969
04-04-2021,112.98,122.68,-18.0,6.0,105.0,-11.0,-30.0,0.0,0.025,1e-05,0.025,1e-05,0.025,1e-05,0.025,1e-05,0.0250000001787589,1.1853019061368316e-05,0.0250000001880509,1.1951706979359174e-05,3205958,387341,2132,387341,2192,0.1208191124150721,0.0006650118310969,0.1208191124150721,0.0006837269858182
04-05-2021,158.29,186.05,-1.0,0.0,65.0,-22.0,-33.0,7.0,0.025,1e-05,0.025,1e-05,0.025,1e-05,0.0250000002715862,1.5362870311332062e-05,0.0250000001814272,1.1925459791568448e-05,0.0250000002386709,1.234918879045478e-05,3205958,387514,2133,387514,2133,0.1208730744445186,0.0006653237503423,0.1208730744445186,0.0006653237503423
04-06-2021,152.87,173.63,-4.0,0.0,48.0,-26.0,-33.0,9.0,0.025,1e-05,0.025,1e-05,0.0250000001745928,1.419113642763257e-05,0.0250000002807051,1.601539466867675e-05,0.0250000001710906,1.1868598207835447e-05,0.0250000002239179,1.2273060180112966e-05,3205958,387814,2137,387814,2137,0.1209666502181251,0.0006665714273237,0.1209666502181251,0.0006665714273237
04-07-2021,164.18,192.76,1.0,3.0,95.0,-20.0,-33.0,7.0,0.025,1e-05,0.025,1e-05,0.025,1e-05,0.025,1e-05,0.0250000001977736,1.2202172013353617e-05,0.0250000002464186,1.2587836289716164e-05,3205958,388426,2139,388426,2139,0.1211575447962824,0.0006671952658144,0.1211575447962824,0.0006671952658144
04-08-2021,174.28,203.96,0.0,2.0,96.0,-18.0,-33.0,7.0,0.025,1e-05,0.025,1e-05,0.025,1e-05,0.025,1e-05,0.0250000002225691,1.2517827385184314e-05,0.0250000002672767,1.2885350115120909e-05,3205958,388909,2149,388909,2149,0.1213082017917889,0.000670314458268,0.1213082017917889,0.000670314458268
04-09-2021,200.97,240.74,-4.0,1.0,82.0,-16.0,-34.0,7.0,0.025,1e-05,0.025,1e-05,0.025,1e-05,0.025,1e-05,0.025000000141122,1.1681170968546782e-05,0.0250000001820691,1.2030766389808022e-05,3205958,389353,2157,389353,2157,0.1214466939367265,0.0006728098122308,0.1214466939367265,0.0006728098122308
04-10-2021,199.12,245.69,-7.0,-2.0,100.0,-5.0,-13.0,1.0,0.025,1e-05,0.025,1e-05,0.025,1e-05,0.025,1e-05,0.0250000001641312,1.194143293605286e-05,0.0250000002014821,1.2273122486193044e-05,3205958,389760,2159,389760,2159,0.121573645069586,0.0006734336507215,0.121573645069586,0.0006734336507215
04-11-2021,123.37,131.66,8.0,6.0,84.0,-6.0,-17.0,1.0,0.025,1e-05,0.025,1e-05,0.025,1e-05,0.025,1e-05,0.025,1e-05,0.025,1e-05,3205958,390104,2159,390104,2159,0.1216809452899882,0.0006734336507215,0.1216809452899882,0.0006734336507215
04-12-2021,152.92,174.29,-2.0,2.0,68.0,-22.0,-25.0,6.0,0.025,1e-05,0.025,1e-05,0.025,1e-05,0.025,1e-05,0.025,1e-05,0.025,1e-05,3205958,390289,2159,390289,2159,0.1217386503503788,0.0006734336507215,0.1217386503503788,0.0006734336507215
04-13-2021,149.64,170.61,-6.0,0.0,65.0,-27.0,-27.0,7.0,0.025,1e-05,0.025,1e-05,0.025,1e-05,0.025,1e-05,0.025,1e-05,0.025,1e-05,3205958,390647,2161,390647,2161,0.121850317440216,0.0006740574892122,0.121850317440216,0.0006740574892122
04-14-2021,149.82,165.53,-5.0,-2.0,15.0,-26.0,-29.0,9.0,0.025,1e-05,0.025,1e-05,0.025,1e-05,0.025,1e-05,0.025,1e-05,0.025,1e-05,3205958,391177,2161,391177,2161,0.1220156346402541,0.0006740574892122,0.1220156346402541,0.0006740574892122
04-15-2021,158.98,176.96,-5.0,0.0,34.0,-21.0,-27.0,8.0,0.025,1e-05,0.025,1e-05,0.025,1e-05,0.025,1e-05,0.025,1e-05,0.025,1e-05,3205958,391633,2162,391633,2162,0.122157869816136,0.0006743694084576,0.122157869816136,0.0006743694084576
04-16-2021,191.44,224.74,-6.0,0.0,30.0,-20.0,-28.0,8.0,0.025,1e-05,0.025,1e-05,0.025,1e-05,0.025,1e-05,0.025,1e-05,0.025,1e-05,3205958,392096,2164,392096,2164,0.1223022884267354,0.0006749932469483,0.1223022884267354,0.0006749932469483
04-17-2021,204.3,250.73,-6.0,-1.0,92.0,-8.0,-12.0,1.0,0.025,1e-05,0.025,1e-05,0.025,1e-05,0.025,1e-05,0.025,1e-05,0.025,1e-05,3205958,392509,2164,392509,2164,0.1224311110750671,0.0006749932469483,0.1224311110750671,0.0006749932469483
04-18-2021,120.86,132.94,6.0,6.0,100.0,-8.0,-17.0,1.0,0.025,1e-05,0.025,1e-05,0.025,1e-05,0.025,1e-05,0.025,1e-05,0.025,1e-05,3205958,392757,2164,392757,2164,0.1225084670479151,0.0006749932469483,0.1225084670479151,0.0006749932469483
04-19-2021,147.61,165.81,-5.0,1.0,52.0,-23.0,-25.0,7.0,0.025,1e-05,0.025,1e-05,0.025,1e-05,0.025,1e-05,0.025,1e-05,0.025,1e-05,3205958,392957,2166,392957,2166,0.1225708508969861,0.000675617085439,0.1225708508969861,0.000675617085439
04-20-2021,154.7,176.77,-2.0,4.0,102.0,-24.0,-26.0,6.0,0.025,1e-05,0.025,1e-05,0.025,1e-05,0.025,1e-05,0.025,1e-05,0.025,1e-05,3205958,393272,2174,393272,2174,0.122669105459273,0.0006781124394018,0.122669105459273,0.0006781124394018
04-21-2021,158.21,175.55,-3.0,2.0,72.0,-22.0,-28.0,7.0,0.025,1e-05,0.025,1e-05,0.025,1e-05,0.025,1e-05,0.025,1e-05,0.025,1e-05,3205958,393862,2177,393862,2177,0.1228531378140325,0.0006790481971379,0.1228531378140325,0.0006790481971379
04-22-2021,174.36,196.05,-1.0,3.0,106.0,-16.0,-27.0,6.0,0.025,1e-05,0.025,1e-05,0.025,1e-05,0.025,1e-05,0.025,1e-05,0.025,1e-05,3205958,394334,2178,394334,2178,0.12300036369784,0.0006793601163833,0.12300036369784,0.0006793601163833
04-23-2021,207.99,243.55,-4.0,3.0,86.0,-17.0,-28.0,6.0,0.025,1e-05,0.025,1e-05,0.025,1e-05,0.025,1e-05,0.025,1e-05,0.025,1e-05,3205958,394678,2179,394678,2179,0.1231076639182422,0.0006796720356286,0.1231076639182422,0.0006796720356286
04-24-2021,206.33,244.24,-7.0,-2.0,98.0,-7.0,-13.0,1.0,0.025,1e-05,0.025,1e-05,0.025,1e-05,0.025,1e-05,0.025,1e-05,0.025,1e-05,3205958,395150,2180,395150,2180,0.1232548898020498,0.000679983954874,0.1232548898020498,0.000679983954874
04-25-2021,120.49,123.53,4.0,4.0,59.0,-7.0,-19.0,2.0,0.025,1e-05,0.025,1e-05,0.025,1e-05,0.025,1e-05,0.025,1e-05,0.025,1e-05,3205958,395431,2182,395431,2182,0.1233425391099945,0.0006806077933647,0.1233425391099945,0.0006806077933647
04-26-2021,143.61,154.57,-7.0,-1.0,0.0,-25.0,-26.0,8.0,0.025,1e-05,0.025,1e-05,0.025,1e-05,0.025,1e-05,0.025,1e-05,0.025,1e-05,3205958,395677,2183,395677,2183,0.1234192712443519,0.00068091971261,0.1234192712443519,0.00068091971261
04-27-2021,151.27,170.85,-5.0,2.0,67.0,-26.0,-27.0,7.0,0.025,1e-05,0.025,1e-05,0.025,1e-05,0.025,1e-05,0.025,1e-05,0.025,1e-05,3205958,396004,2186,396004,2186,0.123521268837583,0.0006818554703461,0.123521268837583,0.0006818554703461
04-28-2021,162.25,185.08,0.0,4.0,105.0,-20.0,-28.0,6.0,0.025,1e-05,0.025,1e-05,0.025,1e-05,0.025,1e-05,0.025,1e-05,0.025,1e-05,3205958,396522,2190,396522,2190,0.1236828430066769,0.0006831031473275,0.1236828430066769,0.0006831031473275
04-29-2021,178.08,202.99,0.0,5.0,118.0,-16.0,-27.0,6.0,0.025,1e-05,0.025,1e-05,0.025,1e-05,0.025,1e-05,0.025,1e-05,0.025,1e-05,3205958,396985,2197,396985,2197,0.1238272616172763,0.000685286582045,0.1238272616172763,0.000685286582045
04-30-2021,214.8,257.06,-1.0,8.0,104.0,-13.0,-29.0,5.0,0.025,1e-05,0.025,1e-05,0.025,1e-05,0.025,1e-05,0.025,1e-05,0.025,1e-05,3205958,397323,2202,397323,2202,0.1239326903222063,0.0006868461782718,0.1239326903222063,0.0006868461782718
05-01-2021,213.47,274.76,-6.0,2.0,119.0,0.0,-14.0,0.0,0.025,1e-05,0.025,1e-05,0.025,1e-05,0.025,1e-05,0.025,1e-05,0.025,1e-05,3205958,397733,2203,397733,2203,0.1240605772128019,0.0006871580975171,0.1240605772128019,0.0006871580975171
05-02-2021,125.28,140.29,8.0,8.0,89.0,-1.0,-17.0,1.0,0.025,1e-05,0.025,1e-05,0.025,1e-05,0.025,1e-05,0.025,1e-05,0.025,1e-05,3205958,398012,2204,398012,2204,0.1241476026822559,0.0006874700167625,0.1241476026822559,0.0006874700167625
05-03-2021,158.64,182.74,0.0,6.0,83.0,-19.0,-26.0,6.0,0.025,1e-05,0.025,1e-05,0.025,1e-05,0.025,1e-05,0.025,1e-05,0.025,1e-05,3205958,398240,2204,398240,2204,0.1242187202701969,0.0006874700167625,0.1242187202701969,0.0006874700167625
05-04-2021,161.96,191.23,0.0,7.0,121.0,-22.0,-27.0,6.0,0.025,1e-05,0.025,1e-05,0.025,1e-05,0.025,1e-05,0.025,1e-05,0.025,1e-05,3205958,398499,2217,398499,2217,0.1242995073547438,0.0006915249669521,0.1242995073547438,0.0006915249669521
05-05-2021,168.67,196.64,4.0,10.0,121.0,-16.0,-28.0,5.0,0.025,1e-05,0.025,1e-05,0.025,1e-05,0.025,1e-05,0.025,1e-05,0.025,1e-05,3205958,398979,2219,398979,2219,0.1244492285925143,0.0006921488054428,0.1244492285925143,0.0006921488054428
05-06-2021,184.74,214.41,2.0,8.0,121.0,-14.0,-27.0,5.0,0.025,1e-05,0.025,1e-05,0.025,1e-05,0.025,1e-05,0.025,1e-05,0.025,1e-05,3205958,399374,2219,399374,2219,0.1245724366944295,0.0006921488054428,0.1245724366944295,0.0006921488054428
05-07-2021,213.59,253.33,-1.0,9.0,81.0,-13.0,-29.0,5.0,0.025,1e-05,0.025,1e-05,0.025,1e-05,0.025,1e-05,0.025,1e-05,0.025,1e-05,3205958,399760,2223,399760,2223,0.1246928375231366,0.0006933964824242,0.1246928375231366,0.0006933964824242
05-08-2021,212.97,262.99,0.0,15.0,107.0,-1.0,-13.0,-1.0,0.025,1e-05,0.025,1e-05,0.025,1e-05,0.025,1e-05,0.025,1e-05,0.025,1e-05,3205958,400120,2223,400120,2223,0.1248051284514644,0.0006933964824242,0.1248051284514644,0.0006933964824242
05-09-2021,114.48,123.76,12.0,19.0,81.0,-2.0,-17.0,-2.0,0.025,1e-05,0.025,1e-05,0.025,1e-05,0.025,1e-05,0.025,1e-05,0.025,1e-05,3205958,400352,2224,400352,2224,0.1248774937163868,0.0006937084016696,0.1248774937163868,0.0006937084016696
05-10-2021,158.11,178.73,-2.0,4.0,74.0,-18.0,-26.0,6.0,0.025,1e-05,0.025,1e-05,0.025,1e-05,0.025,1e-05,0.025,1e-05,0.025,1e-05,3205958,400559,2225,400559,2225,0.1249420610001753,0.0006940203209149,0.1249420610001753,0.0006940203209149
05-11-2021,163.05,190.88,-3.0,7.0,122.0,-20.0,-27.0,6.0,0.025,1e-05,0.025,1e-05,0.025,1e-05,0.025,1e-05,0.025,1e-05,0.025,1e-05,3205958,400783,2236,400783,2236,0.1250119309111348,0.0006974514326139,0.1250119309111348,0.0006974514326139
05-12-2021,168.61,197.29,1.0,9.0,120.0,-15.0,-28.0,6.0,0.025,1e-05,0.025,1e-05,0.025,1e-05,0.025,1e-05,0.025,1e-05,0.025,1e-05,3205958,401251,2249,401251,2249,0.1251579091179609,0.0007015063828035,0.1251579091179609,0.0007015063828035
05-13-2021,180.61,208.02,1.0,9.0,124.0,-12.0,-27.0,5.0,0.025,1e-05,0.025,1e-05,0.025,1e-05,0.025,1e-05,0.025,1e-05,0.025,1e-05,3205958,401669,2255,401669,2255,0.1252882913625194,0.0007033778982756,0.1252882913625194,0.0007033778982756
05-14-2021,208.06,256.33,-3.0,8.0,105.0,-10.0,-30.0,5.0,0.025,1e-05,0.025,1e-05,0.025,1e-05,0.025,1e-05,0.025,1e-05,0.025,1e-05,3205958,402005,2256,402005,2256,0.1253930962289587,0.000703689817521,0.1253930962289587,0.000703689817521
05-15-2021,208.33,262.52,-6.0,5.0,131.0,3.0,-14.0,0.0,0.025,1e-05,0.025,1e-05,0.025,1e-05,0.025,1e-05,0.025,1e-05,0.025,1e-05,3205958,402325,2258,402325,2258,0.1254929103874723,0.0007043136560117,0.1254929103874723,0.0007043136560117
05-16-2021,131.95,140.8,6.0,8.0,87.0,2.0,-15.0,0.0,0.025,1e-05,0.025,1e-05,0.025,1e-05,0.025,1e-05,0.025,1e-05,0.025,1e-05,3205958,402567,2258,402567,2258,0.1255683948448482,0.0007043136560117,0.1255683948448482,0.0007043136560117
05-17-2021,164.59,190.54,0.0,7.0,90.0,-14.0,-25.0,5.0,0.025,1e-05,0.025,1e-05,0.025,1e-05,0.025,1e-05,0.025,1e-05,0.025,1e-05,3205958,402731,2259,402731,2259,0.1256195496010864,0.000704625575257,0.1256195496010864,0.000704625575257
05-18-2021,171.37,200.71,0.0,9.0,136.0,-17.0,-26.0,5.0,0.025,1e-05,0.025,1e-05,0.025,1e-05,0.025,1e-05,0.025,1e-05,0.025,1e-05,3205958,402988,2271,402988,2271,0.1256997128471427,0.0007083686062013,0.1256997128471427,0.0007083686062013
05-19-2021,173.71,204.45,2.0,9.0,125.0,-13.0,-27.0,5.0,0.025,1e-05,0.025,1e-05,0.025,1e-05,0.025,1e-05,0.025,1e-05,0.025,1e-05,3205958,403418,2275,403418,2275,0.1258338381226454,0.0007096162831827,0.1258338381226454,0.0007096162831827
05-20-2021,185.1,214.08,2.0,9.0,119.0,-12.0,-26.0,5.0,0.025,1e-05,0.025,1e-05,0.025,1e-05,0.025,1e-05,0.025,1e-05,0.025,1e-05,3205958,403684,2279,403684,2279,0.1259168086419098,0.0007108639601641,0.1259168086419098,0.0007108639601641
05-21-2021,211.8,243.15,-3.0,6.0,63.0,-12.0,-28.0,6.0,0.025,1e-05,0.025,1e-05,0.025,1e-05,0.025,1e-05,0.025,1e-05,0.025,1e-05,3205958,403984,2289,403984,2289,0.1260103844155163,0.0007139831526177,0.1260103844155163,0.0007139831526177
05-22-2021,213.49,263.29,-6.0,3.0,119.0,2.0,-11.0,0.0,0.025,1e-05,0.025,1e-05,0.025,1e-05,0.025,1e-05,0.025,1e-05,0.025,1e-05,3205958,404246,2290,404246,2290,0.1260921072577993,0.000714295071863,0.1260921072577993,0.000714295071863
05-23-2021,127.91,141.37,5.0,5.0,47.0,0.0,-14.0,1.0,0.025,1e-05,0.025,1e-05,0.025,1e-05,0.025,1e-05,0.025,1e-05,0.025,1e-05,3205958,404477,2290,404477,2290,0.1261641606034764,0.000714295071863,0.1261641606034764,0.000714295071863
05-24-2021,171.25,200.66,3.0,9.0,104.0,-14.0,-25.0,5.0,0.025,1e-05,0.025,1e-05,0.025,1e-05,0.025,1e-05,0.025,1e-05,0.025,1e-05,3205958,404625,2292,404625,2292,0.1262103246517889,0.0007149189103537,0.1262103246517889,0.0007149189103537
05-25-2021,179.09,212.77,3.0,9.0,135.0,-16.0,-26.0,5.0,0.025,1e-05,0.025,1e-05,0.025,1e-05,0.025,1e-05,0.025,1e-05,0.025,1e-05,3205958,404810,2292,404810,2292,0.1262680297121796,0.0007149189103537,0.1262680297121796,0.0007149189103537
05-26-2021,185.63,217.0,8.0,12.0,129.0,-10.0,-28.0,5.0,0.025,1e-05,0.025,1e-05,0.025,1e-05,0.025,1e-05,0.025,1e-05,0.025,1e-05,3205958,405078,2292,405078,2292,0.1263516240699348,0.0007149189103537,0.1263516240699348,0.0007149189103537
05-27-2021,200.14,234.71,8.0,15.0,135.0,-8.0,-29.0,5.0,0.025,1e-05,0.025,1e-05,0.025,1e-05,0.025,1e-05,0.025,1e-05,0.025,1e-05,3205958,405387,2294,405387,2294,0.1264480071167495,0.0007155427488444,0.1264480071167495,0.0007155427488444
05-28-2021,231.88,268.96,2.0,17.0,127.0,-3.0,-34.0,4.0,0.025,1e-05,0.025,1e-05,0.025,1e-05,0.025,1e-05,0.025,1e-05,0.025,1e-05,3205958,405659,2297,405659,2297,0.126532849151486,0.0007164785065805,0.126532849151486,0.0007164785065805
05-29-2021,203.37,253.73,-8.0,7.0,130.0,5.0,-16.0,-1.0,0.025,1e-05,0.025,1e-05,0.025,1e-05,0.025,1e-05,0.025,1e-05,0.025,1e-05,3205958,405851,2301,405851,2301,0.1265927376465942,0.0007177261835619,0.1265927376465942,0.0007177261835619
05-30-2021,145.44,169.1,11.0,17.0,171.0,-1.0,-18.0,-3.0,0.025,1e-05,0.025,1e-05,0.025,1e-05,0.025,1e-05,0.025,1e-05,0.025,1e-05,3205958,406027,2301,406027,2301,0.1266476354337767,0.0007177261835619,0.1266476354337767,0.0007177261835619
05-31-2021,173.71,184.61,7.0,18.0,195.0,-17.0,-76.0,11.0,0.025,1e-05,0.025,1e-05,0.025,1e-05,0.025,1e-05,0.025,1e-05,0.025,1e-05,3205958,406170,2302,406170,2302,0.1266922398858625,0.0007180381028073,0.1266922398858625,0.0007180381028073
06-01-2021,188.9,224.41,5.0,15.0,137.0,-11.0,-33.0,6.0,0.025,1e-05,0.025,1e-05,0.025,1e-05,0.025,1e-05,0.025,1e-05,0.025,1e-05,3205958,406282,2302,406282,2302,0.1267271748413422,0.0007180381028073,0.1267271748413422,0.0007180381028073
06-02-2021,189.34,231.73,7.0,15.0,135.0,-10.0,-33.0,6.0,0.025,1e-05,0.025,1e-05,0.025,1e-05,0.025,1e-05,0.025,1e-05,0.025,1e-05,3205958,406482,2305,406482,2305,0.1267895586904132,0.0007189738605434,0.1267895586904132,0.0007189738605434
06-03-2021,205.77,253.19,7.0,15.0,131.0,-10.0,-34.0,6.0,0.025,1e-05,0.025,1e-05,0.025,1e-05,0.025,1e-05,0.025,1e-05,0.025,1e-05,3205958,406825,2308,406825,2308,0.12689654699157,0.0007199096182794,0.12689654699157,0.0007199096182794
06-04-2021,227.61,289.22,-1.0,13.0,117.0,-9.0,-33.0,5.0,0.025,1e-05,0.025,1e-05,0.025,1e-05,0.025,1e-05,0.025,1e-05,0.025,1e-05,3205958,407113,2311,407113,2311,0.1269863797342323,0.0007208453760155,0.1269863797342323,0.0007208453760155
06-05-2021,218.08,290.61,-7.0,8.0,130.0,5.0,-10.0,-1.0,0.025,1e-05,0.025,1e-05,0.025,1e-05,0.025,1e-05,0.025,1e-05,0.025,1e-05,3205958,407419,2311,407419,2311,0.1270818270233109,0.0007208453760155,0.1270818270233109,0.0007208453760155
06-06-2021,142.2,178.1,10.0,15.0,132.0,7.0,-14.0,-1.0,0.025,1e-05,0.025,1e-05,0.025,1e-05,0.025,1e-05,0.025,1e-05,0.025,1e-05,3205958,407642,2311,407642,2311,0.1271513850150251,0.0007208453760155,0.1271513850150251,0.0007208453760155
06-07-2021,189.04,225.48,6.0,12.0,119.0,-11.0,-34.0,6.0,0.025,1e-05,0.025,1e-05,0.025,1e-05,0.025,1e-05,0.025,1e-05,0.025,1e-05,3205958,407816,2313,407816,2313,0.1272056589637169,0.0007214692145062,0.1272056589637169,0.0007214692145062
06-08-2021,191.8,235.15,5.0,12.0,143.0,-13.0,-35.0,6.0,0.025,1e-05,0.025,1e-05,0.025,1e-05,0.025,1e-05,0.025,1e-05,0.025,1e-05,3205958,408068,2316,408068,2316,0.1272842626135464,0.0007224049722423,0.1272842626135464,0.0007224049722423
06-09-2021,195.8,227.68,6.0,12.0,139.0,-10.0,-35.0,6.0,0.025,1e-05,0.025,1e-05,0.025,1e-05,0.025,1e-05,0.025,1e-05,0.025,1e-05,3205958,408428,2318,408428,2318,0.1273965535418742,0.000723028810733,0.1273965535418742,0.000723028810733
06-10-2021,206.79,239.65,5.0,10.0,131.0,-8.0,-35.0,6.0,0.025,1e-05,0.025,1e-05,0.025,1e-05,0.025,1e-05,0.025,1e-05,0.025,1e-05,3205958,408741,2319,408741,2319,0.1274941842656703,0.0007233407299783,0.1274941842656703,0.0007233407299783
06-11-2021,227.77,274.22,-2.0,11.0,137.0,-6.0,-36.0,5.0,0.025,1e-05,0.025,1e-05,0.025,1e-05,0.025,1e-05,0.025,1e-05,0.025,1e-05,3205958,409007,2319,409007,2319,0.1275771547849348,0.0007233407299783,0.1275771547849348,0.0007233407299783
06-12-2021,222.47,280.18,-9.0,7.0,148.0,7.0,-11.0,-1.0,0.025,1e-05,0.025,1e-05,0.025,1e-05,0.025,1e-05,0.025,1e-05,0.025,1e-05,3205958,409364,2323,409364,2323,0.1276885099555265,0.0007245884069597,0.1276885099555265,0.0007245884069597
06-13-2021,147.07,164.78,8.0,14.0,119.0,9.0,-14.0,-2.0,0.025,1e-05,0.025,1e-05,0.025,1e-05,0.025,1e-05,0.025,1e-05,0.025,1e-05,3205958,409558,2323,409558,2323,0.1277490222891254,0.0007245884069597,0.1277490222891254,0.0007245884069597
06-14-2021,194.93,231.55,5.0,13.0,109.0,-9.0,-34.0,6.0,0.025,1e-05,0.025,1e-05,0.025,1e-05,0.025,1e-05,0.025,1e-05,0.025,1e-05,3205958,409727,2323,409727,2323,0.1278017366415904,0.0007245884069597,0.1278017366415904,0.0007245884069597
06-15-2021,197.44,234.7,4.0,14.0,129.0,-11.0,-35.0,6.0,0.025,1e-05,0.025,1e-05,0.025,1e-05,0.025,1e-05,0.025,1e-05,0.025,1e-05,3205958,409964,2323,409964,2323,0.1278756615027395,0.0007245884069597,0.1278756615027395,0.0007245884069597
06-16-2021,205.06,241.63,7.0,11.0,126.0,-7.0,-36.0,6.0,0.025,1e-05,0.025,1e-05,0.025,1e-05,0.025,1e-05,0.025,1e-05,0.025,1e-05,3205958,410377,2324,410377,2324,0.1280044841510712,0.0007249003262051,0.1280044841510712,0.0007249003262051
06-17-2021,216.11,251.07,5.0,6.0,133.0,-7.0,-36.0,6.0,0.025,1e-05,0.025,1e-05,0.025,1e-05,0.025,1e-05,0.025,1e-05,0.025,1e-05,3205958,410746,2324,410746,2324,0.1281195823526072,0.0007249003262051,0.1281195823526072,0.0007249003262051
06-18-2021,243.63,288.72,0.0,6.0,122.0,-4.0,-37.0,5.0,0.025,1e-05,0.025,1e-05,0.025,1e-05,0.025,1e-05,0.025,1e-05,0.025,1e-05,3205958,411071,2326,411034,2326,0.1282209561073476,0.0007255241646958,0.1282094150952695,0.0007255241646958
06-19-2021,228.67,278.72,-6.0,7.0,136.0,8.0,-12.0,-2.0,0.025,1e-05,0.025,1e-05,0.025,1e-05,0.025,1e-05,0.025,1e-05,0.025,1e-05,3205958,411361,2328,411322,2328,0.1283114126885006,0.0007261480031865,0.1282992478379317,0.0007261480031865
06-20-2021,141.79,151.71,8.0,12.0,115.0,8.0,-16.0,-3.0,0.025,1e-05,0.025,1e-05,0.025,1e-05,0.025,1e-05,0.025,1e-05,0.025,1e-05,3205958,411610,2330,411610,2330,0.128389080580594,0.0007267718416772,0.128389080580594,0.0007267718416772
06-21-2021,195.33,232.39,5.0,2.0,114.0,-6.0,-35.0,6.0,0.025,1e-05,0.025,1e-05,0.025,1e-05,0.025,1e-05,0.025,1e-05,0.025,1e-05,3205958,411770,2330,411770,2330,0.1284389876598508,0.0007267718416772,0.1284389876598508,0.0007267718416772
06-22-2021,194.34,231.76,4.0,3.0,138.0,-10.0,-35.0,6.0,0.025,1e-05,0.025,1e-05,0.025,1e-05,0.025,1e-05,0.025,1e-05,0.025,1e-05,3205958,412019,2333,412019,2333,0.1285166555519442,0.0007277075994133,0.1285166555519442,0.0007277075994133
06-23-2021,201.62,232.59,6.0,3.0,134.0,-7.0,-36.0,6.0,0.025,1e-05,0.025,1e-05,0.025,1e-05,0.025,1e-05,0.025,1e-05,0.025,1e-05,3205958,412546,2336,412546,2336,0.1286810369942463,0.0007286433571494,0.1286810369942463,0.0007286433571494
06-24-2021,211.16,246.63,4.0,1.0,120.0,-5.0,-36.0,6.0,0.025,1e-05,0.025,1e-05,0.025,1e-05,0.025,1e-05,0.025,1e-05,0.025,1e-05,3205958,413008,2337,413008,2337,0.1288251436856003,0.0007289552763947,0.1288251436856003,0.0007289552763947
06-25-2021,245.65,289.71,-2.0,2.0,142.0,-5.0,-36.0,4.0,0.025,1e-05,0.025,1e-05,0.025,1e-05,0.025,1e-05,0.025,1e-05,0.025,1e-05,3205958,413317,2351,413317,2351,0.128921526732415,0.0007333221458297,0.128921526732415,0.0007333221458297
06-26-2021,226.93,285.74,-8.0,-2.0,163.0,8.0,-10.0,-2.0,0.025,1e-05,0.025,1e-05,0.025,1e-05,0.025,1e-05,0.025,1e-05,0.025,1e-05,3205958,413668,2355,413668,2355,0.1290310103875347,0.0007345698228111,0.1290310103875347,0.0007345698228111
06-27-2021,155.0,172.75,9.0,6.0,129.0,12.0,-13.0,-2.0,0.025,1e-05,0.025,1e-05,0.025,1e-05,0.025,1e-05,0.025,1e-05,0.025,1e-05,3205958,413950,2363,413950,2363,0.1291189716147248,0.0007370651767739,0.1291189716147248,0.0007370651767739
06-28-2021,196.7,228.77,5.0,4.0,114.0,-10.0,-35.0,2.0,0.025,1e-05,0.025,1e-05,0.025,1e-05,0.025,1e-05,0.025,1e-05,0.025,1e-05,3205958,414204,2365,414204,2365,0.129198199103045,0.0007376890152647,0.129198199103045,0.0007376890152647
06-29-2021,195.48,224.15,0.0,0.0,120.0,-13.0,-36.0,5.0,0.025,1e-05,0.025,1e-05,0.025,1e-05,0.025,1e-05,0.025,1e-05,0.025,1e-05,3205958,414565,2368,414565,2368,0.1293108019506182,0.0007386247730007,0.1293108019506182,0.0007386247730007
06-30-2021,201.53,229.7,7.0,6.0,125.0,-6.0,-35.0,6.0,0.025,1e-05,0.025,1e-05,0.025,1e-05,0.025,1e-05,0.025,1e-05,0.025,1e-05,3205958,415139,2371,415139,2371,0.129489843597452,0.0007395605307368,0.129489843597452,0.0007395605307368
07-01-2021,211.44,242.16,6.0,9.0,133.0,-4.0,-36.0,6.0,0.025,1e-05,0.025,1e-05,0.025,1e-05,0.025,1e-05,0.025,1e-05,0.025,1e-05,3205958,415679,2375,415679,2375,0.1296582799899437,0.0007408082077182,0.1296582799899437,0.0007408082077182
07-02-2021,231.8,262.95,0.0,12.0,131.0,-1.0,-38.0,5.0,0.025,1e-05,0.025,1e-05,0.025,1e-05,0.025,1e-05,0.025,1e-05,0.025,1e-05,3205958,416110,2378,416110,2378,0.1297927171846917,0.0007417439654543,0.1297927171846917,0.0007417439654543
07-03-2021,202.87,271.3,-11.0,8.0,199.0,9.0,-16.0,-2.0,0.025,1e-05,0.025,1e-05,0.025,1e-05,0.025,1e-05,0.025,1e-05,0.025,1e-05,3205958,416110,2378,416397,2379,0.1297927171846917,0.0007417439654543,0.1298822380081086,0.0007420558846996
07-04-2021,138.43,169.51,-3.0,10.0,147.0,-6.0,-21.0,-3.0,0.025,1e-05,0.025,1e-05,0.025,1e-05,0.025,1e-05,0.025,1e-05,0.025,1e-05,3205958,416110,2378,416684,2380,0.1297927171846917,0.0007417439654543,0.1299717588315255,0.000742367803945
07-05-2021,181.69,216.8,10.0,8.0,190.0,-14.0,-72.0,12.0,0.025,1e-05,0.025,1e-05,0.025,1e-05,0.025,1e-05,0.025,1e-05,0.025,1e-05,3205958,416110,2378,416971,2381,0.1297927171846917,0.0007417439654543,0.1300612796549424,0.0007426797231903
07-06-2021,197.71,231.9,3.0,6.0,122.0,-9.0,-36.0,6.0,0.025,1e-05,0.025,1e-05,0.025,1e-05,0.025,1e-05,0.025,1e-05,0.025,1e-05,3205958,417259,2385,417259,2385,0.1301511123976047,0.0007439274001718,0.1301511123976047,0.0007439274001718
07-07-2021,201.05,233.97,5.0,6.0,116.0,-7.0,-36.0,6.0,0.025,1e-05,0.025,1e-05,0.025,1e-05,0.025,1e-05,0.025,1e-05,0.025,1e-05,3205958,417653,2387,417653,2387,0.1302740085802746,0.0007445512386625,0.1302740085802746,0.0007445512386625
07-08-2021,210.94,241.3,4.0,4.0,116.0,-6.0,-36.0,6.0,0.025,1e-05,0.025,1e-05,0.025,1e-05,0.025,1e-05,0.025,1e-05,0.025,1e-05,3205958,418321,2389,418321,2389,0.1304823706361717,0.0007451750771532,0.1304823706361717,0.0007451750771532
07-09-2021,228.19,264.57,-2.0,3.0,117.0,-5.0,-34.0,5.0,0.025,1e-05,0.025,1e-05,0.025,1e-05,0.025,1e-05,0.025,1e-05,0.025,1e-05,3205958,418976,2393,418976,2393,0.1306866777418793,0.0007464227541346,0.1306866777418793,0.0007464227541346
07-10-2021,216.05,263.61,-9.0,-1.0,131.0,9.0,-9.0,-1.0,0.025,1e-05,0.025,1e-05,0.025,1e-05,0.025,1e-05,0.025,1e-05,0.025,1e-05,3205958,418976,2393,419388,2395,0.1306866777418793,0.0007464227541346,0.1308151884709656,0.0007470465926253
07-11-2021,147.66,161.16,6.0,6.0,96.0,8.0,-13.0,-1.0,0.025,1e-05,0.025,1e-05,0.025,1e-05,0.025,1e-05,0.025,1e-05,0.025,1e-05,3205958,418976,2393,419800,2397,0.1306866777418793,0.0007464227541346,0.1309436992000519,0.000747670431116
07-12-2021,196.35,229.63,4.0,5.0,95.0,-9.0,-34.0,6.0,0.025,1e-05,0.025,1e-05,0.025,1e-05,0.025,1e-05,0.025,1e-05,0.025,1e-05,3205958,420214,2399,420214,2399,0.1310728337676289,0.0007482942696067,0.1310728337676289,0.0007482942696067
07-13-2021,192.04,222.21,4.0,4.0,117.0,-12.0,-35.0,6.0,0.025,1e-05,0.025,1e-05,0.025,1e-05,0.025,1e-05,0.025,1e-05,0.025,1e-05,3205958,420685,2402,420685,2402,0.1312197477321911,0.0007492300273428,0.1312197477321911,0.0007492300273428
07-14-2021,198.79,235.15,6.0,6.0,117.0,-8.0,-35.0,6.0,0.025,1e-05,0.025,1e-05,0.025,1e-05,0.025,1e-05,0.025,1e-05,0.025,1e-05,3205958,421257,2406,421257,2406,0.1313981655405342,0.0007504777043242,0.1313981655405342,0.0007504777043242
07-15-2021,206.61,240.65,6.0,6.0,119.0,-4.0,-35.0,6.0,0.025,1e-05,0.025,1e-05,0.025,1e-05,0.025,1e-05,0.025,1e-05,0.025,1e-05,3205958,421950,2410,421950,2410,0.1316143255775652,0.0007517253813056,0.1316143255775652,0.0007517253813056
07-16-2021,229.46,276.55,-1.0,5.0,119.0,-3.0,-35.0,5.0,0.025,1e-05,0.025,1e-05,0.025,1e-05,0.025,1e-05,0.025,1e-05,0.025,1e-05,3205958,422619,2413,422619,2413,0.1318229995527078,0.0007526611390417,0.1318229995527078,0.0007526611390417
07-17-2021,231.45,309.39,-5.0,2.0,133.0,18.0,-10.0,-2.0,0.025,1e-05,0.025,1e-05,0.025,1e-05,0.025,1e-05,0.025,1e-05,0.025,1e-05,3205958,422619,2413,423136,2414,0.1318229995527078,0.0007526611390417,0.1319842618025563,0.0007529730582871
07-18-2021,156.48,172.48,10.0,7.0,112.0,9.0,-13.0,-2.0,0.025,1e-05,0.025,1e-05,0.025,1e-05,0.025,1e-05,0.025,1e-05,0.025,1e-05,3205958,422619,2413,423653,2415,0.1318229995527078,0.0007526611390417,0.1321455240524049,0.0007532849775324
07-19-2021,192.56,226.09,5.0,5.0,97.0,-7.0,-34.0,6.0,0.025,1e-05,0.025,1e-05,0.025,1e-05,0.025,1e-05,0.025,1e-05,0.025,1e-05,3205958,424171,2416,424171,2416,0.1323070982214988,0.0007535968967778,0.1323070982214988,0.0007535968967778
07-20-2021,195.57,228.51,5.0,6.0,123.0,-10.0,-34.0,6.0,0.025,1e-05,0.025,1e-05,0.025,1e-05,0.025,1e-05,0.025,1e-05,0.025,1e-05,3205958,424730,2420,424730,2420,0.1324814610796523,0.0007548445737592,0.1324814610796523,0.0007548445737592
07-21-2021,200.51,230.99,7.0,6.0,116.0,-7.0,-35.0,6.0,0.025,1e-05,0.025,1e-05,0.025,1e-05,0.025,1e-05,0.025,1e-05,0.025,1e-05,3205958,425603,2424,425603,2424,0.1327537665808472,0.0007560922507406,0.1327537665808472,0.0007560922507406
07-22-2021,210.57,239.72,6.0,7.0,107.0,-4.0,-36.0,6.0,0.025,1e-05,0.025,1e-05,0.025,1e-05,0.025,1e-05,0.025,1e-05,0.025,1e-05,3205958,426418,2425,426418,2425,0.1330079807658116,0.000756404169986,0.1330079807658116,0.000756404169986
07-23-2021,221.83,270.91,-1.0,7.0,131.0,-6.0,-47.0,7.0,0.025,1e-05,0.025,1e-05,0.025,1e-05,0.025,1e-05,0.025,1e-05,0.025,1e-05,3205958,426418,2425,426985,2427,0.1330079807658116,0.000756404169986,0.1331848389779279,0.0007570280084767
07-24-2021,197.02,257.32,-14.0,-1.0,151.0,7.0,-17.0,0.0,0.025,1e-05,0.025,1e-05,0.025,1e-05,0.025,1e-05,0.025,1e-05,0.025,1e-05,3205958,426418,2425,427552,2429,0.1330079807658116,0.000756404169986,0.1333616971900443,0.0007576518469674
07-25-2021,147.38,158.28,5.0,4.0,98.0,9.0,-12.0,-2.0,0.025,1e-05,0.025,1e-05,0.025,1e-05,0.025,1e-05,0.025,1e-05,0.025,1e-05,3205958,426418,2425,428119,2431,0.1330079807658116,0.000756404169986,0.1335385554021606,0.0007582756854581
07-26-2021,191.58,216.65,4.0,6.0,90.0,-8.0,-35.0,6.0,0.025,1e-05,0.025,1e-05,0.025,1e-05,0.025,1e-05,0.025,1e-05,0.025,1e-05,3205958,428687,2434,428687,2434,0.1337157255335222,0.0007592114431942,0.1337157255335222,0.0007592114431942
07-27-2021,187.91,221.54,3.0,6.0,119.0,-10.0,-34.0,6.0,0.025,1e-05,0.025,1e-05,0.025,1e-05,0.025,1e-05,0.025,1e-05,0.025,1e-05,3205958,429300,2441,429300,2441,0.1339069320309249,0.0007613948779116,0.1339069320309249,0.0007613948779116
07-28-2021,193.23,222.98,4.0,6.0,106.0,-7.0,-34.0,6.0,0.025,1e-05,0.025,1e-05,0.025,1e-05,0.025,1e-05,0.025,1e-05,0.025,1e-05,3205958,430143,2447,430143,2447,0.1341698799547592,0.0007632663933838,0.1341698799547592,0.0007632663933838
07-29-2021,202.18,239.82,3.0,5.0,113.0,-6.0,-35.0,6.0,0.025,1e-05,0.025,1e-05,0.025,1e-05,0.025,1e-05,0.025,1e-05,0.025,1e-05,3205958,431256,2450,431256,2450,0.1345170460748394,0.0007642021511198,0.1345170460748394,0.0007642021511198
07-30-2021,220.46,263.08,-2.0,4.0,101.0,-6.0,-34.0,5.0,0.025,1e-05,0.025,1e-05,0.025,1e-05,0.025,1e-05,0.025,1e-05,0.025,1e-05,3205958,432467,2451,432467,2451,0.1348947802809643,0.0007645140703652,0.1348947802809643,0.0007645140703652
07-31-2021,213.27,264.51,-8.0,0.0,102.0,7.0,-8.0,0.0,0.025,1e-05,0.025,1e-05,0.025,1e-05,0.025,1e-05,0.025,1e-05,0.025,1e-05,3205958,432467,2451,433215,2456,0.1348947802809643,0.0007645140703652,0.1351280958764899,0.000766073666592
08-01-2021,143.07,153.95,6.0,4.0,85.0,6.0,-12.0,-1.0,0.025,1e-05,0.025,1e-05,0.025,1e-05,0.025,1e-05,0.025,1e-05,0.025,1e-05,3205958,432467,2451,433963,2461,0.1348947802809643,0.0007645140703652,0.1353614114720155,0.0007676332628187
08-02-2021,185.25,216.47,5.0,6.0,83.0,-10.0,-34.0,6.0,0.025,1e-05,0.025,1e-05,0.025,1e-05,0.025,1e-05,0.025,1e-05,0.025,1e-05,3205958,434711,2466,434711,2466,0.1355947270675411,0.0007691928590455,0.1355947270675411,0.0007691928590455
08-03-2021,190.91,224.53,4.0,6.0,127.0,-12.0,-34.0,6.0,0.025,1e-05,0.025,1e-05,0.025,1e-05,0.025,1e-05,0.025,1e-05,0.025,1e-05,3205958,435439,2471,435439,2471,0.1358218042781596,0.0007707524552723,0.1358218042781596,0.0007707524552723
08-04-2021,194.07,229.29,5.0,6.0,114.0,-9.0,-35.0,6.0,0.025,1e-05,0.025,1e-05,0.025,1e-05,0.025,1e-05,0.025,1e-05,0.025,1e-05,3205958,436489,2479,436489,2479,0.1361493194857824,0.0007732478092351,0.1361493194857824,0.0007732478092351
08-05-2021,207.42,254.53,4.0,7.0,116.0,-8.0,-35.0,6.0,0.025,1e-05,0.025,1e-05,0.025,1e-05,0.025,1e-05,0.025,1e-05,0.025,1e-05,3205958,437585,2486,437585,2486,0.1364911829786915,0.0007754312439526,0.1364911829786915,0.0007754312439526
08-06-2021,223.58,278.87,-3.0,3.0,89.0,-6.0,-35.0,5.0,0.025,1e-05,0.025,1e-05,0.025,1e-05,0.025,1e-05,0.025,1e-05,0.025,1e-05,3205958,438479,2494,438479,2494,0.1367700387840389,0.0007779265979155,0.1367700387840389,0.0007779265979155
08-07-2021,212.89,281.37,-8.0,-1.0,101.0,9.0,-9.0,-1.0,0.025,1e-05,0.025,1e-05,0.025,1e-05,0.025,1e-05,0.025,1e-05,0.025,1e-05,3205958,438479,2494,439151,2497,0.1367700387840389,0.0007779265979155,0.1369796485169175,0.0007788623556515
08-08-2021,142.13,163.66,6.0,5.0,81.0,6.0,-12.0,-1.0,0.025,1e-05,0.025,1e-05,0.025,1e-05,0.025,1e-05,0.025,1e-05,0.025,1e-05,3205958,438479,2494,439823,2500,0.1367700387840389,0.0007779265979155,0.1371892582497961,0.0007797981133876
08-09-2021,184.27,217.3,4.0,4.0,87.0,-11.0,-33.0,6.0,0.025,1e-05,0.025,1e-05,0.025,1e-05,0.025,1e-05,0.025,1e-05,0.025,1e-05,3205958,440497,2503,440497,2503,0.1373994918211654,0.0007807338711237,0.1373994918211654,0.0007807338711237
08-10-2021,187.47,221.3,3.0,5.0,111.0,-13.0,-34.0,6.0,0.025,1e-05,0.025,1e-05,0.025,1e-05,0.025,1e-05,0.025,1e-05,0.025,1e-05,3205958,441131,2511,441131,2511,0.1375972486227205,0.0007832292250865,0.1375972486227205,0.0007832292250865
08-11-2021,194.5,227.34,5.0,6.0,109.0,-10.0,-35.0,5.0,0.025,1e-05,0.025,1e-05,0.025,1e-05,0.025,1e-05,0.025,1e-05,0.025,1e-05,3205958,442245,2518,442245,2518,0.1379447266620461,0.000785412659804,0.1379447266620461,0.000785412659804
08-12-2021,209.67,246.43,5.0,6.0,113.0,-6.0,-35.0,5.0,0.025,1e-05,0.025,1e-05,0.025,1e-05,0.025,1e-05,0.025,1e-05,0.025,1e-05,3205958,443488,2521,443488,2521,0.1383324422840224,0.00078634841754,0.1383324422840224,0.00078634841754
08-13-2021,231.41,278.54,0.0,5.0,104.0,-5.0,-35.0,4.0,0.025,1e-05,0.025,1e-05,0.025,1e-05,0.025,1e-05,0.025,1e-05,0.025,1e-05,3205958,444385,2525,444385,2525,0.1386122338471059,0.0007875960945215,0.1386122338471059,0.0007875960945215
08-14-2021,223.15,277.67,-6.0,0.0,119.0,6.0,-9.0,-1.0,0.025,1e-05,0.025,1e-05,0.025,1e-05,0.025,1e-05,0.025,1e-05,0.025,1e-05,3205958,444385,2525,445192,2529,0.1386122338471059,0.0007875960945215,0.1388639526781074,0.0007888437715029
08-15-2021,141.97,159.24,9.0,6.0,81.0,8.0,-12.0,-1.0,0.025,1e-05,0.025,1e-05,0.025,1e-05,0.025,1e-05,0.025,1e-05,0.025,1e-05,3205958,444385,2525,445999,2533,0.1386122338471059,0.0007875960945215,0.1391156715091089,0.0007900914484843
08-16-2021,185.97,227.11,6.0,7.0,69.0,-8.0,-34.0,5.0,0.025,1e-05,0.025,1e-05,0.025,1e-05,0.025,1e-05,0.025,1e-05,0.025,1e-05,3205958,446808,2537,446808,2537,0.1393680141786012,0.0007913391254657,0.1393680141786012,0.0007913391254657
08-17-2021,186.21,223.08,2.0,4.0,75.0,-13.0,-34.0,6.0,0.025,1e-05,0.025,1e-05,0.025,1e-05,0.025,1e-05,0.025,1e-05,0.025,1e-05,3205958,447771,2537,447771,2537,0.1396683924118781,0.0007913391254657,0.1396683924118781,0.0007913391254657
08-18-2021,181.87,212.45,0.0,1.0,22.0,-13.0,-33.0,8.0,0.025,1e-05,0.025,1e-05,0.025,1e-05,0.025,1e-05,0.025,1e-05,0.025,1e-05,3205958,449259,2549,449259,2549,0.1401325282489664,0.00079508215641,0.1401325282489664,0.00079508215641
08-19-2021,191.44,232.76,0.0,2.0,47.0,-10.0,-33.0,7.0,0.025,1e-05,0.025,1e-05,0.025,1e-05,0.025,1e-05,0.025,1e-05,0.025,1e-05,3205958,450539,2563,450539,2563,0.1405317848830209,0.000799449025845,0.1405317848830209,0.000799449025845
08-20-2021,223.98,298.07,-2.0,2.0,100.0,-6.0,-31.0,4.0,0.025,1e-05,0.025,1e-05,0.025,1e-05,0.025,1e-05,0.025,1e-05,0.025,1e-05,3205958,451655,2572,451655,2572,0.1408798867608371,0.0008022562990532,0.1408798867608371,0.0008022562990532
08-21-2021,214.28,282.49,-8.0,-3.0,98.0,2.0,-8.0,1.0,0.025,1e-05,0.025,1e-05,0.025,1e-05,0.025,1e-05,0.025,1e-05,0.025,1e-05,3205958,451655,2572,452561,2576,0.1408798867608371,0.0008022562990532,0.1411624855971288,0.0008035039760346
08-22-2021,137.82,178.12,7.0,4.0,90.0,4.0,-11.0,0.0,0.025,1e-05,0.025,1e-05,0.025,1e-05,0.025,1e-05,0.025,1e-05,0.025,1e-05,3205958,451655,2572,453467,2580,0.1408798867608371,0.0008022562990532,0.1414450844334205,0.000804751653016
08-23-2021,198.72,280.59,2.0,4.0,86.0,-10.0,-32.0,4.0,0.025,1e-05,0.025,1e-05,0.025,1e-05,0.025,1e-05,0.025,1e-05,0.025,1e-05,3205958,454373,2584,454373,2584,0.1417276832697122,0.0008059993299974,0.1417276832697122,0.0008059993299974
08-24-2021,190.57,270.78,1.0,3.0,109.0,-13.0,-32.0,5.0,0.025,1e-05,0.025,1e-05,0.025,1e-05,0.025,1e-05,0.025,1e-05,0.025,1e-05,3205958,455513,2593,455513,2593,0.1420832712094169,0.0008088066032056,0.1420832712094169,0.0008088066032056
08-25-2021,192.26,266.07,2.0,4.0,103.0,-9.0,-32.0,5.0,0.025,1e-05,0.025,1e-05,0.025,1e-05,0.025,1e-05,0.025,1e-05,0.025,1e-05,3205958,457098,2605,457098,2605,0.1425776632133047,0.0008125496341499,0.1425776632133047,0.0008125496341499
08-26-2021,197.39,277.88,0.0,2.0,103.0,-6.0,-32.0,5.0,0.025,1e-05,0.025,1e-05,0.025,1e-05,0.025,1e-05,0.025,1e-05,0.025,1e-05,3205958,458589,2615,458589,2615,0.1430427348081291,0.0008156688266034,0.1430427348081291,0.0008156688266034
08-27-2021,227.16,315.61,-3.0,2.0,99.0,-7.0,-30.0,4.0,0.025,1e-05,0.025,1e-05,0.025,1e-05,0.025,1e-05,0.025,1e-05,0.025,1e-05,3205958,459875,2623,459875,2623,0.1434438629576557,0.0008181641805663,0.1434438629576557,0.0008181641805663
08-28-2021,223.02,316.92,-7.0,0.0,130.0,2.0,-8.0,0.0,0.025,1e-05,0.025,1e-05,0.025,1e-05,0.025,1e-05,0.025,1e-05,0.025,1e-05,3205958,459875,2623,460984,2624,0.1434438629576557,0.0008181641805663,0.1437897814007544,0.0008184760998116
08-29-2021,133.35,182.16,5.0,4.0,88.0,2.0,-12.0,0.0,0.025,1e-05,0.025,1e-05,0.0250000001981156,1.4093405226186543e-05,0.0250000001698198,1.3470536036031604e-05,0.025,1e-05,0.025,1e-05,3205958,459875,2623,462093,2625,0.1434438629576557,0.0008181641805663,0.1441356998438532,0.000818788019057
08-30-2021,177.87,282.56,-1.0,4.0,80.0,-12.0,-30.0,5.0,0.025,1e-05,0.025,1e-05,0.0250000002455658,1.5346665187974068e-05,0.025000000182965,1.389784762687507e-05,0.025,1e-05,0.025,1e-05,3205958,463204,2628,463204,2628,0.1444822421254427,0.000819723776793,0.1444822421254427,0.000819723776793
08-31-2021,178.01,261.87,-1.0,5.0,100.0,-14.0,-30.0,5.0,0.025,1e-05,0.025,1e-05,0.0250000001833091,1.4022007235053982e-05,0.0250000001905959,1.4223786307445153e-05,0.0250000000504364,1.0573452308086046e-05,0.025,1e-05,3205958,464422,2634,464422,2634,0.1448621597662851,0.0008215952922652,0.1448621597662851,0.0008215952922652
